name,copies,lists,status,oracle_first_80
"Path to Exile",794,794,partial,"Exile target creature. Its controller may search their library for a basic land "
"Roaming Throne",333,333,partial,"Ward {2} As this creature enters, choose a creature type. This creature is the c"
"Teferi's Protection",299,299,partial,"Until your next turn, your life total can't change and you gain protection from "
"Sheoldred, the Apocalypse",256,256,partial,"Deathtouch Whenever you draw a card, you gain 2 life. Whenever an opponent draws"
"Deflecting Swat",254,254,partial,"If you control a commander, you may cast this spell without paying its mana cost"
"Bloom Tender",238,238,partial,"Vivid — {T}: For each color among permanents you control, add one mana of that c"
"Hexing Squelcher",235,235,partial,"This spell can't be countered. Ward—Pay 2 life. Spells you control can't be coun"
"Authority of the Consuls",220,220,partial,"Creatures your opponents control enter tapped. Whenever a creature an opponent c"
"Shadowspear",217,217,partial,"Equipped creature gets +1/+1 and has trample and lifelink. {1}: Permanents your "
"Hullbreaker Horror",196,196,partial,"Flash This spell can't be countered. Whenever you cast a spell, choose up to one"
"Herald's Horn",182,182,partial,"As this artifact enters, choose a creature type. Creature spells you cast of the"
"Vandalblast",172,172,partial,"Destroy target artifact you don't control. Overload {4}{R} (You may cast this sp"
"Austere Command",169,169,partial,"Choose two — • Destroy all artifacts. • Destroy all enchantments. • Destroy all "
"Aetherize",169,169,partial,"Return all attacking creatures to their owner's hand."
"Akroma's Will",169,169,partial,"Choose one. If you control a commander as you cast this spell, you may choose bo"
"Bender's Waterskin",163,163,partial,"Untap this artifact during each other player's untap step. {T}: Add one mana of "
"Solitude",155,155,partial,"Flash Lifelink When this creature enters, exile up to one other target creature."
"The Ozolith",151,151,partial,"Whenever a creature you control leaves the battlefield, if it had counters on it"
"Solar Transformer",149,149,partial,"This artifact enters tapped. When this artifact enters, you get {E}{E}{E} (three"
"Dauthi Voidwalker",144,144,partial,"Shadow (This creature can block or be blocked by only creatures with shadow.) If"
"Unable to Scream",143,143,partial,"Enchant creature Enchanted creature loses all abilities and is a Toy artifact cr"
"Dryad of the Ilysian Grove",136,136,partial,"You may play an additional land on each of your turns. Lands you control are eve"
"Animate Dead",136,136,partial,"Enchant creature card in a graveyard When this Aura enters, if it's on the battl"
"Fury",136,136,partial,"Double strike When this creature enters, it deals 4 damage divided as you choose"
"Rhythm of the Wild",134,134,partial,"Creature spells you control can't be countered. Nontoken creatures you control h"
"Subtlety",132,132,partial,"Flash Flying When this creature enters, choose up to one target creature spell o"
"Oracle of Mul Daya",131,131,partial,"You may play an additional land on each of your turns. Play with the top card of"
"Emry, Lurker of the Loch",131,131,partial,"Affinity for artifacts (This spell costs {1} less to cast for each artifact you "
"River's Rebuke",130,130,partial,"Return all nonland permanents target player controls to their owner's hand."
"Kami of Bamboo Groves",130,130,partial,"When Kami of Bamboo Groves enters the battlefield, you may put a land card from "
"Midnight Clock",129,129,partial,"{T}: Add {U}. {2}{U}: Put an hour counter on this artifact. At the beginning of "
"Uro, Titan of Nature's Wrath",129,129,partial,"When Uro enters, sacrifice it unless it escaped. Whenever Uro enters or attacks,"
"The Irencrag",129,129,partial,"{T}: Add {C}. Whenever a legendary creature you control enters, you may have The"
"Lórien Revealed",128,128,partial,"Draw three cards. Islandcycling {1} ({1}, Discard this card: Search your library"
"Terror of the Peaks",127,127,partial,"Flying Spells your opponents cast that target this creature cost an additional 3"
"Nazgûl",127,18,partial,"Deathtouch When this creature enters, the Ring tempts you. Whenever the Ring tem"
"Urza's Incubator",126,126,partial,"As this artifact enters, choose a creature type. Creature spells of the chosen t"
"Rise of the Dark Realms",125,125,partial,"Put all creature cards from all graveyards onto the battlefield under your contr"
"Return the Favor",125,125,partial,"Spree (Choose one or more additional costs.) + {1} — Copy target instant spell, "
"Palantír of Orthanc",123,123,partial,"At the beginning of your end step, put an influence counter on Palantír of Ortha"
"Birgi, God of Storytelling // Harnfel, Horn of Bounty",123,123,partial,"Whenever you cast a spell, add {R}. Until end of turn, you don't lose this mana "
"Beseech the Mirror",122,122,partial,"Bargain (You may sacrifice an artifact, enchantment, or token as you cast this s"
"Ugin, Eye of the Storms",122,122,partial,"When you cast this spell, exile up to one target permanent that's one or more co"
"Cursed Mirror",118,118,partial,"{T}: Add {R}. As this artifact enters, you may have it become a copy of any crea"
"Guardian Idol",118,118,partial,"This artifact enters tapped. {T}: Add {C}. {2}: This artifact becomes a 2/2 Gole"
"Plaguecrafter",117,117,partial,"When this creature enters, each player sacrifices a creature or planeswalker of "
"Summon: Bahamut",116,116,partial,"(As this Saga enters and after your draw step, add a lore counter. Sacrifice aft"
"Tezzeret, Cruel Captain",116,116,partial,"Whenever an artifact you control enters, put a loyalty counter on Tezzeret. 0: U"
"Ulamog, the Ceaseless Hunger",115,115,partial,"When you cast this spell, exile two target permanents. Indestructible Whenever U"
"Incubation Druid",113,113,partial,"{T}: Add one mana of any type that a land you control could produce. If this cre"
"Toski, Bearer of Secrets",111,111,partial,"This spell can't be countered. Indestructible Toski attacks each combat if able."
"Opposition Agent",110,110,partial,"Flash You control your opponents while they're searching their libraries. While "
"Skrelv, Defector Mite",110,110,partial,"Toxic 1 (Players dealt combat damage by this creature also get a poison counter."
"Breach the Multiverse",110,110,partial,"Each player mills ten cards. For each player, choose a creature or planeswalker "
"Conduit of Worlds",108,108,partial,"You may play lands from your graveyard. {T}: Choose target nonland permanent car"
"Six",108,108,partial,"Reach Whenever Six attacks, mill three cards. You may put a land card from among"
"Brazen Borrower // Petty Theft",106,106,partial,"Flash Flying This creature can block only creatures with flying. // Return targe"
"Saw in Half",105,105,partial,"Destroy target creature. If that creature dies this way, its controller creates "
"Imprisoned in the Moon",104,104,partial,"Enchant creature, land, or planeswalker Enchanted permanent is a colorless land "
"Cryptic Command",102,102,partial,"Choose two — • Counter target spell. • Return target permanent to its owner's ha"
"Reality Shift",101,101,partial,"Exile target creature. Its controller manifests the top card of their library. ("
"Damn",101,101,partial,"Destroy target creature. A creature destroyed this way can't be regenerated. Ove"
"Necromancy",101,101,partial,"You may cast this spell as though it had flash. If you cast it any time a sorcer"
"Elesh Norn, Mother of Machines",99,99,partial,"Vigilance If a permanent entering causes a triggered ability of a permanent you "
"Heraldic Banner",98,98,partial,"As this artifact enters, choose a color. Creatures you control of the chosen col"
"Cloud Key",98,98,partial,"As this artifact enters, choose artifact, creature, enchantment, instant, or sor"
"Clever Concealment",96,96,partial,"Convoke (Your creatures can help cast this spell. Each creature you tap while ca"
"Malcolm, Alluring Scoundrel",96,96,partial,"Flash Flying Whenever Malcolm deals combat damage to a player, put a chorus coun"
"Allosaurus Shepherd",95,95,partial,"This spell can't be countered. Green spells you control can't be countered. {4}{"
"Patriar's Humiliation",95,95,partial,"Target creature perpetually loses all abilities, then Patriar's Humiliation deal"
"Maskwood Nexus",94,94,partial,"Creatures you control are every creature type. The same is true for creature spe"
"Valgavoth, Terror Eater",94,94,partial,"Flying, lifelink Ward—Sacrifice three nonland permanents. If a card you didn't c"
"Unstoppable Slasher",93,93,partial,"Deathtouch Whenever this creature deals combat damage to a player, they lose hal"
"Narset, Parter of Veils",92,92,partial,"Each opponent can't draw more than one card each turn. −2: Look at the top four "
"Key to the Archive",92,92,partial,"This artifact enters tapped. When this artifact enters, draft a card from this a"
"Noxious Revival",91,91,partial,"({G/P} can be paid with either {G} or 2 life.) Put target card from a graveyard "
"Metallic Mimic",91,91,partial,"As this creature enters, choose a creature type. This creature is the chosen typ"
"Barrowgoyf",91,91,partial,"Deathtouch, lifelink Barrowgoyf's power is equal to the number of card types amo"
"Ghalta, Stampede Tyrant",90,90,partial,"Trample When Ghalta enters, put any number of creature cards from your hand onto"
"Liliana of the Veil",90,90,partial,"+1: Each player discards a card. −2: Target player sacrifices a creature. −6: Se"
"Grief",88,88,partial,"Menace When this creature enters, target opponent reveals their hand. You choose"
"The Wandering Emperor",88,88,partial,"Flash As long as The Wandering Emperor entered this turn, you may activate her l"
"Forensic Gadgeteer",87,87,partial,"Whenever you cast an artifact spell, investigate. (Create a Clue token. It's an "
"Bloodletter of Aclazotz",86,86,partial,"Flying If an opponent would lose life during your turn, they lose twice that muc"
"Chain Lightning",86,86,partial,"Chain Lightning deals 3 damage to any target. Then that player or that permanent"
"Torment of Hailfire",85,85,partial,"Repeat the following process X times. Each opponent loses 3 life unless that pla"
"Mizzix's Mastery",85,85,partial,"Exile target card that's an instant or sorcery from your graveyard. For each car"
"Ashaya, Soul of the Wild",85,85,partial,"Ashaya's power and toughness are each equal to the number of lands you control. "
"Agatha's Soul Cauldron",85,85,partial,"You may spend mana as though it were mana of any color to activate abilities of "
"Chandra, Torch of Defiance",85,85,partial,"+1: Exile the top card of your library. You may cast that card. If you don't, Ch"
"Flare of Fortitude",84,84,partial,"You may sacrifice a nontoken white creature rather than pay this spell's mana co"
"Curse of Silence",84,84,partial,"Enchant player As this Aura enters, choose a card name. Spells with the chosen n"
"The Darkness Crystal",83,83,partial,"Black spells you cast cost {1} less to cast. If a nontoken creature an opponent "
"Faeburrow Elder",83,83,partial,"Vigilance This creature gets +1/+1 for each color among permanents you control. "
"Altar of Dementia",83,83,partial,"Sacrifice a creature: Target player mills cards equal to the sacrificed creature"
"Scapeshift",83,83,partial,"Sacrifice any number of lands. Search your library for up to that many land card"
"Goreclaw, Terror of Qal Sisma",83,83,partial,"Creature spells you cast with power 4 or greater cost {2} less to cast. Whenever"
"Laboratory Maniac",82,82,partial,"If you would draw a card while your library has no cards in it, you win the game"
"Sephiroth, Fabled SOLDIER // Sephiroth, One-Winged Angel",82,82,partial,"Whenever Sephiroth enters or attacks, you may sacrifice another creature. If you"
"High Tide",82,82,partial,"Until end of turn, whenever a player taps an Island for mana, that player adds a"
"Trouble in Pairs",82,82,partial,"If an opponent would begin an extra turn, that player skips that turn instead. W"
"Etali, Primal Conqueror // Etali, Primal Sickness",82,82,partial,"Trample When Etali enters, each player exiles cards from the top of their librar"
"Vorinclex, Monstrous Raider",82,82,partial,"Trample, haste If you would put one or more counters on a permanent or player, p"
"Overlord of the Hauntwoods",82,82,partial,"Impending 4—{1}{G}{G} (If you cast this spell for its impending cost, it enters "
"Tishana's Tidebinder",82,82,partial,"Flash When this creature enters, counter up to one target activated or triggered"
"Persistent Petitioners",82,3,partial,"{1}, {T}: Target player mills a card. (They put the top card of their library in"
"Elspeth, Sun's Champion",81,81,partial,"+1: Create three 1/1 white Soldier creature tokens. −3: Destroy all creatures wi"
"Wurmcoil Engine",81,81,partial,"Deathtouch, lifelink When this creature dies, create a 3/3 colorless Phyrexian W"
"A-Guide of Souls",81,81,partial,"Whenever another creature you control enters, you gain 1 life and get {E} (an en"
"Whip of Erebos",80,80,partial,"Creatures you control have lifelink. {2}{B}{B}, {T}: Return target creature card"
"Rakdos Charm",80,80,partial,"Choose one — • Exile target player's graveyard. • Destroy target artifact. • Eac"
"Tibalt's Trickery",80,80,partial,"Counter target spell. Choose 1, 2, or 3 at random. Its controller mills that man"
"The Earth Crystal",80,80,partial,"Green spells you cast cost {1} less to cast. If one or more +1/+1 counters would"
"Ulamog, the Defiler",80,80,partial,"When you cast this spell, target opponent exiles the top half of their library, "
"Hoarding Broodlord",79,79,partial,"Convoke Flying When this creature enters, search your library for a card, exile "
"Glissa Sunslayer",79,79,partial,"First strike, deathtouch Whenever Glissa Sunslayer deals combat damage to a play"
"Mythweaver Poq",79,79,partial,"Mythweaver Poq's power and toughness are each equal to the number of lands you c"
"Living Death",78,78,partial,"Each player exiles all creature cards from their graveyard, then sacrifices all "
"Unnatural Growth",78,78,partial,"At the beginning of each combat, double the power and toughness of each creature"
"Ugin, the Ineffable",77,77,partial,"Colorless spells you cast cost {2} less to cast. +1: Exile the top card of your "
"Marvin, Murderous Mimic",76,76,partial,"Marvin has all activated abilities of creatures you control that don't have the "
"Peregrine Drake",76,76,partial,"Flying When this creature enters, untap up to five lands."
"Emrakul, the Promised End",76,76,partial,"This spell costs {1} less to cast for each card type among cards in your graveya"
"Teferi's Ageless Insight",75,75,partial,"If you would draw a card except the first one you draw in each of your draw step"
"Murderous Rider // Swift End",75,75,partial,"Lifelink When this creature dies, put it on the bottom of its owner's library. /"
"Thousand-Year Elixir",75,75,partial,"You may activate abilities of creatures you control as though those creatures ha"
"Howling Mine",75,75,partial,"At the beginning of each player's draw step, if this artifact is untapped, that "
"Kogla, the Titan Ape",75,75,partial,"When Kogla enters, it fights up to one target creature you don't control. Whenev"
"Blood Moon",74,74,partial,"Nonbasic lands are Mountains."
"Bulk Up",74,74,partial,"Double target creature's power until end of turn. Flashback {4}{R}{R} (You may c"
"The Queen of Dale",74,74,partial,"Whenever an opponent casts their first noncreature spell each turn, you recruit."
"Astral Cornucopia",74,74,partial,"This artifact enters with X charge counters on it. {T}: Choose a color. Add one "
"Goblin Anarchomancer",74,74,partial,"Each spell you cast that's red or green costs {1} less to cast."
"Portable Hole",73,73,partial,"When this artifact enters, exile target nonland permanent an opponent controls w"
"Aether Channeler",73,73,partial,"When this creature enters, choose one — • Create a 1/1 white Bird creature token"
"Oracle of the Alpha",73,73,partial,"Flying When Oracle of the Alpha enters the battlefield, conjure the Power Nine i"
"Gitaxian Probe",72,72,partial,"({U/P} can be paid with either {U} or 2 life.) Look at target player's hand. Dra"
"Elesh Norn, Grand Cenobite",72,72,partial,"Vigilance Other creatures you control get +2/+2. Creatures your opponents contro"
"Old Gnawbone",71,71,partial,"Flying Whenever a creature you control deals combat damage to a player, create t"
"Vraska, Betrayal's Sting",71,71,partial,"Compleated ({B/P} can be paid with {B} or 2 life. If life was paid, this planesw"
"Elspeth Conquers Death",71,71,partial,"(As this Saga enters and after your draw step, add a lore counter. Sacrifice aft"
"Arbor Elf",70,70,partial,"{T}: Untap target Forest."
"Trailblazer's Boots",70,70,partial,"Equipped creature has nonbasic landwalk. (It can't be blocked as long as defendi"
"Realmwalker",69,69,partial,"Changeling (This card is every creature type.) As this creature enters, choose a"
"Summon: Fenrir",69,69,partial,"(As this Saga enters and after your draw step, add a lore counter. Sacrifice aft"
"Caged Sun",68,68,partial,"As this artifact enters, choose a color. Creatures you control of the chosen col"
"Winter Moon",68,68,partial,"Players can't untap more than one nonbasic land during their untap steps."
"Priest of Forgotten Gods",67,67,partial,"{T}, Sacrifice two other creatures: Any number of target players each lose 2 lif"
"Electro, Assaulting Battery",67,67,partial,"Flying You don't lose unspent red mana as steps and phases end. Whenever you cas"
"Case of the Locked Hothouse",67,67,partial,"You may play an additional land on each of your turns. To solve — You control se"
"Currency Converter",67,67,partial,"Whenever you discard a card, you may exile that card from your graveyard. {2}, {"
"Mechanized Production",67,67,partial,"Enchant artifact you control At the beginning of your upkeep, create a token tha"
"Emrakul, the World Anew",67,67,partial,"When you cast this spell, gain control of all creatures target player controls. "
"The Aetherspark",67,67,partial,"As long as The Aetherspark is attached to a creature, The Aetherspark can't be a"
"Wheel of Fortune",66,66,partial,"Each player discards their hand, then draws seven cards."
"Great Train Heist",66,66,partial,"Spree (Choose one or more additional costs.) + {2}{R} — Untap all creatures you "
"Brash Taunter",66,66,partial,"Indestructible Whenever this creature is dealt damage, it deals that much damage"
"Ghost Vacuum",66,66,partial,"{T}: Exile target card from a graveyard. {6}, {T}, Sacrifice this artifact: Put "
"Angel of the Ruins",66,66,partial,"Flying When this creature enters, exile up to two target artifacts and/or enchan"
"Gix, Yawgmoth Praetor",66,66,partial,"Whenever a creature deals combat damage to one of your opponents, its controller"
"Throne of Eldraine",65,65,partial,"As Throne of Eldraine enters, choose a color. {T}: Add four mana of the chosen c"
"Invasion of Ikoria // Zilortha, Apex of Ikoria",65,65,partial,"(As a Siege enters, choose an opponent to protect it. You and others can attack "
"Gisela, Blade of Goldnight",65,65,partial,"Flying, first strike If a source would deal damage to an opponent or a permanent"
"Destiny Spinner",65,65,partial,"Creature and enchantment spells you control can't be countered. {3}{G}: Target l"
"Vorinclex, Voice of Hunger",65,65,partial,"Trample Whenever you tap a land for mana, add one mana of any type that land pro"
"Blind Obedience",64,64,partial,"Extort (Whenever you cast a spell, you may pay {W/B}. If you do, each opponent l"
"Avatar's Wrath",64,64,partial,"Choose up to one target creature, then airbend all other creatures. (Exile them."
"Kodama of the West Tree",64,64,partial,"Reach Modified creatures you control have trample. (Equipment, Auras you control"
"Myrel, Shield of Argive",64,64,partial,"During your turn, your opponents can't cast spells or activate abilities of arti"
"Bident of Thassa",63,63,partial,"Whenever a creature you control deals combat damage to a player, you may draw a "
"Colossus Hammer",63,63,partial,"Equipped creature gets +10/+10 and loses flying. Equip {8} ({8}: Attach to targe"
"Promise of Loyalty",62,62,partial,"Each player puts a vow counter on a creature they control and sacrifices the res"
"Chromatic Orrery",62,62,partial,"You may spend mana as though it were mana of any color. {T}: Add {C}{C}{C}{C}{C}"
"Cling to Dust",62,62,partial,"Exile target card from a graveyard. If it was a creature card, you gain 3 life. "
"Frenzied Baloth",62,62,partial,"This spell can't be countered. Trample, haste Creature spells you control can't "
"Nissa, Who Shakes the World",62,62,partial,"Whenever you tap a Forest for mana, add an additional {G}. +1: Put three +1/+1 c"
"Troll of Khazad-dûm",62,62,partial,"This creature can't be blocked except by three or more creatures. Swampcycling {"
"Hydroponics Architect",62,62,partial,"Flying Whenever this creature attacks, a random land card in your library perpet"
"Runaway Steam-Kin",61,61,partial,"Whenever you cast a red spell, if this creature has fewer than three +1/+1 count"
"Assemble the Team",61,61,partial,"Search the top third of your library, rounded up, for a card. Put that card into"
"Heartless Act",60,60,partial,"Choose one — • Destroy target creature with no counters on it. • Remove up to th"
"Curse of Opulence",60,60,partial,"Enchant player Whenever enchanted player is attacked, create a Gold token. Each "
"Hydroid Krasis",60,60,partial,"When you cast this spell, you gain half X life and draw half X cards. Round down"
"Gathering Stone",60,60,partial,"As this artifact enters, choose a creature type. Spells you cast of the chosen t"
"Airbender Ascension",60,60,partial,"When this enchantment enters, airbend up to one target creature. Whenever a crea"
"Mind Spike",60,60,partial,"Target opponent reveals each noncreature, nonland card in their hand. You choose"
"Mirari's Wake",59,59,partial,"Creatures you control get +1/+1. Whenever you tap a land for mana, add one mana "
"Slip Out the Back",59,59,partial,"Put a +1/+1 counter on target creature. It phases out. (Treat it and anything at"
"Darksteel Mutation",59,59,partial,"Enchant creature Enchanted creature is an Insect artifact creature with base pow"
"Jace, Wielder of Mysteries",59,59,partial,"If you would draw a card while your library has no cards in it, you win the game"
"Drannith Magistrate",58,58,partial,"Your opponents can't cast spells from anywhere other than their hands."
"Urabrask // The Great Work",58,58,partial,"First strike Whenever you cast an instant or sorcery spell, Urabrask deals 1 dam"
"Puresteel Paladin",58,58,partial,"Whenever an Equipment you control enters, you may draw a card. Metalcraft — Equi"
"Lord Skitter, Sewer King",58,58,partial,"Whenever another Rat you control enters, exile up to one target card from an opp"
"Tinybones, the Pickpocket",58,58,partial,"Deathtouch Whenever Tinybones deals combat damage to a player, you may cast targ"
"Tamiyo, Inquisitive Student // Tamiyo, Seasoned Scholar",58,58,partial,"Flying Whenever Tamiyo attacks, investigate. (Create a Clue token. It's an artif"
"Koma, Cosmos Serpent",58,58,partial,"This spell can't be countered. At the beginning of each upkeep, create a 3/3 blu"
"Oust",58,58,partial,"Put target creature into its owner's library second from the top. Its controller"
"Strionic Resonator",57,57,partial,"{2}, {T}: Copy target triggered ability you control. You may choose new targets "
"Woe Strider",57,57,partial,"When this creature enters, create a 0/1 white Goat creature token. Sacrifice ano"
"Brotherhood's End",57,57,partial,"Choose one — • Brotherhood's End deals 3 damage to each creature and each planes"
"Inspiring Statuary",57,57,partial,"Nonartifact spells you cast have improvise. (Your artifacts can help cast those "
"Nyxbloom Ancient",57,57,partial,"Trample If you tap a permanent for mana, it produces three times as much of that"
"The Mightstone and Weakstone",57,57,partial,"When The Mightstone and Weakstone enters, choose one — • Draw two cards. • Targe"
"My Precious // Allure of Power",56,56,partial,"Equipped creature has hexproof and can't be blocked. Equip—{2}, Pay 2 life. // A"
"Guardian of Faith",56,56,partial,"Flash Vigilance When this creature enters, any number of other target creatures "
"Sheoldred // The True Scriptures",56,56,partial,"Menace When Sheoldred enters, each opponent sacrifices a nontoken creature or pl"
"The Eternal Wanderer",55,55,partial,"No more than one creature can attack The Eternal Wanderer each combat. +1: Exile"
"Rankle, Master of Pranks",55,55,partial,"Flying, haste Whenever Rankle deals combat damage to a player, choose any number"
"Akroma's Memorial",55,55,partial,"Creatures you control have flying, first strike, vigilance, trample, haste, and "
"Vorinclex // The Grand Evolution",55,55,partial,"Reach, trample When Vorinclex enters, search your library for up to two Forest c"
"Phlage, Titan of Fire's Fury",55,55,partial,"When Phlage enters, sacrifice it unless it escaped. Whenever Phlage enters or at"
"Peek",55,55,partial,"Look at target player's hand. Draw a card."
"Defense Grid",54,54,partial,"Each spell costs {3} more to cast except during its controller's turn."
"Platinum Angel",54,54,partial,"Flying You can't lose the game and your opponents can't win the game."
"Kozilek's Command",53,53,partial,"Choose two — • Target player creates X 0/1 colorless Eldrazi Spawn creature toke"
"Peer into the Abyss",53,53,partial,"Target player draws cards equal to half the number of cards in their library and"
"Courser of Kruphix",53,53,partial,"Play with the top card of your library revealed. You may play lands from the top"
"Deflecting Palm",53,53,partial,"The next time a source of your choice would deal damage to you this turn, preven"
"Seam Rip",53,53,partial,"When this enchantment enters, exile target nonland permanent an opponent control"
"Phyrexian Obliterator",52,52,partial,"Trample Whenever a source deals damage to this creature, that source's controlle"
"Myr Battlesphere",52,52,partial,"When this creature enters, create four 1/1 colorless Myr artifact creature token"
"Uthros Research Craft",52,52,partial,"Station (Tap another creature you control: Put charge counters equal to its powe"
"Sunfall",52,52,partial,"Exile all creatures. Incubate X, where X is the number of creatures exiled this "
"Disrupt Decorum",51,51,partial,"Goad all creatures you don't control. (Until your next turn, those creatures att"
"Blightsteel Colossus",51,51,partial,"Trample, infect, indestructible If Blightsteel Colossus would be put into a grav"
"Intruder Alarm",51,51,partial,"Creatures don't untap during their controllers' untap steps. Whenever a creature"
"Ram Through",51,51,partial,"Target creature you control deals damage equal to its power to target creature y"
"Genesis Wave",50,50,partial,"Reveal the top X cards of your library. You may put any number of permanent card"
"Moonsnare Prototype",50,50,partial,"{T}, Tap an untapped artifact or creature you control: Add {C}. Channel — {4}{U}"
"Forge Anew",50,50,partial,"When this enchantment enters, return target Equipment card from your graveyard t"
"Curse of the Swine",50,50,partial,"Exile X target creatures. For each creature exiled this way, its controller crea"
"Mystic Confluence",50,50,partial,"Choose three. You may choose the same mode more than once. • Counter target spel"
"Summon: Knights of Round",50,50,partial,"(As this Saga enters and after your draw step, add a lore counter. Sacrifice aft"
"Liberator, Urza's Battlethopter",50,50,partial,"Flash Flying You may cast colorless spells and artifact spells as though they ha"
"Wary Zone Guard",50,50,partial,"Wary Zone Guard enters tapped. Survival — At the beginning of your second main p"
"Lethal Scheme",49,49,partial,"Convoke (Your creatures can help cast this spell. Each creature you tap while ca"
"Planar Engineering",49,49,partial,"Sacrifice two lands. Search your library for four basic land cards, put them ont"
"Shang-Chi, Master of Kung Fu",49,49,partial,"You may activate abilities of creatures you control as though those creatures ha"
"Dionus, Elvish Archdruid",49,49,partial,"Elves you control have ""Whenever this creature becomes tapped during your turn, "
"Monstrous Rage",49,49,partial,"Target creature gets +2/+0 until end of turn. Create a Monster Role token attach"
"Ripples of Potential",49,49,partial,"Proliferate, then choose any number of permanents you control that had a counter"
"Tekuthal, Inquiry Dominus",49,49,partial,"Flying If you would proliferate, proliferate twice instead. {1}{U/P}{U/P}, Remov"
"Screaming Nemesis",49,49,partial,"Haste Whenever this creature is dealt damage, it deals that much damage to any o"
"Dour Port-Mage",49,49,partial,"Whenever one or more other creatures you control leave the battlefield without d"
"Bloodchief Ascension",48,48,partial,"At the beginning of each end step, if an opponent lost 2 or more life this turn,"
"Cool but Rude",48,48,partial,"(Gain the next level as a sorcery to add its ability.) Whenever you attack, you "
"Approach of the Second Sun",48,48,partial,"If this spell was cast from your hand and you've cast another spell named Approa"
"Eerie Interlude",48,48,partial,"Exile any number of target creatures you control. Return those cards to the batt"
"Archon of Sun's Grace",48,48,partial,"Flying Lifelink (Damage dealt by this creature also causes you to gain that much"
"Dollmaker's Shop // Porcelain Gallery",48,48,partial,"Whenever one or more non-Toy creatures you control attack a player, create a 1/1"
"Combustible Gearhulk",48,48,partial,"First strike When this creature enters, target opponent may have you draw three "
"Rewind",47,47,partial,"Counter target spell. Untap up to four lands."
"Royal Treatment",47,47,partial,"Target creature you control gains hexproof until end of turn. Create a Royal Rol"
"Wandering Archaic // Explore the Vastlands",47,47,partial,"Whenever an opponent casts an instant or sorcery spell, they may pay {2}. If the"
"Bloodline Bidding",47,47,partial,"Convoke (Your creatures can help cast this spell. Each creature you tap while ca"
"Muldrotha, the Gravetide",47,47,partial,"During each of your turns, you may play a land and cast a permanent spell of eac"
"Valakut Exploration",47,47,partial,"Landfall — Whenever a land you control enters, exile the top card of your librar"
"Firemane Commando",47,47,partial,"Flying Whenever you attack with two or more creatures, draw a card. Whenever ano"
"Wear // Tear",47,47,partial,"Destroy target artifact. Fuse (You may cast one or both halves of this card from"
"Fuel Tank Feaster",47,47,partial,"At the beginning of your first main phase, a random creature card with the great"
"Twinflame",46,46,partial,"Strive — This spell costs {2}{R} more to cast for each target beyond the first. "
"Fact or Fiction",46,46,partial,"Reveal the top five cards of your library. An opponent separates those cards int"
"Titan of Industry",46,46,partial,"Reach, trample When this creature enters, choose two — • Destroy target artifact"
"Radagast of Rhosgobel",46,46,partial,"The first creature spell you cast each turn costs {2} less to cast and can be ca"
"Aven Mindcensor",46,46,partial,"Flash Flying If an opponent would search a library, that player searches the top"
"Inkshield",45,45,partial,"Prevent all combat damage that would be dealt to you this turn. For each 1 damag"
"Army of the Damned",45,45,partial,"Create thirteen tapped 2/2 black Zombie creature tokens. Flashback {7}{B}{B}{B} "
"Demonic Counsel",45,45,partial,"Search your library for a Demon card, reveal it, put it into your hand, then shu"
"Splash Portal",45,45,partial,"Exile target creature you control, then return it to the battlefield under its o"
"Replicating Ring",45,45,partial,"{T}: Add one mana of any color. At the beginning of your upkeep, put a night cou"
"Zopandrel, Hunger Dominus",45,45,partial,"Reach At the beginning of each combat, double the power and toughness of each cr"
"Scrap Trawler",45,45,partial,"Whenever this creature dies or another artifact you control is put into a gravey"
"Volatile Stormdrake",45,45,partial,"Flying, hexproof from activated and triggered abilities When this creature enter"
"Nowhere to Run",45,45,partial,"Flash When this enchantment enters, target creature an opponent controls gets -3"
"Season of Gathering",45,45,partial,"Choose up to five {P} worth of modes. You may choose the same mode more than onc"
"Sakashima of a Thousand Faces",45,45,partial,"You may have Sakashima enter as a copy of another creature you control, except i"
"A-Dragon's Rage Channeler",45,45,partial,"Whenever you cast a noncreature spell, surveil 1. (Look at the top card of your "
"Dusk // Dawn",44,44,partial,"Destroy all creatures with power 3 or greater. // Aftermath (Cast this spell onl"
"Charismatic Conqueror",44,44,partial,"Vigilance Whenever an artifact or creature an opponent controls enters untapped,"
"Firebending Student",44,44,partial,"Prowess (Whenever you cast a noncreature spell, this creature gets +1/+1 until e"
"Ardyn, the Usurper",44,44,partial,"Demons you control have menace, lifelink, and haste. Starscourge — At the beginn"
"Ride the Shoopuf",44,44,partial,"Landfall — Whenever a land you control enters, put a +1/+1 counter on target cre"
"Freed from the Real",44,44,partial,"Enchant creature {U}: Tap enchanted creature. {U}: Untap enchanted creature."
"Angelic Destiny",44,44,partial,"Enchant creature Enchanted creature gets +4/+4, has flying and first strike, and"
"Settle the Wreckage",44,44,partial,"Exile all attacking creatures target player controls. That player may search the"
"Taunt from the Rampart",44,44,partial,"Goad all creatures your opponents control. Until your next turn, those creatures"
"The Endstone",44,44,partial,"Whenever you play a land or cast a spell, draw a card. At the beginning of your "
"Shuri, Wakandan Inventor",44,44,partial,"Artifact spells you cast cost {1} less to cast. {1}, {T}: Target artifact you co"
"Rise and Shine",44,44,partial,"Target noncreature artifact you control becomes a 0/0 artifact creature. Put fou"
"Thalia, Guardian of Thraben",44,44,partial,"First strike Noncreature spells cost {1} more to cast."
"Invasion of Gobakhan // Lightshield Array",44,44,partial,"(As a Siege enters, choose an opponent to protect it. You and others can attack "
"Hunter's Insight",43,43,partial,"Choose target creature you control. Whenever that creature deals combat damage t"
"The Immortal Sun",43,43,partial,"Players can't activate planeswalkers' loyalty abilities. At the beginning of you"
"Mirror Box",43,43,partial,"The ""legend rule"" doesn't apply to permanents you control. Each legendary creatu"
"Koma, World-Eater",43,43,partial,"This spell can't be countered. Trample, ward {4} Whenever Koma deals combat dama"
"Nissa, Ascended Animist",43,43,partial,"Compleated ({G/P} can be paid with {G} or 2 life. For each {G/P} paid with life,"
"Massacre Girl",43,43,partial,"Menace When Massacre Girl enters, each other creature gets -1/-1 until end of tu"
"Ajani, Nacatl Pariah // Ajani, Nacatl Avenger",43,43,partial,"When Ajani enters, create a 2/1 white Cat Warrior creature token. Whenever one o"
"Aang, Swift Savior // Aang and La, Ocean's Fury",43,43,partial,"Flash Flying When Aang enters, airbend up to one other target creature or spell."
"Xorn",43,43,partial,"If you would create one or more Treasure tokens, instead create those tokens plu"
"Karn, Scion of Urza",43,43,partial,"+1: Reveal the top two cards of your library. An opponent chooses one of them. P"
"Fragment Reality",43,43,partial,"Exile target nontoken artifact, creature, or enchantment an opponent controls. I"
"Combat Celebrant",42,42,partial,"If this creature hasn't been exerted this turn, you may exert it as it attacks. "
"Phial of Galadriel",42,42,partial,"If you would draw a card while you have no cards in hand, draw two cards instead"
"Scroll Rack",42,42,partial,"{1}, {T}: Exile any number of cards from your hand face down. Put that many card"
"The Unagi of Kyoshi Island",42,42,partial,"Flash Ward—Waterbend {4}. (Whenever this creature becomes the target of a spell "
"Cover of Darkness",42,42,partial,"As this enchantment enters, choose a creature type. Creatures of the chosen type"
"Massacre Girl, Known Killer",42,42,partial,"Menace Creatures you control have wither. (They deal damage to creatures in the "
"Summon: Yojimbo",42,42,partial,"(As this Saga enters and after your draw step, add a lore counter. Sacrifice aft"
"Void Winnower",42,42,partial,"Your opponents can't cast spells with even mana values. (Zero is even.) Your opp"
"Fallen Shinobi",42,42,partial,"Ninjutsu {2}{U}{B} ({2}{U}{B}, Return an unblocked attacker you control to hand:"
"Crystal Barricade",42,42,partial,"Defender (This creature can't attack.) You have hexproof. (You can't be the targ"
"Andúril, Flame of the West",42,42,partial,"Equipped creature gets +3/+1. Whenever equipped creature attacks, create two tap"
"Nyx Lotus",42,42,partial,"Nyx Lotus enters tapped. {T}: Choose a color. Add an amount of mana of that colo"
"Crackle with Power",41,41,partial,"Crackle with Power deals five times X damage to each of up to X targets."
"Simic Ascendancy",41,41,partial,"{1}{G}{U}: Put a +1/+1 counter on target creature you control. Whenever one or m"
"Zack Fair",41,41,partial,"Zack Fair enters with a +1/+1 counter on it. {1}, Sacrifice Zack Fair: Target cr"
"The Reaver Cleaver",41,41,partial,"Equipped creature gets +1/+1 and has trample and ""Whenever this creature deals c"
"Heliod's Intervention",41,41,partial,"Choose one — • Destroy X target artifacts and/or enchantments. • Target player g"
"Spellskite",41,41,partial,"{U/P}: Change a target of target spell or ability to this creature. ({U/P} can b"
"Teferi's Time Twist",41,41,partial,"Exile target permanent you control. Return that card to the battlefield under it"
"Aven Interrupter",41,41,partial,"Flash Flying When this creature enters, exile target spell. It becomes plotted. "
"Generous Plunderer",41,41,partial,"Menace At the beginning of your upkeep, you may create a Treasure token. When yo"
"Ultron, Artificial Malevolence",41,41,partial,"Whenever another nontoken artifact you control enters, you may pay {2}. If you d"
"The Legend of Yangchen // Avatar Yangchen",41,41,partial,"(As this Saga enters and after your draw step, add a lore counter.) I — Starting"
"The Ten Rings",41,41,partial,"Your maximum hand size is ten. At the beginning of your end step, if you have fe"
"Defiler of Vigor",41,41,partial,"Trample As an additional cost to cast green permanent spells, you may pay 2 life"
"Shove Aside",41,41,partial,"If you aren't the starting player, you may cast Shove Aside as though it had fla"
"The Last Agni Kai",40,40,partial,"Target creature you control fights target creature an opponent controls. If the "
"Gogo, Mysterious Mime",40,40,partial,"At the beginning of combat on your turn, you may have Gogo become a copy of anot"
"Grist, the Hunger Tide",40,40,partial,"As long as Grist isn't on the battlefield, it's a 1/1 Insect creature in additio"
"Wave Goodbye",40,40,partial,"Return each creature without a +1/+1 counter on it to its owner's hand."
"Blade of Selves",40,40,partial,"Equipped creature has myriad. (Whenever it attacks, for each opponent other than"
"Quietus Spike",40,40,partial,"Equipped creature has deathtouch. Whenever equipped creature deals combat damage"
"Dazzling Theater // Prop Room",40,40,partial,"Creature spells you cast have convoke. (Your creatures can help cast those spell"
"Hallowed Haunting",40,40,partial,"As long as you control seven or more enchantments, creatures you control have fl"
"Kozilek, the Broken Reality",40,40,partial,"When you cast this spell, up to two target players each manifest two cards from "
"Claim Jumper",40,40,partial,"Vigilance When this creature enters, if an opponent controls more lands than you"
"The Battle of Bywater",40,40,partial,"Destroy all creatures with power 3 or greater. Then create a Food token for each"
"Gingerbrute",40,40,partial,"Haste (This creature can attack and {T} as soon as it comes under your control.)"
"Archon of Cruelty",40,40,partial,"Flying Whenever this creature enters or attacks, target opponent sacrifices a cr"
"It That Heralds the End",40,40,partial,"Colorless spells you cast with mana value 7 or greater cost {1} less to cast. Ot"
"Guide of Souls",40,40,partial,"Whenever another creature you control enters, you gain 1 life and get {E} (an en"
"God-Pharaoh's Statue",40,40,partial,"Spells your opponents cast cost {2} more to cast. At the beginning of your end s"
"Extinguisher Battleship",40,40,partial,"When this Spacecraft enters, destroy target noncreature permanent. Then this Spa"
"Utter Insignificance",40,40,partial,"Flash Enchant creature Enchanted creature loses all abilities and has base power"
"The Celestus",40,40,partial,"If it's neither day nor night, it becomes day as The Celestus enters. {T}: Add o"
"Irma, Part-Time Mutant",39,39,partial,"At the beginning of combat on your turn, Irma becomes a copy of up to one other "
"Torbran, Thane of Red Fell",39,39,partial,"If a red source you control would deal damage to an opponent or a permanent an o"
"Fiery Confluence",39,39,partial,"Choose three. You may choose the same mode more than once. • Fiery Confluence de"
"Grenzo, Havoc Raiser",39,39,partial,"Whenever a creature you control deals combat damage to a player, choose one — • "
"Tifa Lockhart",39,39,partial,"Trample Landfall — Whenever a land you control enters, double Tifa Lockhart's po"
"Bilbo's Gambit",39,39,partial,"Gift a Treasure (You may promise an opponent a gift as you cast this spell. If y"
"Bubbling Muck",39,39,partial,"Until end of turn, whenever a player taps a Swamp for mana, that player adds an "
"Summon: Primal Odin",39,39,partial,"(As this Saga enters and after your draw step, add a lore counter. Sacrifice aft"
"Divine Visitation",39,39,partial,"If one or more creature tokens would be created under your control, that many 4/"
"Ioreth of the Healing House",39,39,partial,"{T}: Untap another target permanent. {T}: Untap two other target legendary creat"
"Full Throttle",38,38,partial,"After this main phase, there are two additional combat phases. At the beginning "
"Goblin Welder",38,38,partial,"{T}: Choose target artifact a player controls and target artifact card in that p"
"Sneak Attack",38,38,partial,"{R}: You may put a creature card from your hand onto the battlefield. That creat"
"Varragoth, Bloodsky Sire",38,38,partial,"Deathtouch Boast — {1}{B}: Target player searches their library for a card, then"
"Tergrid, God of Fright // Tergrid's Lantern",38,38,partial,"Menace Whenever an opponent sacrifices a nontoken permanent or discards a perman"
"Champions of the Perfect",38,38,partial,"As an additional cost to cast this spell, behold an Elf and exile it. (Exile an "
"Doppelgang",38,38,partial,"For each of X target permanents, create X tokens that are copies of that permane"
"Maddening Hex",38,38,partial,"Enchant player Whenever enchanted player casts a noncreature spell, roll a d6. T"
"Spider-Sense",38,38,partial,"Web-slinging {U} (You may cast this spell for {U} if you also return a tapped cr"
"Mari, the Killing Quill",38,38,partial,"Whenever a creature an opponent controls dies, exile it with a hit counter on it"
"Fanatic of Mogis",38,38,partial,"When this creature enters, it deals damage to each opponent equal to your devoti"
"Journey to Nowhere",38,38,partial,"When this enchantment enters, exile target creature. When this enchantment leave"
"Gix's Command",37,37,partial,"Choose two — • Put two +1/+1 counters on up to one creature. It gains lifelink u"
"Qarsi Revenant",37,37,partial,"Flying, deathtouch, lifelink Renew — {2}{B}, Exile this card from your graveyard"
"Hidden Strings",37,37,partial,"You may tap or untap target permanent, then you may tap or untap another target "
"Unleash Fury",37,37,partial,"Double the power of target creature until end of turn."
"Sting, the Glinting Dagger",37,37,partial,"Equipped creature gets +1/+1 and has haste. At the beginning of each combat, unt"
"Scourge of the Throne",37,37,partial,"Flying Dethrone (Whenever this creature attacks the player with the most life or"
"Rest in Peace",37,37,partial,"When this enchantment enters, exile all graveyards. If a card or token would be "
"Expel the Interlopers",37,37,partial,"Choose a number between 0 and 10. Destroy all creatures with power greater than "
"Resourceful Defense",37,37,partial,"Whenever a permanent you control leaves the battlefield, if it had counters on i"
"Mikaeus, the Unhallowed",37,37,partial,"Intimidate (This creature can't be blocked except by artifact creatures and/or c"
"Razorkin Needlehead",37,37,partial,"This creature has first strike during your turn. Whenever an opponent draws a ca"
"Jin-Gitaxias, Core Augur",37,37,partial,"Flash At the beginning of your end step, draw seven cards. Each opponent's maxim"
"Eldrazi Confluence",37,37,partial,"Choose three. You may choose the same mode more than once. • Target creature get"
"Chandra, Hope's Beacon",37,37,partial,"Whenever you cast an instant or sorcery spell, copy it. You may choose new targe"
"Sword of Wealth and Power",37,37,partial,"Equipped creature gets +2/+2 and has protection from instants and from sorceries"
"Neheb, the Eternal",37,37,partial,"Afflict 3 (Whenever this creature becomes blocked, defending player loses 3 life"
"Drix Interlacer",37,37,partial,"Starting intensity 0 Whenever another artifact you control enters, this artifact"
"Ancient Brass Dragon",36,36,partial,"Flying Whenever this creature deals combat damage to a player, roll a d20. When "
"Skyclave Relic",36,36,partial,"Kicker {3} Indestructible When this artifact enters, if it was kicked, create tw"
"Goblin Warchief",36,36,partial,"Goblin spells you cast cost {1} less to cast. Goblins you control have haste."
"Hedge Shredder",36,36,partial,"Whenever this Vehicle attacks, you may mill two cards. Whenever one or more land"
"Worldsoul's Rage",36,36,partial,"Worldsoul's Rage deals X damage to any target. Put up to X land cards from your "
"Deafening Silence",36,36,partial,"Each player can't cast more than one noncreature spell each turn."
"The Legend of Kyoshi // Avatar Kyoshi",36,36,partial,"(As this Saga enters and after your draw step, add a lore counter.) I — Draw car"
"Extraplanar Lens",36,36,partial,"Imprint — When this artifact enters, you may exile target land you control. When"
"Tyvar, Jubilant Brawler",36,36,partial,"You may activate abilities of creatures you control as though those creatures ha"
"Summon: Ixion",36,36,partial,"(As this Saga enters and after your draw step, add a lore counter. Sacrifice aft"
"Spider-Punk",36,36,partial,"Riot (This creature enters with your choice of a +1/+1 counter or haste.) Other "
"Cultivator Colossus",36,36,partial,"Trample Cultivator Colossus's power and toughness are each equal to the number o"
"Silent Arbiter",36,36,partial,"No more than one creature can attack each combat. No more than one creature can "
"Season of Weaving",36,36,partial,"Choose up to five {P} worth of modes. You may choose the same mode more than onc"
"Tyvar, the Pummeler",36,36,partial,"Tap another untapped creature you control: Tyvar gains indestructible until end "
"Agent of Treachery",36,36,partial,"When this creature enters, gain control of target permanent. At the beginning of"
"Reckoner Bankbuster",36,36,partial,"This Vehicle enters with three charge counters on it. {2}, {T}, Remove a charge "
"Worldwalker Helm",36,36,partial,"If you would create one or more artifact tokens, instead create those tokens plu"
"Grave Expectations",36,36,partial,"Choose one — • Heist target opponent's library. • Exile up to three target cards"
"Disallow",35,35,partial,"Counter target spell, activated ability, or triggered ability. (Mana abilities c"
"Mindcrank",35,35,partial,"Whenever an opponent loses life, that player mills that many cards. (Damage caus"
"Ancient Silver Dragon",35,35,partial,"Flying Whenever this creature deals combat damage to a player, roll a d20. Draw "
"Alhammarret's Archive",35,35,partial,"If you would gain life, you gain twice that much life instead. If you would draw"
"Invoke Calamity",35,35,partial,"You may cast up to two instant and/or sorcery spells with total mana value 6 or "
"Karn, the Great Creator",35,35,partial,"Activated abilities of artifacts your opponents control can't be activated. +1: "
"Colossal Grave-Reaver",35,35,partial,"Flying Whenever this creature enters or attacks, mill three cards. Whenever one "
"Sundial of the Infinite",35,35,partial,"{1}, {T}: End the turn. Activate only during your turn. (Exile all spells and ab"
"Skrelv's Hive",35,35,partial,"At the beginning of your upkeep, you lose 1 life and create a 1/1 colorless Phyr"
"Moonshadow",35,35,partial,"Menace This creature enters with six -1/-1 counters on it. Whenever one or more "
"Invoke Despair",35,35,partial,"Target opponent sacrifices a creature of their choice. If they can't, they lose "
"Archfiend of Depravity",35,35,partial,"Flying At the beginning of each opponent's end step, that player chooses up to t"
"Hope of Ghirapur",35,35,partial,"Flying Sacrifice Hope of Ghirapur: Until your next turn, target player who was d"
"Mathemagics",35,35,partial,"Target player draws 2ˣ cards. (2⁰ = 1, 2¹ = 2, 2² = 4, 2³ = 8, 2⁴ = 16, 2⁵ = 32,"
"Finale of Revelation",35,35,partial,"Draw X cards. If X is 10 or more, instead shuffle your graveyard into your libra"
"March of Swirling Mist",35,35,partial,"As an additional cost to cast this spell, you may exile any number of blue cards"
"PuPu UFO",35,35,partial,"Flying {T}: You may put a land card from your hand onto the battlefield. {3}: Un"
"Comeuppance",35,35,partial,"Prevent all damage that would be dealt to you and planeswalkers you control this"
"Magus of the Moon",35,35,partial,"Nonbasic lands are Mountains."
"Oliphaunt",35,35,partial,"Trample Whenever this creature attacks, another target creature you control gets"
"Wirewood Symbiote",35,35,partial,"Return an Elf you control to its owner's hand: Untap target creature. Activate o"
"Galvanic Blast",35,35,partial,"Galvanic Blast deals 2 damage to any target. Metalcraft — Galvanic Blast deals 4"
"Hardened Bonds",35,35,partial,"Whenever a +1/+1 counter is put on a creature you control, seek a creature card."
"Through the Forest Gate",34,34,partial,"Look at the top twenty cards of your library, put any number of land cards from "
"Ancient Gold Dragon",34,34,partial,"Flying Whenever this creature deals combat damage to a player, roll a d20. You c"
"Smaug the Magnificent",34,34,partial,"Flying, haste Whenever Smaug attacks, he deals damage equal to the number of Tre"
"Encroaching Dragonstorm",34,34,partial,"When this enchantment enters, search your library for up to two basic land cards"
"Thalia, Heretic Cathar",34,34,partial,"First strike Creatures and nonbasic lands your opponents control enter tapped."
"Tempt with Discovery",34,34,partial,"Tempting offer — Search your library for a land card and put it onto the battlef"
"The Earth King",34,34,partial,"When The Earth King enters, create a 4/4 green Bear creature token. Whenever one"
"Pearl-Ear, Imperial Advisor",34,34,partial,"Lifelink Enchantment spells you cast have affinity for Auras. (They cost {1} les"
"Season of the Burrow",34,34,partial,"Choose up to five {P} worth of modes. You may choose the same mode more than onc"
"Summon: Leviathan",34,34,partial,"(As this Saga enters and after your draw step, add a lore counter. Sacrifice aft"
"Silent Hallcreeper",34,34,partial,"This creature can't be blocked. Whenever this creature deals combat damage to a "
"Questing Beast",34,33,partial,"Vigilance, deathtouch, haste Questing Beast can't be blocked by creatures with p"
"Leyline of the Guildpact",33,33,partial,"If this card is in your opening hand, you may begin the game with it on the batt"
"Arcane Bombardment",33,33,partial,"Whenever you cast your first instant or sorcery spell each turn, exile an instan"
"Lord of the Accursed",33,33,partial,"Other Zombies you control get +1/+1. {1}{B}, {T}: All Zombies gain menace until "
"Angel's Grace",33,33,partial,"Split second (As long as this spell is on the stack, players can't cast spells o"
"Galadriel's Dismissal",33,33,partial,"Kicker {2}{W} (You may pay an additional {2}{W} as you cast this spell.) Target "
"Deepglow Skate",33,33,partial,"When this creature enters, double the number of each kind of counter on any numb"
"Repulsive Mutation",33,33,partial,"Put X +1/+1 counters on target creature you control. Then counter up to one targ"
"Orzhov Advokist",33,33,partial,"At the beginning of your upkeep, each player may put two +1/+1 counters on a cre"
"Teferi, Hero of Dominaria",33,33,partial,"+1: Draw a card. At the beginning of the next end step, untap up to two lands. −"
"Teferi, Temporal Pilgrim",33,33,partial,"Whenever you draw a card, put a loyalty counter on Teferi. 0: Draw a card. −2: C"
"Protean Hulk",33,33,partial,"When this creature dies, search your library for any number of creature cards wi"
"Nethergoyf",33,33,partial,"Nethergoyf's power is equal to the number of card types among cards in your grav"
"Open the Way",33,33,partial,"X can't be greater than the number of players in the game. Reveal cards from the"
"Wrenn and Seven",33,33,partial,"+1: Reveal the top four cards of your library. Put all land cards revealed this "
"Descent into Avernus",33,33,partial,"At the beginning of your upkeep, put two descent counters on this enchantment. T"
"Piper of the Swarm",33,33,partial,"Rats you control have menace. {1}{B}, {T}: Create a 1/1 black Rat creature token"
"Darksteel Colossus",33,33,partial,"Trample (This creature can deal excess combat damage to the player or planeswalk"
"Enter the Avatar State",33,33,partial,"Until end of turn, target creature you control becomes an Avatar in addition to "
"Seize the Spotlight",33,33,partial,"Each opponent chooses fame or fortune. For each player who chose fame, gain cont"
"The Key to the Vault",33,33,partial,"Whenever equipped creature deals combat damage to a player, look at that many ca"
"Unlicensed Hearse",33,33,partial,"{T}: Exile up to two target cards from a single graveyard. Unlicensed Hearse's p"
"Paladin Class",33,33,partial,"(Gain the next level as a sorcery to add its ability.) Spells your opponents cas"
"Rusko, Clockmaker",33,33,partial,"When Rusko, Clockmaker enters the battlefield, conjure a card named Midnight Clo"
"Ral Zarek, Guest Lecturer",32,32,partial,"+1: Surveil 2. −1: Any number of target players each discard a card. −2: Return "
"Chatterfang, Squirrel General",32,32,partial,"Forestwalk (This creature can't be blocked as long as defending player controls "
"Shadrix Silverquill",32,32,partial,"Flying, double strike At the beginning of combat on your turn, you may choose tw"
"Howlsquad Heavy",32,32,partial,"Start your engines! Other Goblins you control have haste. At the beginning of co"
"Jennifer Walters // The Sensational She-Hulk",32,32,partial,"Your opponents can't cast spells during your turn. {3}{G}{W}{W}: Transform Jenni"
"Final Showdown",32,32,partial,"Spree (Choose one or more additional costs.) + {1} — All creatures lose all abil"
"Ichormoon Gauntlet",32,32,partial,"Planeswalkers you control have ""[0]: Proliferate"" and ""[−12]: Take an extra turn"
"Maha, Its Feathers Night",32,32,partial,"Flying, trample Ward—Discard a card. Creatures your opponents control have base "
"Suture Priest",32,32,partial,"Whenever another creature you control enters, you may gain 1 life. Whenever a cr"
"Righteous Valkyrie",32,32,partial,"Flying Whenever another Angel or Cleric you control enters, you gain life equal "
"Lithoform Engine",32,32,partial,"{2}, {T}: Copy target activated or triggered ability you control. You may choose"
"Archangel Elspeth",32,32,partial,"+1: Create a 1/1 white Soldier creature token with lifelink. −2: Put two +1/+1 c"
"Delina, Wild Mage",32,32,partial,"Whenever Delina attacks, choose target creature you control, then roll a d20. 1—"
"Roxanne, Starfall Savant",32,32,partial,"Whenever Roxanne enters or attacks, create a tapped colorless artifact token nam"
"Waterbender Ascension",32,32,partial,"Whenever a creature you control deals combat damage to a player, put a quest cou"
"Pariah",32,32,partial,"Enchant creature All damage that would be dealt to you is dealt to enchanted cre"
"Gonti, Lord of Luxury",32,32,partial,"Deathtouch When Gonti enters, look at the top four cards of target opponent's li"
"Liliana, Death's Majesty",32,32,partial,"+1: Create a 2/2 black Zombie creature token. Mill two cards. −3: Return target "
"Envoy of the Ancestors",32,32,partial,"Outlast {W} ({W}, {T}: Put a +1/+1 counter on this creature. Outlast only as a s"
"Archon of Emeria",32,32,partial,"Flying Each player can't cast more than one spell each turn. Nonbasic lands your"
"A-Nashi, Moon Sage's Scion",32,32,partial,"Ninjutsu {2}{B} ({2}{B}, Return an unblocked attacker you control to hand: Put t"
"Emporium Thopterist",32,32,partial,"Thopters you control get +2/+0. At the beginning of your upkeep, conjure a card "
"Gonti, Night Minister",31,31,partial,"Whenever a player casts a spell they don't own, that player creates a Treasure t"
"Dracogenesis",31,31,partial,"You may cast Dragon spells without paying their mana costs."
"Imoti, Celebrant of Bounty",31,31,partial,"Cascade (When you cast this spell, exile cards from the top of your library unti"
"Hellkite Tyrant",31,31,partial,"Flying, trample Whenever this creature deals combat damage to a player, gain con"
"Veyran, Voice of Duality",31,31,partial,"Magecraft — Whenever you cast or copy an instant or sorcery spell, Veyran gets +"
"The Master of Lake-town",31,31,partial,"Deathtouch Whenever a player loses life, that player mills that many cards. (Dam"
"Singularity Rupture",31,31,partial,"Destroy all creatures, then any number of target players each mill half their li"
"Reconnaissance",31,31,partial,"{0}: Remove target attacking creature you control from combat and untap it. (If "
"Brave the Sands",31,31,partial,"Creatures you control have vigilance. Each creature you control can block an add"
"Kardur, Doomscourge",31,31,partial,"When Kardur enters, until your next turn, creatures your opponents control attac"
"Rev, Tithe Extractor",31,31,partial,"Whenever you attack, target creature gains deathtouch until end of turn. Wheneve"
"Stridehangar Automaton",31,31,partial,"Thopters you control get +1/+1. If one or more artifact tokens would be created "
"High Perfect Morcant",31,31,partial,"Whenever High Perfect Morcant or another Elf you control enters, each opponent b"
"The Goose Mother",31,31,partial,"Flying The Goose Mother enters with X +1/+1 counters on it. When The Goose Mothe"
"Bribery",31,31,partial,"Search target opponent's library for a creature card and put that card onto the "
"Molten-Core Maestro",31,31,partial,"Menace Opus — Whenever you cast an instant or sorcery spell, put a +1/+1 counter"
"Ominous Seas",31,31,partial,"Whenever you draw a card, put a foreshadow counter on this enchantment. Remove e"
"Inferno Titan",31,31,partial,"{R}: This creature gets +1/+0 until end of turn. Whenever this creature enters o"
"Vorpal Sword",31,31,partial,"Equipped creature gets +2/+0 and has deathtouch. {5}{B}{B}{B}: Until end of turn"
"Cybermen Squadron",31,31,partial,"Nonlegendary artifact creatures you control have myriad. (Whenever a creature wi"
"Vigorous Farming",31,31,partial,"Lands you control enter the battlefield untapped. At the beginning of your end s"
"Professor Onyx",30,30,partial,"Magecraft — Whenever you cast or copy an instant or sorcery spell, each opponent"
"Giada, Font of Hope",30,30,partial,"Flying, vigilance Each other Angel you control enters with an additional +1/+1 c"
"Blade of the Bloodchief",30,30,partial,"Whenever a creature dies, put a +1/+1 counter on equipped creature. If equipped "
"Final Fortune",30,30,partial,"Take an extra turn after this one. At the beginning of that turn's end step, you"
"Deep Analysis",30,30,partial,"Target player draws two cards. Flashback—{1}{U}, Pay 3 life. (You may cast this "
"Necrodominance",30,30,partial,"Skip your draw step. At the beginning of your end step, you may pay any amount o"
"Wheel of Misfortune",30,30,partial,"Each player secretly chooses a number 0 or greater, then all players reveal thos"
"Triskaidekaphile",30,30,partial,"You have no maximum hand size. At the beginning of your upkeep, if you have exac"
"Kinjalli's Sunwing",30,30,partial,"Flying Creatures your opponents control enter tapped."
"Wrenn and Realmbreaker",30,30,partial,"Lands you control have ""{T}: Add one mana of any color."" +1: Up to one target la"
"Tooth and Nail",30,30,partial,"Choose one — • Search your library for up to two creature cards, reveal them, pu"
"Painful Truths",30,30,partial,"Converge — You draw X cards and lose X life, where X is the number of colors of "
"Redemption Arc",30,30,partial,"Enchant creature Enchanted creature has indestructible and is goaded. (It attack"
"Dark Deal",30,30,partial,"Each player discards all the cards in their hand, then draws that many cards min"
"Rikku, Resourceful Guardian",30,30,partial,"Whenever you put one or more counters on a creature, until end of turn, that cre"
"Humble Defector",30,30,partial,"{T}: Draw two cards. Target opponent gains control of this creature. Activate on"
"Lolth, Spider Queen",30,30,partial,"Whenever a creature you control dies, put a loyalty counter on Lolth. 0: You dra"
"Donatello, the Brains",30,30,partial,"If one or more tokens would be created under your control, those tokens plus a M"
"Bloodthirsty Blade",30,30,partial,"Equipped creature gets +2/+0 and is goaded. (It attacks each combat if able and "
"Airbender's Reversal",30,30,partial,"Choose one — • Destroy target attacking creature. • Airbend target creature you "
"Appa, Steadfast Guardian",30,30,partial,"Flash Flying When Appa enters, airbend any number of other target nonland perman"
"Quirion Ranger",30,30,partial,"Return a Forest you control to its owner's hand: Untap target creature. Activate"
"Clive, Ifrit's Dominant // Ifrit, Warden of Inferno",30,30,partial,"When Clive enters, you may discard your hand, then draw cards equal to your devo"
"Yenna, Redtooth Regent",30,30,partial,"{2}, {T}: Choose target enchantment you control that doesn't have the same name "
"Soul Partition",30,30,partial,"Exile target nonland permanent. For as long as that card remains exiled, its own"
"Cindercone Smite",30,30,partial,"Cindercone Smite deals 2 damage to target creature. Then create a Treasure token"
"Life // Death",29,29,partial,"All lands you control become 1/1 creatures until end of turn. They're still land"
"Eerie Ultimatum",29,29,partial,"Return any number of permanent cards with different names from your graveyard to"
"Shigeki, Jukai Visionary",29,29,partial,"{1}{G}, {T}, Return Shigeki to its owner's hand: Reveal the top four cards of yo"
"Timeline Culler",29,29,partial,"Haste You may cast this card from your graveyard using its warp ability. Warp—{B"
"Gratuitous Violence",29,29,partial,"If a creature you control would deal damage to a permanent or player, it deals d"
"Black Sun's Zenith",29,29,partial,"Put X -1/-1 counters on each creature. Shuffle Black Sun's Zenith into its owner"
"Vigor",29,29,partial,"Trample If damage would be dealt to another creature you control, prevent that d"
"Villainous Wealth",29,29,partial,"Target opponent exiles the top X cards of their library. You may cast any number"
"Crawlspace",29,29,partial,"No more than two creatures can attack you each combat."
"Ogre Slumlord",29,29,partial,"Whenever another nontoken creature dies, you may create a 1/1 black Rat creature"
"Revel in Riches",29,29,partial,"Whenever a creature an opponent controls dies, create a Treasure token. (It's an"
"Halo Fountain",29,29,partial,"{W}, {T}, Untap a tapped creature you control: Create a 1/1 green and white Citi"
"Spider-Ham, Peter Porker",29,29,partial,"When Spider-Ham enters, create a Food token. (It's an artifact with ""{2}, {T}, S"
"Brudiclad, Telchor Engineer",29,29,partial,"Creature tokens you control have haste. At the beginning of combat on your turn,"
"Vendilion Clique",29,29,partial,"Flash Flying When Vendilion Clique enters, look at target player's hand. You may"
"Semblance Anvil",29,29,partial,"Imprint — When this artifact enters, you may exile a nonland card from your hand"
"Tajic, Legion's Valor",29,29,partial,"Indestructible, haste At the beginning of combat on your turn, put a +1/+1 count"
"A-Llanowar Loamspeaker",29,29,partial,"{T}: Add one mana of any color. {T}: Target land you control becomes a 4/4 Eleme"
"Ezuri's Predation",28,28,partial,"For each creature your opponents control, create a 4/4 green Phyrexian Beast cre"
"Dragonstorm Globe",28,28,partial,"Each Dragon you control enters with an additional +1/+1 counter on it. {T}: Add "
"Sauron's Ransom",28,28,partial,"Choose an opponent. They look at the top four cards of your library and separate"
"There and Back Again",28,28,partial,"(As this Saga enters and after your draw step, add a lore counter. Sacrifice aft"
"God-Eternal Bontu",28,28,partial,"Menace When God-Eternal Bontu enters, sacrifice any number of other permanents, "
"Stitch Together",28,28,partial,"Return target creature card from your graveyard to your hand. Threshold — Return"
"Imposter Mech",28,28,partial,"You may have this Vehicle enter as a copy of a creature an opponent controls, ex"
"Lae'zel, Vlaakith's Champion",28,28,partial,"If you would put one or more counters on a creature or planeswalker you control "
"Arwen, Weaver of Hope",28,28,partial,"Each other creature you control enters with a number of additional +1/+1 counter"
"Teferi, Master of Time",28,28,partial,"You may activate loyalty abilities of Teferi on any player's turn any time you c"
"Warden of the Grove",28,28,partial,"At the beginning of your end step, put a +1/+1 counter on this creature. Wheneve"
"Winding Constrictor",28,28,partial,"If one or more counters would be put on an artifact or creature you control, tha"
"Kroxa, Titan of Death's Hunger",28,28,partial,"When Kroxa enters, sacrifice it unless it escaped. Whenever Kroxa enters or atta"
"Vincent Valentine // Galian Beast",28,28,partial,"Whenever a creature an opponent controls dies, put a number of +1/+1 counters on"
"Mjölnir, Hammer of Thor",28,28,partial,"When Mjölnir enters, it deals 4 damage to up to one target creature. Double all "
"Elspeth Resplendent",28,28,partial,"+1: Choose up to one target creature. Put a +1/+1 counter and a counter from amo"
"Alexios, Deimos of Kosmos",28,28,partial,"Trample Alexios attacks each combat if able, can't be sacrificed, and can't atta"
"Thieving Skydiver",28,28,partial,"Kicker {X}. X can't be 0. (You may pay an additional {X} as you cast this spell."
"Kiora, the Rising Tide",28,28,partial,"When Kiora enters, draw two cards, then discard two cards. Threshold — Whenever "
"Sword of War and Peace",28,28,partial,"Equipped creature gets +2/+2 and has protection from red and from white. Wheneve"
"Detective's Phoenix",28,28,partial,"Bestow—{R}, Collect evidence 6. (To pay this bestow cost, pay {R} and exile card"
"Airbending Lesson",28,28,partial,"Airbend target nonland permanent. (Exile it. While it's exiled, its owner may ca"
"Condemn",28,28,partial,"Put target attacking creature on the bottom of its owner's library. Its controll"
"Junk Winder",28,28,partial,"Affinity for tokens (This spell costs {1} less to cast for each token you contro"
"Teferi, Time Raveler",27,27,partial,"Each opponent can cast spells only any time they could cast a sorcery. +1: Until"
"Hellkite Courser",27,27,partial,"Flying When this creature enters, you may put a commander you own from the comma"
"Sarkhan, Soul Aflame",27,27,partial,"Dragon spells you cast cost {1} less to cast. Whenever a Dragon you control ente"
"Fated Firepower",27,27,partial,"Flash This enchantment enters with X fire counters on it. If a source you contro"
"Spirit Water Revival",27,27,partial,"As an additional cost to cast this spell, you may waterbend {6}. (While paying a"
"Final Parting",27,27,partial,"Search your library for two cards. Put one into your hand and the other into you"
"Vraska, Golgari Queen",27,27,partial,"+2: You may sacrifice another permanent. If you do, you gain 1 life and draw a c"
"Perch Protection",27,27,partial,"Gift an extra turn (You may promise an opponent a gift as you cast this spell. I"
"Lightning, Army of One",27,27,partial,"First strike, trample, lifelink Stagger — Whenever Lightning deals combat damage"
"Jumbo Cactuar",27,27,partial,"10,000 Needles — Whenever this creature attacks, it gets +9999/+0 until end of t"
"The Skullspore Nexus",27,27,partial,"This spell costs {X} less to cast, where X is the greatest power among creatures"
"Thraben Charm",27,27,partial,"Choose one — • Thraben Charm deals damage equal to twice the number of creatures"
"Bramble Familiar // Fetch Quest",27,27,partial,"{T}: Add {G}. {1}{G}, {T}, Discard a card: Return this creature to its owner's h"
"Linvala, Keeper of Silence",27,27,partial,"Flying Activated abilities of creatures your opponents control can't be activate"
"Mindslaver",27,27,partial,"{4}, {T}, Sacrifice Mindslaver: You control target player during that player's n"
"Hide on the Ceiling",27,27,partial,"Exile X target artifacts and/or creatures. Return the exiled cards to the battle"
"Aang's Iceberg",27,27,partial,"Flash When this enchantment enters, exile up to one other target nonland permane"
"M.O.D.O.K.",27,27,partial,"Flying, lifelink Mental Organism — Pay 3 life: M.O.D.O.K. connives. Activate onl"
"Pemmin's Aura",27,27,partial,"Enchant creature {U}: Untap enchanted creature. {U}: Enchanted creature gains fl"
"Marrow-Gnawer",27,27,partial,"All Rats have fear. {T}, Sacrifice a Rat: Create X 1/1 black Rat creature tokens"
"Rain of Riches",27,27,partial,"When this enchantment enters, create two Treasure tokens. The first spell you ca"
"Disruptor Flute",27,27,partial,"Flash As this artifact enters, choose a card name. Spells with the chosen name c"
"Unholy Heat",27,27,partial,"Unholy Heat deals 2 damage to target creature or planeswalker. Delirium — Unholy"
"Inquisitive Glimmer",27,27,partial,"Enchantment spells you cast cost {1} less to cast. Unlock costs you pay cost {1}"
"Roaring Furnace // Steaming Sauna",27,27,partial,"When you unlock this door, this Room deals damage equal to the number of cards i"
"Spectacle of Destruction",27,27,partial,"Whenever one or more creatures die, put a wreck counter on this enchantment. At "
"Gifts Ungiven",26,26,partial,"Search your library for up to four cards with different names and reveal them. T"
"Descendants' Path",26,26,partial,"At the beginning of your upkeep, reveal the top card of your library. If it's a "
"Smaug, Wicked Worm",26,26,partial,"Flying When Smaug enters, create X tapped Treasure tokens, where X is the number"
"Urza's Bauble",26,26,partial,"{T}, Sacrifice this artifact: Look at a card at random in target player's hand. "
"Witch's Mark",26,26,partial,"You may discard a card. If you do, draw two cards. Create a Wicked Role token at"
"Sozin's Comet",26,26,partial,"Each creature you control gains firebending 5 until end of turn. (Whenever it at"
"Ringsight",26,26,partial,"The Ring tempts you. Search your library for a card that shares a color with a l"
"Thunderclap Drake",26,26,partial,"Flying Instant and sorcery spells you cast cost {1} less to cast. {2}{U}, Sacrif"
"Raid Bombardment",26,26,partial,"Whenever a creature you control with power 2 or less attacks, this enchantment d"
"Notion Thief",26,26,partial,"Flash If an opponent would draw a card except the first one they draw in each of"
"Regisaur Alpha",26,26,partial,"Other Dinosaurs you control have haste. When this creature enters, create a 3/3 "
"Sword of Body and Mind",26,26,partial,"Equipped creature gets +2/+2 and has protection from green and from blue. Whenev"
"Ghoulish Impetus",26,26,partial,"Enchant creature Enchanted creature gets +1/+1, has deathtouch, and is goaded. ("
"Maester Seymour",26,26,partial,"At the beginning of combat on your turn, put a number of +1/+1 counters equal to"
"Expropriate",26,26,partial,"Council's dilemma — Starting with you, each player votes for time or money. For "
"Domri, Anarch of Bolas",26,26,partial,"Creatures you control get +1/+0. +1: Add {R} or {G}. Creature spells you cast th"
"Dreadhorde Arcanist",26,26,partial,"Trample Whenever this creature attacks, you may cast target instant or sorcery c"
"The Mechanist, Aerial Artisan",26,26,partial,"Whenever you cast a noncreature spell, create a Clue token. (It's an artifact wi"
"Take the Bait",26,26,partial,"Cast this spell only during combat on an opponent's turn. Prevent all combat dam"
"Repercussion",26,26,partial,"Whenever a creature is dealt damage, this enchantment deals that much damage to "
"Aerial Extortionist",26,26,partial,"Flying Whenever this creature enters or deals combat damage to a player, exile u"
"Scampering Surveyor",26,26,partial,"When this creature enters, search your library for a basic land card or Cave car"
"Noxious Ghoul",26,26,partial,"Whenever this creature or another Zombie enters, all non-Zombie creatures get -1"
"The Enigma Jewel // Locus of Enlightenment",26,26,partial,"The Enigma Jewel enters tapped. {T}: Add {C}{C}. Spend this mana only to activat"
"Tangletrove Kelp",26,26,partial,"Ward {2} At the beginning of each combat, other Clues you control become 6/6 Pla"
"Planar Disruption",26,26,partial,"Enchant artifact, creature, or planeswalker Enchanted permanent can't attack or "
"Whelming Wave",26,26,partial,"Return all creatures to their owners' hands except for Krakens, Leviathans, Octo"
"Roaring Earth",26,26,partial,"Landfall — Whenever a land you control enters, put a +1/+1 counter on target cre"
"A-Teferi, Time Raveler",26,26,partial,"Your opponents can't cast spells during your turn. +1: Until your next turn, you"
"Inside Information",25,25,partial,"Exile the top X cards of target opponent's library. You may play those cards thi"
"Earth Kingdom General",25,25,partial,"When this creature enters, earthbend 2. (Target land you control becomes a 0/0 c"
"Animist's Awakening",25,25,partial,"Reveal the top X cards of your library. Put all land cards from among them onto "
"Monster Manual // Zoological Study",25,25,partial,"{1}{G}, {T}: You may put a creature card from your hand onto the battlefield. //"
"Ral, Crackling Wit",25,25,partial,"Whenever you cast a noncreature spell, put a loyalty counter on Ral. +1: Create "
"Treasure Nabber",25,25,partial,"Whenever an opponent taps an artifact for mana, gain control of that artifact un"
"Praetor's Grasp",25,25,partial,"Search target opponent's library for a card and exile it face down. Then that pl"
"Knuckles the Echidna",25,25,partial,"Double strike, trample, haste Whenever one or more creatures you control deal co"
"Rites of Flourishing",25,25,partial,"At the beginning of each player's draw step, that player draws an additional car"
"Silkguard",25,25,partial,"Put a +1/+1 counter on each of up to X target creatures you control. Auras, Equi"
"Phyrexian Vindicator",25,25,partial,"Flying If damage would be dealt to this creature, prevent that damage. When dama"
"Ninja Teen",25,25,partial,"(Gain the next level as a sorcery to add its ability.) Whenever a creature you c"
"Skyhunter Strike Force",25,25,partial,"Flying Melee (Whenever this creature attacks, it gets +1/+1 until end of turn fo"
"Sentinel's Eyes",25,25,partial,"Enchant creature Enchanted creature gets +1/+1 and has vigilance. Escape—{W}, Ex"
"Winds of Abandon",25,25,partial,"Exile target creature you don't control. For each creature exiled this way, its "
"Campfire",25,25,partial,"{1}, {T}: You gain 2 life. {2}, {T}, Exile this artifact: Put all commanders you"
"Magus of the Wheel",25,25,partial,"{1}{R}, {T}, Sacrifice this creature: Each player discards their hand, then draw"
"Katilda, Dawnhart Martyr // Katilda's Rising Dawn",25,25,partial,"Flying, lifelink, protection from Vampires Katilda's power and toughness are eac"
"Tree of Perdition",25,25,partial,"Defender {T}: Exchange target opponent's life total with this creature's toughne"
"Scavenger's Talent",25,25,partial,"(Gain the next level as a sorcery to add its ability.) Whenever one or more crea"
"Harbinger of the Seas",25,25,partial,"Nonbasic lands are Islands."
"Arcanis the Omnipotent",25,25,partial,"{T}: Draw three cards. {2}{U}{U}: Return Arcanis to its owner's hand."
"Stuffy Doll",25,25,partial,"Indestructible As this creature enters, choose a player. Whenever this creature "
"Ultima, Origin of Oblivion",25,25,partial,"Flying Whenever Ultima attacks, put a blight counter on target land. For as long"
"Glorybringer",25,25,partial,"Flying, haste You may exert this creature as it attacks. When you do, it deals 4"
"Noble Heritage",25,25,partial,"Commander creatures you own have ""When this creature enters and at the beginning"
"Determined Iteration",25,25,partial,"At the beginning of combat on your turn, populate. The token created this way ga"
"Luck Bobblehead",25,25,partial,"{T}: Add one mana of any color. {1}, {T}: Roll X six-sided dice, where X is the "
"Daxos, Blessed by the Sun",25,25,partial,"Daxos's toughness is equal to your devotion to white. (Each {W} in the mana cost"
"Torpor Orb",25,25,partial,"Creatures entering don't cause abilities to trigger."
"Starfield of Nyx",25,25,partial,"At the beginning of your upkeep, you may return target enchantment card from you"
"Gauntlet of Power",25,25,partial,"As this artifact enters, choose a color. Creatures of the chosen color get +1/+1"
"Jace, Vryn's Prodigy // Jace, Telepath Unbound",25,25,partial,"{T}: Draw a card, then discard a card. If there are five or more cards in your g"
"Kellan, Planar Trailblazer",25,25,partial,"{1}{R}: If Kellan is a Scout, it becomes a Human Faerie Detective and gains ""Whe"
"Swarm Saboteur",25,25,partial,"Ninjutsu {B} Deathtouch Whenever this creature deals combat damage to a player, "
"Swiftspear's Teachings",25,25,partial,"You get a one-time boon with ""When you cast a creature spell, it gains your choi"
"The Water Crystal",24,24,partial,"Blue spells you cast cost {1} less to cast. If an opponent would mill one or mor"
"Ral, Monsoon Mage // Ral, Leyline Prodigy",24,24,partial,"Instant and sorcery spells you cast cost {1} less to cast. Whenever you cast an "
"Scuzzback Scrounger",24,24,partial,"At the beginning of your first main phase, you may blight 1. If you do, create a"
"Assault Formation",24,24,partial,"Each creature you control assigns combat damage equal to its toughness rather th"
"Prismatic Omen",24,24,partial,"Lands you control are every basic land type in addition to their other types."
"Fighter Class",24,24,partial,"(Gain the next level as a sorcery to add its ability.) When this Class enters, s"
"Single Combat",24,24,partial,"Each player chooses a creature or planeswalker they control, then sacrifices the"
"Temple Altisaur",24,24,partial,"If a source would deal damage to another Dinosaur you control, prevent all but 1"
"Venerated Rotpriest",24,24,partial,"Toxic 1 (Players dealt combat damage by this creature also get a poison counter."
"Amazing Acrobatics",24,24,partial,"Choose one or both — • Counter target spell. • Tap one or two target creatures."
"Herald of Eternal Dawn",24,24,partial,"Flash (You may cast this spell any time you could cast an instant.) Flying You c"
"Bumi, Unleashed",24,24,partial,"Trample When Bumi enters, earthbend 4. Whenever Bumi deals combat damage to a pl"
"Loading Zone",24,24,partial,"If one or more counters would be put on a creature, Spacecraft, or Planet you co"
"Eldrazi Conscription",24,24,partial,"Enchant creature Enchanted creature gets +10/+10 and has trample and annihilator"
"Parasitic Impetus",24,24,partial,"Enchant creature Enchanted creature gets +2/+2 and is goaded. (It attacks each c"
"Gilded Drake",24,24,partial,"Flying When this creature enters, exchange control of this creature and up to on"
"Gisa, Glorious Resurrector",24,24,partial,"If a creature an opponent controls would die, exile it instead. At the beginning"
"Kami of the Crescent Moon",24,24,partial,"At the beginning of each player's draw step, that player draws an additional car"
"Library of Leng",24,24,partial,"You have no maximum hand size. If an effect causes you to discard a card, discar"
"Search for Glory",24,24,partial,"Search your library for a snow permanent card, a legendary card, or a Saga card,"
"Overwhelming Splendor",24,24,partial,"Enchant player Creatures enchanted player controls lose all abilities and have b"
"Camellia, the Seedmiser",24,24,partial,"Menace Other Squirrels you control have menace. Whenever you sacrifice one or mo"
"Arwen, Mortal Queen",24,24,partial,"Arwen enters with an indestructible counter on her. {1}, Remove an indestructibl"
"Yuna, Grand Summoner",24,24,partial,"Grand Summon — {T}: Add one mana of any color. When you next cast a creature spe"
"Grafdigger's Cage",24,24,partial,"Creature cards in graveyards and libraries can't enter the battlefield. Players "
"Monk Gyatso",24,24,partial,"Whenever another creature you control becomes the target of a spell or ability, "
"Dion, Bahamut's Dominant // Bahamut, Warden of Light",24,24,partial,"Dragonfire Dive — During your turn, Dion and other Knights you control have flyi"
"Felidar Sovereign",24,24,partial,"Vigilance (Attacking doesn't cause this creature to tap.) Lifelink (Damage dealt"
"The Legend of Kuruk // Avatar Kuruk",24,24,partial,"(As this Saga enters and after your draw step, add a lore counter.) I, II — Scry"
"Doc Aurlock, Grizzled Genius",24,24,partial,"Spells you cast from your graveyard or from exile cost {2} less to cast. Plottin"
"Aetheric Amplifier",24,24,partial,"{T}: Add one mana of any color. {4}, {T}: Choose one. Activate only as a sorcery"
"Meekstone",24,24,partial,"Creatures with power 3 or greater don't untap during their controllers' untap st"
"Karn, Legacy Reforged",24,24,partial,"Karn's power and toughness are each equal to the greatest mana value among artif"
"Containment Priest",24,24,partial,"Flash If a nontoken creature would enter and it wasn't cast, exile it instead."
"Virtue of Strength // Garenbrig Growth",24,24,partial,"If you tap a basic land for mana, it produces three times as much of that mana i"
"Warden of Evos Isle",24,24,partial,"Flying Creature spells with flying you cast cost {1} less to cast."
"Parallax Wave",24,24,partial,"Fading 5 (This enchantment enters with five fade counters on it. At the beginnin"
"Elspeth's Nightmare",24,24,partial,"(As this Saga enters and after your draw step, add a lore counter. Sacrifice aft"
"Elite Spellbinder",24,24,partial,"Flying When this creature enters, look at target opponent's hand. You may exile "
"Eye of Nidhogg",23,23,partial,"Enchant creature Enchanted creature is a black Dragon with base power and toughn"
"Final Act",23,23,partial,"Choose one or more — • Destroy all creatures. • Destroy all planeswalkers. • Des"
"Stinging Study",23,23,partial,"You draw X cards and you lose X life, where X is the mana value of a commander y"
"Sudden Spoiling",23,23,partial,"Split second (As long as this spell is on the stack, players can't cast spells o"
"Barkform Harvester",23,23,partial,"Changeling (This card is every creature type.) Reach {2}: Put target card from y"
"Ashling, Rekindled // Ashling, Rimebound",23,23,partial,"Whenever this creature enters or transforms into Ashling, Rekindled, you may dis"
"Pyromancer's Goggles",23,23,partial,"{T}: Add {R}. When that mana is spent to cast a red instant or sorcery spell, co"
"Mirrormind Crown",23,23,partial,"As long as this Equipment is attached to a creature, the first time you would cr"
"Conspicuous Snoop",23,23,partial,"Play with the top card of your library revealed. You may cast Goblin spells from"
"Mauhúr, Uruk-hai Captain",23,23,partial,"Menace If one or more +1/+1 counters would be put on an Army, Goblin, or Orc you"
"Grist, Voracious Larva // Grist, the Plague Swarm",23,23,partial,"Deathtouch Whenever Grist or another creature you control enters, if it entered "
"Twenty-Toed Toad",23,23,partial,"Your maximum hand size is twenty. Whenever you attack with two or more creatures"
"Shrieking Drake",23,23,partial,"Flying When this creature enters, return a creature you control to its owner's h"
"Summon: Brynhildr",23,23,partial,"(As this Saga enters and after your draw step, add a lore counter. Sacrifice aft"
"Iron Man Armor",23,23,partial,"When this Equipment enters, attach it to target creature you control. Equipped c"
"Ashiok, Dream Render",23,23,partial,"Spells and abilities your opponents control can't cause their controller to sear"
"Mycosynth Lattice",23,23,partial,"All permanents are artifacts in addition to their other types. All cards that ar"
"Coercive Impetus",23,23,partial,"Enchant creature Enchanted creature gets +1/+1 and is goaded. (It attacks each c"
"Broodguard Elite",23,23,partial,"This creature enters with X +1/+1 counters on it. When this creature leaves the "
"Ezuri, Renegade Leader",23,23,partial,"{G}: Regenerate another target Elf. {2}{G}{G}{G}: Elf creatures you control get "
"Odric, Master Tactician",23,23,partial,"First strike (This creature deals combat damage before creatures without first s"
"Undying Evil",23,23,partial,"Target creature gains undying until end of turn. (When it dies, if it had no +1/"
"Abdel Adrian, Gorion's Ward",23,23,partial,"When Abdel Adrian enters, exile any number of other nonland permanents you contr"
"Valley Rotcaller",23,23,partial,"Menace Whenever this creature attacks, each opponent loses X life and you gain X"
"Bilbo, Fellow Conspirator",23,23,partial,"If you would create a Food token, instead create a Food token and a Treasure tok"
"Flitterwing Nuisance",23,23,partial,"Flying This creature enters with a -1/-1 counter on it. {2}{U}, Remove a counter"
"Dark Leo & Shredder",23,23,partial,"Sneak {W}{B} Attacking Ninjas you control have deathtouch. Whenever Dark Leo & S"
"Slaughter the Strong",23,23,partial,"Each player chooses any number of creatures they control with total power 4 or l"
"Pym Particles",23,23,partial,"Target creature gains vigilance until end of turn and can't be blocked this turn"
"Ajani, Strength of the Pride",23,23,partial,"+1: You gain life equal to the number of creatures you control plus the number o"
"Leader, Super-Genius",23,23,partial,"If a creature you control would connive, instead you draw a card, then that crea"
"Ertai Resurrected",23,23,partial,"Flash When Ertai Resurrected enters, choose up to one — • Counter target spell, "
"Aang's Journey",23,23,partial,"Kicker {2} (You may pay an additional {2} as you cast this spell.) Search your l"
"Pinnacle Emissary",23,23,partial,"Whenever you cast an artifact spell, create a 1/1 colorless Drone artifact creat"
"Shimmerwilds Growth",23,23,partial,"Enchant land As this Aura enters, choose a color. Enchanted land is the chosen c"
"Lord of the Undead",23,23,partial,"Other Zombie creatures get +1/+1. {1}{B}, {T}: Return target Zombie card from yo"
"Agitator Ant",23,23,partial,"At the beginning of your end step, each player may put two +1/+1 counters on a c"
"Basri Ket",23,23,partial,"+1: Put a +1/+1 counter on up to one target creature. It gains indestructible un"
"Crucias, Titan of the Waves",23,23,partial,"At the beginning of your end step, you may discard a card. If you do, create a T"
"Stormforged Armor",23,23,partial,"Equipped creature has ""Whenever this creature attacks, conjure a card named Ball"
"Wisdom of Ages",22,22,partial,"Return all instant and sorcery cards from your graveyard to your hand. You have "
"Yawgmoth's Will",22,22,partial,"Until end of turn, you may play lands and cast spells from your graveyard. If a "
"Day of Black Sun",22,22,partial,"Each creature with mana value X or less loses all abilities until end of turn. D"
"Breaching Dragonstorm",22,22,partial,"When this enchantment enters, exile cards from the top of your library until you"
"Fresh Start",22,22,partial,"Flash Enchant creature Enchanted creature gets -5/-0 and loses all abilities."
"Kheru Goldkeeper",22,22,partial,"Flying Whenever one or more cards leave your graveyard during your turn, create "
"Tamiyo, Field Researcher",22,22,partial,"+1: Choose up to two target creatures. Until your next turn, whenever either of "
"Martial Impetus",22,22,partial,"Enchant creature Enchanted creature gets +1/+1 and is goaded. (It attacks each c"
"Abundance",22,22,partial,"If you would draw a card, you may instead choose land or nonland and reveal card"
"Tifa's Limit Break",22,22,partial,"Tiered (Choose one additional cost.) • Somersault — {0} — Target creature gets +"
"Summoner's Pact",22,22,partial,"Search your library for a green creature card, reveal it, put it into your hand,"
"Angel of Suffering",22,22,partial,"Flying If damage would be dealt to you, prevent that damage and mill twice that "
"Ghostly Dancers",22,22,partial,"Flying When this creature enters, return an enchantment card from your graveyard"
"Wojek Investigator",22,22,partial,"Flying, vigilance At the beginning of your upkeep, investigate once for each opp"
"Alms Collector",22,22,partial,"Flash If an opponent would draw two or more cards, instead you and that player e"
"Show and Tell",22,22,partial,"Each player may put an artifact, creature, enchantment, or land card from their "
"Call the Coppercoats",22,22,partial,"Strive — This spell costs {1}{W} more to cast for each target beyond the first. "
"Urabrask the Hidden",22,22,partial,"Creatures you control have haste. Creatures your opponents control enter tapped."
"Summon: Esper Valigarmanda",22,22,partial,"(As this Saga enters and after your draw step, add a lore counter. Sacrifice aft"
"Manglehorn",22,22,partial,"When this creature enters, you may destroy target artifact. Artifacts your oppon"
"Auron, Venerated Guardian",22,22,partial,"Vigilance Shooting Star — Whenever Auron attacks, put a +1/+1 counter on it. Whe"
"Oath of Teferi",22,22,partial,"When Oath of Teferi enters, exile another target permanent you control. Return i"
"Semester's End",22,22,partial,"Exile any number of target creatures and/or planeswalkers you control. At the be"
"Roiling Vortex",22,22,partial,"At the beginning of each player's upkeep, this enchantment deals 1 damage to the"
"Sunspine Lynx",22,22,partial,"Players can't gain life. Damage can't be prevented. When this creature enters, i"
"Alchemist's Talent",22,22,partial,"(Gain the next level as a sorcery to add its ability.) When this Class enters, c"
"Vengeful Ancestor",22,22,partial,"Flying Whenever this creature enters or attacks, goad target creature. (Until yo"
"Endbringer",22,22,partial,"Untap this creature during each other player's untap step. {T}: This creature de"
"Realmbreaker, the Invasion Tree",22,22,partial,"{2}, {T}: Target opponent mills three cards. Put a land card from their graveyar"
"Bonny Pall, Clearcutter",22,22,partial,"Reach When Bonny Pall enters, create Beau, a legendary blue Ox creature token wi"
"Barbarian Class",22,22,partial,"(Gain the next level as a sorcery to add its ability.) If you would roll one or "
"Tezzeret, Betrayer of Flesh",22,22,partial,"The first activated ability of an artifact you activate each turn costs {2} less"
"Saheeli, Sublime Artificer",22,22,partial,"Whenever you cast a noncreature spell, create a 1/1 colorless Servo artifact cre"
"Triplicate Titan",22,22,partial,"Flying, vigilance, trample When this creature dies, create a 3/3 colorless Golem"
"Encroaching Mycosynth",22,22,partial,"Nonland permanents you control are artifacts in addition to their other types. T"
"Zombie Master",22,22,partial,"Other Zombie creatures have swampwalk. (They can't be blocked as long as defendi"
"Shiny Impetus",22,22,partial,"Enchant creature Enchanted creature gets +2/+2 and is goaded. (It attacks each c"
"Renata, Called to the Hunt",22,22,partial,"Renata's power is equal to your devotion to green. (Each {G} in the mana costs o"
"Glimmer Lens",22,22,partial,"For Mirrodin! (When this Equipment enters, create a 2/2 red Rebel creature token"
"Eluge, the Shoreless Sea",22,22,partial,"Eluge's power and toughness are each equal to the number of Islands you control."
"No Witnesses",22,22,partial,"Each player who controls the most creatures investigates. Then destroy all creat"
"Tail Swipe",22,22,partial,"Choose target creature you control and target creature you don't control. If you"
"Brainstealer Dragon",22,22,partial,"Flying At the beginning of your end step, exile the top card of each opponent's "
"Ornate Imitations",22,22,partial,"For each number between 1 and X, conjure a duplicate of a random creature card w"
"Robber of the Rich",22,22,partial,"Reach, haste Whenever this creature attacks, if defending player has more cards "
"Roshan, Hidden Magister",22,22,partial,"Other creatures you control are Assassins in addition to their other types. The "
"Party Thrasher",22,22,partial,"Noncreature spells you cast from exile have convoke. (Each creature you tap whil"
"Marwyn's Kindred",22,22,partial,"Conjure a card named Marwyn, the Nurturer and X cards named Llanowar Elves onto "
"Tome of the Infinite",22,22,partial,"{U}, {T}: Conjure a random card from Tome of the Infinite's spellbook into your "
"Ambassador of Evendo",22,22,partial,"Landfall — Whenever a land you control enters, a random land card in your librar"
"Saiba Syphoner",22,22,partial,"Flash This spell costs {2} less to cast if there are no instant or sorcery cards"
"Chrome Host Seedshark",21,21,partial,"Flying Whenever you cast a noncreature spell, incubate X, where X is that spell'"
"Consuming Aberration",21,21,partial,"Consuming Aberration's power and toughness are each equal to the number of cards"
"Baral's Expertise",21,21,partial,"Return up to three target artifacts and/or creatures to their owners' hands. You"
"Mai, Scornful Striker",21,21,partial,"First strike Whenever a player casts a noncreature spell, they lose 2 life."
"Cloudshredder Sliver",21,21,partial,"Sliver creatures you control have flying and haste."
"Sanar, Unfinished Genius // Wild Idea",21,21,partial,"Sanar enters prepared. (While it's prepared, you may cast a copy of its spell. D"
"Blitzball",21,21,partial,"{T}: Add one mana of any color. GOOOOAAAALLL! — {T}, Sacrifice this artifact: Dr"
"Glamdring, Foe-hammer // Gleam of Death",21,21,partial,"Instant and sorcery spells you cast cost {X} less to cast, where X is equipped c"
"Dictate of Kruphix",21,21,partial,"Flash (You may cast this spell any time you could cast an instant.) At the begin"
"Magma Opus",21,21,partial,"Magma Opus deals 4 damage divided as you choose among any number of targets. Tap"
"Devilish Valet",21,21,partial,"Trample, haste Alliance — Whenever another creature you control enters, double t"
"Ob Nixilis, the Fallen",21,21,partial,"Landfall — Whenever a land you control enters, you may have target player lose 3"
"Mantle of the Ancients",21,21,partial,"Enchant creature you control When this Aura enters, return any number of target "
"Morningtide's Light",21,21,partial,"Exile any number of target creatures. At the beginning of the next end step, ret"
"The Chain Veil",21,21,partial,"At the beginning of your end step, if you didn't activate a loyalty ability of a"
"Patriarch's Bidding",21,21,partial,"Each player chooses a creature type. Each player returns all creature cards of a"
"Gisela, the Broken Blade",21,21,partial,"Flying, first strike, lifelink At the beginning of your end step, if you both ow"
"Brightglass Gearhulk",21,21,partial,"First strike, trample When this creature enters, you may search your library for"
"Bane of Bala Ged",21,21,partial,"Whenever this creature attacks, defending player exiles two permanents they cont"
"Nils, Discipline Enforcer",21,21,partial,"At the beginning of your end step, for each player, put a +1/+1 counter on up to"
"Bail Out",21,21,partial,"Until end of turn, target creature you control gains ""When this creature dies, r"
"Avenger of the Fallen",21,21,partial,"Deathtouch Mobilize X, where X is the number of creature cards in your graveyard"
"Blue Sun's Twilight",21,21,partial,"Gain control of target creature with mana value X or less. If X is 5 or more, cr"
"Sin, Unending Cataclysm",21,21,partial,"Flying, trample As Sin enters, remove all counters from any number of artifacts,"
"Commit // Memory",21,21,partial,"Put target spell or nonland permanent into its owner's library second from the t"
"Atraxa, Grand Unifier",21,21,partial,"Flying, vigilance, deathtouch, lifelink When Atraxa enters, reveal the top ten c"
"Black Cat, Cunning Thief",21,21,partial,"When Black Cat enters, look at the top nine cards of target opponent's library, "
"Carnage, Crimson Chaos",21,21,partial,"Trample When Carnage enters, return target creature card with mana value 3 or le"
"Tromell, Seymour's Butler",21,21,partial,"Each other nontoken creature you control enters with an additional +1/+1 counter"
"Honored Dreyleader",21,21,partial,"Trample When this creature enters, put a +1/+1 counter on it for each other Squi"
"Stormtide Leviathan",21,21,partial,"Islandwalk (This creature can't be blocked as long as defending player controls "
"Ajani Steadfast",21,21,partial,"+1: Until end of turn, up to one target creature gets +1/+1 and gains first stri"
"Chandra, Awakened Inferno",21,21,partial,"This spell can't be countered. +2: Each opponent gets an emblem with ""At the beg"
"Sorin Markov",21,21,partial,"+2: Sorin Markov deals 2 damage to any target and you gain 2 life. −3: Target op"
"Silent-Blade Oni",21,21,partial,"Ninjutsu {4}{U}{B} ({4}{U}{B}, Return an unblocked attacker you control to hand:"
"Basri, Tomorrow's Champion",21,21,partial,"{W}, {T}, Exert Basri: Create a 1/1 white Cat creature token with lifelink. (An "
"Emergent Ultimatum",21,21,partial,"Search your library for up to three monocolored cards with different names and e"
"Fynn, the Fangbearer",21,21,partial,"Deathtouch (Any amount of damage this deals to a creature is enough to destroy i"
"Lathiel, the Bounteous Dawn",21,21,partial,"Lifelink At the beginning of each end step, if you gained life this turn, distri"
"Gimli of the Glittering Caves",21,21,partial,"Double strike Whenever another legendary creature you control enters, put a +1/+"
"Vexing Puzzlebox",21,21,partial,"Whenever you roll one or more dice, put a number of charge counters on this arti"
"You Find Some Prisoners",21,21,partial,"Choose one — • Break Their Chains — Destroy target artifact. • Interrogate Them "
"Dauthi Embrace",21,21,partial,"{B}{B}: Target creature gains shadow until end of turn. (It can block or be bloc"
"Archetype of Aggression",21,21,partial,"Creatures you control have trample. Creatures your opponents control lose trampl"
"Jill, Shiva's Dominant // Shiva, Warden of Ice",21,21,partial,"When Jill enters, return up to one other target nonland permanent to its owner's"
"Detective of the Month",21,21,partial,"Ascend (If you control ten or more permanents, you get the city's blessing for t"
"Crabomination",21,21,partial,"Emerge from artifact {5}{B}{B} (You may cast this spell by sacrificing an artifa"
"Pain for All",21,21,partial,"Enchant creature you control When this Aura enters, enchanted creature deals dam"
"Poison-Blade Mentor",21,21,partial,"Deathtouch (Any amount of damage this deals to a creature is enough to destroy i"
"Davriel, Soul Broker",21,21,partial,"+1: Until your next turn, whenever an opponent attacks you and/or planeswalkers "
"Mutable Pupa",21,21,partial,"Evolve Whenever another creature you control enters, this creature perpetually g"
"A-Thousand-Faced Shadow",21,21,partial,"Ninjutsu {2}{U} ({2}{U}, Return an unblocked attacker you control to hand: Put t"
"Thieving Aven",21,21,partial,"Flying Whenever Thieving Aven deals combat damage to a player, heist target oppo"
"Stargaze",20,20,partial,"Look at twice X cards from the top of your library. Put X cards from among them "
"Morophon, the Boundless",20,20,partial,"Changeling (This card is every creature type.) As Morophon enters, choose a crea"
"Kirol, Attentive First-Year",20,20,partial,"Tap two untapped creatures you control: Copy target triggered ability you contro"
"All-Out Assault",20,20,partial,"Creatures you control get +1/+1 and have deathtouch. When this enchantment enter"
"Prismari, the Inspiration",20,20,partial,"Flying Ward—Pay 5 life. Instant and sorcery spells you cast have storm. (Wheneve"
"Intuition",20,20,partial,"Search your library for three cards and reveal them. Target opponent chooses one"
"Rally at the Hornburg",20,20,partial,"Create two 1/1 white Human Soldier creature tokens. Humans you control gain hast"
"Battle Cry Goblin",20,20,partial,"{1}{R}: Goblins you control get +1/+0 and gain haste until end of turn. Pack tac"
"Witch-king of Angmar",20,20,partial,"Flying Whenever one or more creatures deal combat damage to you, each opponent s"
"Magmakin Artillerist",20,20,partial,"Whenever you discard one or more cards, this creature deals that much damage to "
"Wrenn and Six",20,20,partial,"+1: Return up to one target land card from your graveyard to your hand. −1: Wren"
"Sunforger",20,20,partial,"Equipped creature gets +4/+0. {R}{W}, Unattach this Equipment: Search your libra"
"Otepec Huntmaster",20,20,partial,"Dinosaur spells you cast cost {1} less to cast. {T}: Target Dinosaur gains haste"
"Marauding Raptor",20,20,partial,"Creature spells you cast cost {1} less to cast. Whenever another creature you co"
"Palani's Hatcher",20,20,partial,"Other Dinosaurs you control have haste. When this creature enters, create two 0/"
"The Millennium Calendar",20,20,partial,"Whenever you untap one or more permanents during your untap step, put that many "
"Oko, Thief of Crowns",20,20,partial,"+2: Create a Food token. (It's an artifact with ""{2}, {T}, Sacrifice this token:"
"Tainted Strike",20,20,partial,"Target creature gets +1/+0 and gains infect until end of turn. (It deals damage "
"Earth Rumble",20,20,unknown,"Earthbend 2. When you do, up to one target creature you control fights target cr"
"Ruthless Technomancer",20,20,partial,"When this creature enters, you may sacrifice another creature you control. If yo"
"The Deck of Many Things",20,20,partial,"{2}, {T}: Roll a d20 and subtract the number of cards in your hand. If the resul"
"Killian, Ink Duelist",20,20,partial,"Lifelink Menace (This creature can't be blocked except by two or more creatures."
"Gift of the Viper",20,20,partial,"Put a +1/+1 counter, a reach counter, and a deathtouch counter on target creatur"
"Primo, the Unbounded",20,20,partial,"Trample Primo enters with twice X +1/+1 counters on it. Whenever one or more cre"
"Unbound Flourishing",20,20,partial,"Whenever you cast a permanent spell with a mana cost that contains {X}, double t"
"Reforge the Soul",20,20,partial,"Each player discards their hand, then draws seven cards. Miracle {1}{R} (You may"
"Jacked Rabbit",20,20,partial,"Ravenous (This creature enters with X +1/+1 counters on it. If X is 5 or more, d"
"Glóin, Dwarf Emissary",20,20,partial,"Whenever you cast a historic spell, create a Treasure token. This ability trigge"
"Tippy-Toe, Terrific Partner",20,20,partial,"If you would create one or more tokens, instead create those tokens plus an addi"
"Noggle the Mind",20,20,partial,"Flash Enchant creature Enchanted creature loses all abilities and is a colorless"
"Collective Effort",20,20,partial,"Escalate—Tap an untapped creature you control. (Pay this cost for each mode chos"
"Summon: Valefor",20,20,partial,"(As this Saga enters and after your draw step, add a lore counter. Sacrifice aft"
"Strixhaven Stadium",20,20,partial,"{T}: Add {C}. Put a point counter on this artifact. Whenever a creature deals co"
"Raphael, the Muscle",20,20,partial,"Double all damage that creatures you control with counters on them would deal. W"
"Michelangelo, the Heart",20,20,partial,"Trample Raid (the Fridge) — At the beginning of your second main phase, if you a"
"Farmer Cotton",20,20,partial,"When this creature enters, create X 1/1 white Halfling creature tokens and X Foo"
"Chandra's Incinerator",20,20,partial,"This spell costs {X} less to cast, where X is the total amount of noncombat dama"
"Mana Reflection",20,20,partial,"If you tap a permanent for mana, it produces twice as much of that mana instead."
"Sire of Stagnation",20,20,partial,"Devoid (This card has no color.) Whenever a land an opponent controls enters, th"
"Astral Dragon",20,20,partial,"Flying Project Image — When this creature enters, create two tokens that are cop"
"Doctor Octopus, Master Planner",20,20,partial,"Other Villains you control get +2/+2. Your maximum hand size is eight. At the be"
"Extinction Event",20,20,partial,"Choose odd or even. Exile each creature with mana value of the chosen quality. ("
"Dance of the Manse",20,20,partial,"Return up to X target artifact and/or non-Aura enchantment cards each with mana "
"Yue, the Moon Spirit",20,20,partial,"Flying, vigilance Waterbend {5}, {T}: You may cast a noncreature spell from your"
"Boggart Mischief",20,20,partial,"When this enchantment enters, you may blight 1. If you do, create two 1/1 black "
"Transmutation Font",20,20,partial,"{T}: Create your choice of a Blood token, a Clue token, or a Food token. {3}, {T"
"Infantry Shield",20,20,partial,"Equipped creature has menace and mobilize X, where X is its power. (Whenever it "
"Ingenious Artillerist",20,20,partial,"Whenever one or more artifacts you control enter, this creature deals that much "
"Relic of Progenitus",20,20,partial,"{T}: Target player exiles a card from their graveyard. {1}, Exile this artifact:"
"Karumonix, the Rat King",20,20,partial,"Toxic 1 (Players dealt combat damage by this creature also get a poison counter."
"Azure Beastbinder",20,20,partial,"Vigilance This creature can't be blocked by creatures with power 2 or greater. W"
"Mechanized Warfare",20,20,partial,"If a red or artifact source you control would deal damage to an opponent or a pe"
"Ashcoat of the Shadow Swarm",20,20,partial,"Whenever Ashcoat attacks or blocks, other Rats you control get +X/+X until end o"
"Sundering Titan",20,20,partial,"When this creature enters or leaves the battlefield, choose a land of each basic"
"A-Silver-Fur Master",20,20,partial,"Ninjutsu {U/B} ({U/B}, Return an unblocked attacker you control to hand: Put thi"
"Nightclub Bouncer",20,20,partial,"Flash When this creature enters, return target nonland permanent an opponent con"
"Outrageous Robbery",19,19,partial,"Target opponent exiles the top X cards of their library face down. You may look "
"Stensian Sanguinist // Exsanguinate",19,19,partial,"Whenever you attack, target creature gains deathtouch until end of turn. Wheneve"
"Zendikar Resurgent",19,19,partial,"Whenever you tap a land for mana, add one mana of any type that land produced. ("
"Captivating Vampire",19,19,partial,"Other Vampire creatures you control get +1/+1. Tap five untapped Vampires you co"
"Crossway Troublemakers",19,19,partial,"Attacking Vampires you control have deathtouch and lifelink. (Any amount of dama"
"Kalitas, Traitor of Ghet",19,19,partial,"Lifelink If a nontoken creature an opponent controls would die, instead exile th"
"Leyline of Hope",19,19,partial,"If this card is in your opening hand, you may begin the game with it on the batt"
"Olivia's Wrath",19,19,partial,"Each non-Vampire creature gets -X/-X until end of turn, where X is the number of"
"Twinning Staff",19,19,partial,"If you would copy a spell one or more times, instead copy it that many times plu"
"Firemind Vessel",19,19,partial,"This artifact enters tapped. {T}: Add two mana of different colors."
"Grindstone",19,19,partial,"{3}, {T}: Target player mills two cards. If two cards that share a color were mi"
"Thornbite Staff",19,19,partial,"Equipped creature has ""{2}, {T}: This creature deals 1 damage to any target"" and"
"Wild Magic Surge",19,19,partial,"Destroy target permanent an opponent controls. Its controller reveals cards from"
"One Ring to Rule Them All",19,19,partial,"(As this Saga enters and after your draw step, add a lore counter. Sacrifice aft"
"Hermit Druid",19,19,partial,"{G}, {T}: Reveal cards from the top of your library until you reveal a basic lan"
"Two-Handed Axe // Sweeping Cleave",19,19,partial,"Whenever equipped creature attacks, double its power until end of turn. Equip {1"
"Gishath, Sun's Avatar",19,19,partial,"Vigilance, trample, haste Whenever Gishath deals combat damage to a player, reve"
"Teferi, Temporal Archmage",19,19,partial,"+1: Look at the top two cards of your library. Put one of them into your hand an"
"Angel of Destiny",19,19,partial,"Flying, double strike Whenever a creature you control deals combat damage to a p"
"Underrealm Lich",19,19,partial,"If you would draw a card, instead look at the top three cards of your library, t"
"Eternal Scourge",19,19,partial,"You may cast this card from exile. When this creature becomes the target of a sp"
"Anti-Venom, Horrifying Healer",19,19,partial,"When Anti-Venom enters, if he was cast, return target creature card from your gr"
"Folk Hero",19,19,partial,"Commander creatures you own have ""Whenever you cast a spell that shares a creatu"
"Step Through",19,19,partial,"Return two target creatures to their owners' hands. Wizardcycling {2} ({2}, Disc"
"Tyvar Kell",19,19,partial,"Elves you control have ""{T}: Add {B}."" +1: Put a +1/+1 counter on up to one targ"
"Painter's Servant",19,19,partial,"As this creature enters, choose a color. All cards that aren't on the battlefiel"
"Drogskol Reinforcements",19,19,partial,"Melee (Whenever this creature attacks, it gets +1/+1 until end of turn for each "
"Inevitable Betrayal",19,19,partial,"Suspend 3—{1}{U}{U} (Rather than cast this card from your hand, pay {1}{U}{U} an"
"Spider-UK",19,19,partial,"Web-slinging {2}{W} (You may cast this spell for {2}{W} if you also return a tap"
"The Notary Hobbits",19,19,partial,"When The Notary Hobbits enter, if they're not a token, create two tokens that ar"
"Gleeful Arsonist",19,19,partial,"Whenever an opponent casts a noncreature spell, this creature deals damage equal"
"Sandwurm Convergence",19,19,partial,"Creatures with flying can't attack you or planeswalkers you control. At the begi"
"Brigid, Clachan's Heart // Brigid, Doun's Mind",19,19,partial,"Whenever this creature enters or transforms into Brigid, Clachan's Heart, create"
"World War Hulk",19,19,partial,"(As this Saga enters and after your draw step, add a lore counter. Sacrifice aft"
"Rionya, Fire Dancer",19,19,partial,"At the beginning of combat on your turn, create X tokens that are copies of anot"
"Asmodeus the Archfiend",19,19,partial,"Binding Contract — If you would draw a card, exile the top card of your library "
"Fade from History",19,19,partial,"Each player who controls an artifact or enchantment creates a 2/2 green Bear cre"
"Thief of Sanity",19,19,partial,"Flying Whenever this creature deals combat damage to a player, look at the top t"
"Clockspinning",19,19,partial,"Buyback {3} (You may pay an additional {3} as you cast this spell. If you do, pu"
"Agility Bobblehead",19,19,partial,"{T}: Add one mana of any color. {3}, {T}: Up to X target creatures you control e"
"Wand of Wonder",19,19,partial,"{4}, {T}: Roll a d20. Each opponent exiles cards from the top of their library u"
"Weathered Sentinels",19,19,partial,"Defender, reach, vigilance, trample This creature can attack players who attacke"
"Spider-Man, Brooklyn Visionary",19,19,partial,"Web-slinging {2}{G} (You may cast this spell for {2}{G} if you also return a tap"
"Vnwxt, Verbose Host",19,19,partial,"Start your engines! (If you have no speed, it starts at 1. It increases once on "
"Defiler of Flesh",19,19,partial,"Menace As an additional cost to cast black permanent spells, you may pay 2 life."
"Mulch",19,19,partial,"Reveal the top four cards of your library. Put all land cards revealed this way "
"Neyith of the Dire Hunt",19,19,partial,"Whenever one or more creatures you control fight or become blocked, draw a card."
"Serpent of Yawning Depths",19,19,partial,"Krakens, Leviathans, Octopuses, and Serpents you control can't be blocked except"
"Spawning Kraken",19,19,partial,"Whenever a Kraken, Leviathan, Octopus, or Serpent you control deals combat damag"
"Mechtitan Core",19,19,partial,"{5}, Exile this Vehicle and four other artifact creatures and/or Vehicles you co"
"Dredger's Insight",19,19,partial,"Whenever one or more artifact and/or creature cards leave your graveyard, you ga"
"Molten Impact",19,19,partial,"This sorcery deals 4 damage to target creature or planeswalker. If excess damage"
"Impetuous Lootmonger",19,19,partial,"First strike When Impetuous Lootmonger enters, discard a card, then heist target"
"Illuminating Lash",19,19,partial,"Illuminating Lash deals 3 damage to any target. You get a one-time boon with ""Wh"
"A-Moon-Circuit Hacker",19,19,partial,"Ninjutsu {U} ({U}, Return an unblocked attacker you control to hand: Put this ca"
"Talion's Throneguard",19,19,partial,"Flash Bargain Flying When Talion's Throneguard enters, return up to one target s"
"Perforator Crocodile",19,19,partial,"When Perforator Crocodile enters, for each creature your opponents control, conj"
"Taskmaster, Mercenary Mimic",18,18,partial,"Photographic Reflexes — At the beginning of your first main phase, until your ne"
"Divine Reckoning",18,18,partial,"Each player chooses a creature they control. Destroy the rest. Flashback {5}{W}{"
"Summon: Good King Mog XII",18,18,partial,"(As this Saga enters and after your draw step, add a lore counter. Sacrifice aft"
"Samut, Tyrant of Naktamun",18,18,partial,"Instant and sorcery spells you control have split second. (As long as a spell wi"
"Jenova, Ancient Calamity",18,18,partial,"At the beginning of combat on your turn, put a number of +1/+1 counters equal to"
"Thrumming Hivepool",18,18,partial,"Affinity for Slivers (This spell costs {1} less to cast for each Sliver you cont"
"Drana and Linvala",18,18,partial,"Flying, vigilance Activated abilities of creatures your opponents control can't "
"Gogo, Master of Mimicry",18,18,partial,"{X}{X}, {T}: Copy target activated or triggered ability you control X times. You"
"Maximum Carnage",18,18,partial,"(As this Saga enters and after your draw step, add a lore counter. Sacrifice aft"
"Magewright's Stone",18,18,partial,"{1}, {T}: Untap target creature that has an activated ability with {T} in its co"
"Warg Rider",18,18,partial,"Menace Other Orcs and Goblins you control have menace. At the beginning of comba"
"Kwain, Itinerant Meddler",18,18,partial,"{T}: Each player may draw a card, then each player who drew a card this way gain"
"Whitemane Lion",18,18,partial,"Flash When this creature enters, return a creature you control to its owner's ha"
"Chocobo Kick",18,18,partial,"Kicker—Return a land you control to its owner's hand. (You may return a land you"
"Progenitor's Icon",18,18,partial,"As this artifact enters, choose a creature type. {T}: Add one mana of any color."
"Valkyrie's Call",18,18,partial,"Whenever a nontoken, non-Angel creature you control dies, return that card to th"
"Lost in the Maze",18,18,partial,"Flash When this enchantment enters, tap X target creatures. Put a stun counter o"
"Cavalier of Thorns",18,18,partial,"Reach When this creature enters, reveal the top five cards of your library. Put "
"Omnath, Locus of the Roil",18,18,partial,"When Omnath enters, it deals damage to any target equal to the number of Element"
"Sinister Gnarlbark",18,18,partial,"At the beginning of your end step, draw a card and blight 1. (Put a -1/-1 counte"
"Feral Ghoul",18,18,partial,"Menace Whenever another creature you control dies, put a +1/+1 counter on this c"
"Eriette of the Charmed Apple",18,18,partial,"Each creature that's enchanted by an Aura you control can't attack you or planes"
"Master of Ceremonies",18,18,partial,"At the beginning of your upkeep, each opponent chooses money, friends, or secret"
"Fumulus, the Infestation",18,18,partial,"Flying, deathtouch Whenever a player sacrifices a nontoken creature, create a 1/"
"Hooded Hydra",18,18,partial,"This creature enters with X +1/+1 counters on it. When this creature dies, creat"
"Elvish Champion",18,18,partial,"Other Elf creatures get +1/+1 and have forestwalk. (They can't be blocked as lon"
"Echo of Eons",18,18,partial,"Each player shuffles their hand and graveyard into their library, then draws sev"
"Joshua, Phoenix's Dominant // Phoenix, Warden of Fire",18,18,partial,"When Joshua enters, discard up to two cards, then draw that many cards. {3}{R}{W"
"All Will Be One",18,18,partial,"Whenever you put one or more counters on a permanent or player, this enchantment"
"Season of Loss",18,18,partial,"Choose up to five {P} worth of modes. You may choose the same mode more than onc"
"Petty Larceny",18,18,partial,"Freerunning {1}{B} (You may cast this spell for its freerunning cost if you deal"
"Kang, Temporal Tyrant",18,18,partial,"Whenever Kang attacks, he connives. (Draw a card, then discard a card. If you di"
"Splinter, the Mentor",18,18,partial,"Menace Whenever Splinter or another nontoken creature you control leaves the bat"
"Thornvault Forager",18,18,partial,"{T}: Add {G}. {T}, Forage: Add two mana in any combination of colors. (To forage"
"Likeness Looter",18,18,partial,"Flying {T}: Draw a card, then discard a card. {X}: This creature becomes a copy "
"Sovereign Okinec Ahau",18,18,partial,"Ward {2} Whenever Sovereign Okinec Ahau attacks, for each creature you control w"
"Summon: Magus Sisters",18,18,partial,"(As this Saga enters and after your draw step, add a lore counter. Sacrifice aft"
"Coin of Mastery",18,18,partial,"Each creature you control enters with an additional +1/+1 counter on it for each"
"Raph & Leo, Sibling Rivals",18,18,partial,"Whenever Raph & Leo attack, if it's the first combat phase of the turn, untap on"
"Zirda, the Dawnwaker",18,18,partial,"Companion — Each permanent card in your starting deck has an activated ability. "
"Kaito Shizuki",18,18,partial,"At the beginning of your end step, if Kaito entered this turn, he phases out. +1"
"Silverwing Squadron",18,18,partial,"Flying, vigilance Silverwing Squadron's power and toughness are each equal to th"
"Flayer of Loyalties",18,18,partial,"When you cast this spell, gain control of target creature until end of turn. Unt"
"Ultima",18,18,partial,"Destroy all artifacts and creatures. End the turn. (Exile all spells and abiliti"
"Ultron, Unlimited",18,18,partial,"Flying Whenever Ultron attacks, he connives. (Draw a card, then discard a card. "
"Spider-Woman, Stunning Savior",18,18,partial,"Flying Venom Blast — Artifacts and creatures your opponents control enter tapped"
"Curious Colossus",18,18,partial,"When this creature enters, each creature target opponent controls loses all abil"
"Liliana, Heretical Healer // Liliana, Defiant Necromancer",18,18,partial,"Lifelink Whenever another nontoken creature you control dies, exile Liliana, Her"
"Appa, Loyal Sky Bison",18,18,partial,"Flying Whenever Appa enters or attacks, choose one — • Target creature you contr"
"Aang, the Last Airbender",18,18,partial,"Flying When Aang enters, airbend up to one other target nonland permanent. (Exil"
"Exhibition Tidecaller",18,18,partial,"Opus — Whenever you cast an instant or sorcery spell, target player mills three "
"Duplicant",18,18,partial,"Imprint — When this creature enters, you may exile target nontoken creature. As "
"Immortal Obligation",18,18,partial,"Return target creature card from an opponent's graveyard to the battlefield unde"
"Dog Umbra",18,18,partial,"Flash Enchant creature As long as another player controls enchanted creature, it"
"With Great Power . . .",18,18,partial,"Enchant creature you control Enchanted creature gets +2/+2 for each Aura and Equ"
"Dawn of a New Age",18,18,partial,"This enchantment enters with a hope counter on it for each creature you control."
"Wyll, Blade of Frontiers",18,18,partial,"If you would roll one or more dice, instead roll that many dice plus one and ign"
"Shield Sphere",18,18,partial,"Defender Whenever this creature blocks, put a -0/-1 counter on it."
"Mirrodin Besieged",18,18,partial,"As this enchantment enters, choose Mirran or Phyrexian. • Mirran — Whenever you "
"Shark Shredder, Killer Clone",18,18,partial,"Sneak {3}{B}{B} First strike Whenever Shark Shredder deals combat damage to a pl"
"Origin of Spider-Man",18,18,partial,"(As this Saga enters and after your draw step, add a lore counter. Sacrifice aft"
"Abhorrent Overlord",18,18,partial,"Flying When this creature enters, create a number of 1/1 black Harpy creature to"
"Minimus Containment",18,18,partial,"Enchant nonland permanent Enchanted permanent is a Treasure artifact with ""{T}, "
"Ironheart, Clever Champion",18,18,partial,"Improvise (Your artifacts can help cast this spell. Each artifact you tap after "
"Chandra, Dressed to Kill",18,18,partial,"+1: Add {R}. Chandra deals 1 damage to up to one target player or planeswalker. "
"Watcher of the Spheres",18,18,partial,"Flying Creature spells with flying you cast cost {1} less to cast. Whenever anot"
"Breeches, Brazen Plunderer",18,18,partial,"Menace Whenever one or more Pirates you control deal damage to your opponents, e"
"Plasma Bolt",18,18,partial,"Plasma Bolt deals 2 damage to any target. Void — Plasma Bolt deals 3 damage inst"
"Cunning Azurescale // Divining Dive",18,18,partial,"Flash Flying When this creature enters, secretly choose land or nonland. Seek tw"
"Jarsyl, Dark Age Scion",18,18,partial,"Starting intensity 1 At the beginning of combat on your turn, you may cast a spe"
"Grievous Wound",17,17,partial,"Enchant player Enchanted player can't gain life. Whenever enchanted player is de"
"Tom, Bert, and William",17,17,partial,"{1}, Sacrifice another creature: Draw cards equal to the sacrificed creature's p"
"Elemental Teachings",17,17,partial,"Search your library for up to four land cards with different names and reveal th"
"Torgal, A Fine Hound",17,17,partial,"Whenever you cast your first Human creature spell each turn, that creature enter"
"Thrakkus the Butcher",17,17,partial,"Trample Whenever Thrakkus attacks, double the power of each Dragon you control u"
"Thor, God of Thunder",17,17,partial,"Flying When Thor enters, exile target Equipment, instant, or sorcery card from y"
"Finale of Promise",17,17,partial,"You may cast up to one target instant card and/or up to one target sorcery card "
"Lier, Disciple of the Drowned",17,17,partial,"Spells can't be countered. Each instant and sorcery card in your graveyard has f"
"Shadow Rift",17,17,partial,"Target creature gains shadow until end of turn. (It can block or be blocked by o"
"Avatar Roku, Firebender",17,17,partial,"Whenever a player attacks, add six {R}. Until end of combat, you don't lose this"
"Bringer of the Last Gift",17,17,partial,"Flying When this creature enters, if you cast it, each player sacrifices all oth"
"Grishnákh, Brash Instigator",17,17,partial,"When Grishnákh enters, amass Orcs 2. When you do, until end of turn, gain contro"
"Azog, Moria's Ruin",17,17,partial,"When Azog enters, destroy up to one other target creature. Its controller amasse"
"Rot-Curse Rakshasa",17,17,partial,"Trample Decayed (This creature can't block. When it attacks, sacrifice it at end"
"Oblivion Sower",17,17,partial,"When you cast this spell, target opponent exiles the top four cards of their lib"
"Wear Down",17,17,partial,"Gift a card (You may promise an opponent a gift as you cast this spell. If you d"
"Codsworth, Handy Helper",17,17,partial,"Commanders you control have ward {2}. {T}: Add {W}{W}. Spend this mana only to c"
"Summon: Shiva",17,17,partial,"(As this Saga enters and after your draw step, add a lore counter. Sacrifice aft"
"Leyline of the Void",17,17,partial,"If this card is in your opening hand, you may begin the game with it on the batt"
"Immoral Bargain",17,17,partial,"As an additional cost to cast this spell, sacrifice X creatures. Destroy X targe"
"Gollum, Obsessed Stalker",17,17,partial,"Skulk (This creature can't be blocked by creatures with greater power.) At the b"
"Song of the Dryads",17,17,partial,"Enchant permanent Enchanted permanent is a colorless Forest land."
"Lim-Dûl's Vault",17,17,partial,"Look at the top five cards of your library. As many times as you choose, you may"
"Forced Fruition",17,17,partial,"Whenever an opponent casts a spell, that player draws seven cards."
"Rampaging Yao Guai",17,17,partial,"Vigilance, trample This creature enters with X +1/+1 counters on it. When this c"
"Topiary Lecturer",17,17,partial,"Increment (Whenever you cast a spell, if the amount of mana you spent is greater"
"Ajani's Chosen",17,17,partial,"Whenever an enchantment you control enters, create a 2/2 white Cat creature toke"
"Flickering Ward",17,17,partial,"Enchant creature As this Aura enters, choose a color. Enchanted creature has pro"
"General's Enforcer",17,17,partial,"Legendary Humans you control have indestructible. {2}{W}{B}: Exile target card f"
"Phyresis",17,17,partial,"Enchant creature Enchanted creature has infect. (It deals damage to creatures in"
"Tinybones, Bauble Burglar",17,17,partial,"Whenever an opponent discards a card, exile it from their graveyard with a stash"
"Norman Osborn // Green Goblin",17,17,partial,"Norman Osborn can't be blocked. Whenever Norman Osborn deals combat damage to a "
"Gisa, the Hellraiser",17,17,partial,"Ward—{2}, Pay 2 life. Skeletons and Zombies you control get +1/+1 and have menac"
"Abomination of Llanowar",17,17,partial,"Vigilance; menace (This creature can't be blocked except by two or more creature"
"Dragon Mage",17,17,partial,"Flying Whenever this creature deals combat damage to a player, each player disca"
"Bag of Holding",17,17,partial,"Whenever you discard a card, exile that card from your graveyard. {2}, {T}: Draw"
"Siphon Insight",17,17,partial,"Look at the top two cards of target opponent's library. Exile one of them face d"
"Gatta and Luzzu",17,17,partial,"Flash When Gatta and Luzzu enters, choose target creature you control. If damage"
"Oath of Gideon",17,17,partial,"When Oath of Gideon enters, create two 1/1 white Kor Ally creature tokens. Each "
"Teferi, Who Slows the Sunset",17,17,partial,"+1: Choose up to one target artifact, up to one target creature, and up to one t"
"Mikey & Don, Party Planners",17,17,partial,"Ward {2} You may look at the top card of your library any time. You may play lan"
"Splinter, Radical Rat",17,17,partial,"If a triggered ability of a Ninja creature you control triggers, that ability tr"
"Tidus, Yuna's Guardian",17,17,partial,"At the beginning of combat on your turn, you may move a counter from target crea"
"Call Damage Control",17,17,partial,"Choose up to two. Return those cards from your graveyard to your hand. • Target "
"Mana Flare",17,17,partial,"Whenever a player taps a land for mana, that player adds one mana of any type th"
"Rogue Class",17,17,partial,"(Gain the next level as a sorcery to add its ability.) Whenever a creature you c"
"Legion Loyalty",17,17,partial,"Creatures you control have myriad. (Whenever a creature with myriad attacks, for"
"The Wanderer",17,17,partial,"Prevent all noncombat damage that would be dealt to you and other permanents you"
"Idol of False Gods",17,17,partial,"{1}{C}, {T}: Create a 0/1 colorless Eldrazi Spawn creature token with ""Sacrifice"
"Interceptor, Shadow's Hound",17,17,partial,"Menace Assassins you control have menace. Whenever you attack with one or more l"
"Field-Tested Frying Pan",17,17,partial,"When this Equipment enters, create a Food token, then create a 1/1 white Halflin"
"Samwise the Stouthearted",17,17,partial,"Flash When Samwise enters, choose up to one target permanent card in your gravey"
"Kari Zev, Skyship Raider",17,17,partial,"First strike, menace Whenever Kari Zev attacks, create Ragavan, a legendary 2/1 "
"Dragon's Fire",17,17,partial,"As an additional cost to cast this spell, you may reveal a Dragon card from your"
"Nicol Bolas, God-Pharaoh",17,17,partial,"+2: Target opponent exiles cards from the top of their library until they exile "
"Spectacular Showdown",17,17,partial,"Put a double strike counter on target creature, then goad each creature that had"
"Grafted Exoskeleton",17,17,partial,"Equipped creature gets +2/+2 and has infect. (It deals damage to creatures in th"
"Winter Orb",17,17,partial,"As long as this artifact is untapped, players can't untap more than one land dur"
"Graveyard Trespasser // Graveyard Glutton",17,17,partial,"Ward—Discard a card. Whenever this creature enters or attacks, exile up to one t"
"Harmonic Sliver",17,17,partial,"All Slivers have ""When this permanent enters, destroy target artifact or enchant"
"The Fall of Lord Konda // Fragment of Konda",17,17,partial,"(As this Saga enters and after your draw step, add a lore counter.) I — Exile ta"
"Cybership",17,17,partial,"Flying Whenever this Vehicle deals combat damage to a player, put the top two ca"
"Blade Splicer",17,17,partial,"When this creature enters, create a 3/3 colorless Phyrexian Golem artifact creat"
"Galactus, Devourer of Worlds",17,17,partial,"Flying, trample, indestructible When Galactus enters, exile target permanent. In"
"Scarlet Spider, Ben Reilly",17,17,partial,"Web-slinging {R}{G} (You may cast this spell for {R}{G} if you also return a tap"
"Tragic Trajectory",17,17,partial,"Target creature gets -2/-2 until end of turn. Void — That creature gets -10/-10 "
"Reflector Mage",17,17,partial,"When this creature enters, return target creature an opponent controls to its ow"
"Koth, Fire of Resistance",17,17,partial,"+2: Search your library for a basic Mountain card, reveal it, put it into your h"
"Arachne, Psionic Weaver",17,17,partial,"Web-slinging {W} (You may cast this spell for {W} if you also return a tapped cr"
"Inquisitor's Flail",17,17,partial,"If equipped creature would deal combat damage, it deals double that damage inste"
"Jolted Awake",17,17,partial,"Choose up to one target artifact or creature card in your graveyard. You get {E}"
"Depopulate",17,17,partial,"Each player who controls a multicolored creature draws a card. Then destroy all "
"Blizzard Brawl",17,17,partial,"Choose target creature you control and target creature you don't control. If you"
"Fiendish Duo",17,17,partial,"First strike (This creature deals combat damage before creatures without first s"
"Iron Man, Bleeding Edge",17,17,partial,"Flying Whenever you cast an artifact spell, you may copy it, except the copy isn"
"Anzrag, the Quake-Mole",17,17,partial,"Whenever Anzrag becomes blocked, untap each creature you control. After this pha"
"Sliver Hivelord",17,17,partial,"Sliver creatures you control have indestructible. (Damage and effects that say """
"Slinn Voda, the Rising Deep",17,17,partial,"Kicker {1}{U} (You may pay an additional {1}{U} as you cast this spell.) When Sl"
"Dress Down",17,17,partial,"Flash When this enchantment enters, draw a card. Creatures lose all abilities. A"
"Confounding Conundrum",17,17,partial,"When this enchantment enters, draw a card. Whenever a land an opponent controls "
"Reidane, God of the Worthy // Valkmira, Protector's Shield",17,17,partial,"Flying, vigilance Snow lands your opponents control enter tapped. Noncreature sp"
"Nine Lives",17,17,partial,"Hexproof If a source would deal damage to you, prevent that damage and put an in"
"Juggernaut Peddler",17,17,partial,"Vigilance When Juggernaut Peddler enters, target player reveals all nonland card"
"Rahilda, Wanted Cutthroat // Rahilda, Feral Outlaw",17,17,partial,"First strike When Rahilda, Wanted Cutthroat deals combat damage to a player, exi"
"Fearsome Whelp",17,17,partial,"Flying At the beginning of your end step, each Dragon card in your hand perpetua"
"Fandaniel, Telophoroi Ascian",16,16,partial,"Whenever you cast an instant or sorcery spell, surveil 1. At the beginning of yo"
"Collector Ouphe",16,16,partial,"Activated abilities of artifacts can't be activated."
"Moritte of the Frost",16,16,partial,"Changeling (This card is every creature type.) You may have Moritte enter as a c"
"Sarkhan the Masterless",16,16,partial,"Whenever a creature attacks you or a planeswalker you control, each Dragon you c"
"The First Sliver",16,16,partial,"Cascade (When you cast this spell, exile cards from the top of your library unti"
"Blood Seeker",16,16,partial,"Whenever a creature an opponent controls enters, you may have that player lose 1"
"Dance of the Dead",16,16,partial,"Enchant creature card in a graveyard When this Aura enters, if it's on the battl"
"The Rise of Sozin // Fire Lord Sozin",16,16,partial,"(As this Saga enters and after your draw step, add a lore counter.) I — Destroy "
"Devastating Onslaught",16,16,partial,"Create X tokens that are copies of target artifact or creature you control. Thos"
"Nicol Bolas, Dragon-God",16,16,partial,"Nicol Bolas has all loyalty abilities of all other planeswalkers on the battlefi"
"Archetype of Imagination",16,16,partial,"Creatures you control have flying. Creatures your opponents control lose flying "
"Planetary Annihilation",16,16,partial,"Each player chooses six lands they control, then sacrifices the rest. Planetary "
"Titania, Voice of Gaea",16,16,partial,"Reach Whenever one or more land cards are put into your graveyard from anywhere,"
"Pensive Professor",16,16,partial,"Increment (Whenever you cast a spell, if the amount of mana you spent is greater"
"Clash of the Eikons",16,16,partial,"Choose one or more — • Target creature you control fights target creature an opp"
"Armored Skyhunter",16,16,partial,"Flying Whenever this creature attacks, look at the top six cards of your library"
"Crystal Fragments // Summon: Alexander",16,16,partial,"Equipped creature gets +1/+1. {5}{W}{W}: Exile this Equipment, then return it to"
"Tranquil Frillback",16,16,partial,"When this creature enters, you may pay {G} up to three times. When you pay this "
"Bond of Discipline",16,16,partial,"Tap all creatures your opponents control. Creatures you control gain lifelink un"
"Crashing Wave",16,16,partial,"As an additional cost to cast this spell, waterbend {X}. (While paying a waterbe"
"Procrastinate",16,16,partial,"Tap target creature. Put twice X stun counters on it. (If a permanent with a stu"
"Infectious Bite",16,16,partial,"Target creature you control deals damage equal to its power to target creature y"
"Incinerator of the Guilty",16,16,partial,"Flying, trample Whenever this creature deals combat damage to a player, you may "
"Heroic Feast",16,16,partial,"When this enchantment enters, create a Food token. (It's an artifact with ""{2}, "
"Restorative Technique",16,16,partial,"Target player gains 2 life, then searches their library for a basic land card, p"
"Chain of Smog",16,16,partial,"Target player discards two cards. That player may copy this spell and may choose"
"Merchant of Truth",16,16,partial,"Flying Whenever a nontoken creature you control dies, investigate. Clues you con"
"The Book of Exalted Deeds",16,16,partial,"At the beginning of your end step, if you gained 3 or more life this turn, creat"
"Josu Vess, Lich Knight",16,16,partial,"Kicker {5}{B} (You may pay an additional {5}{B} as you cast this spell.) Menace "
"Elusive Otter // Grove's Bounty",16,16,partial,"Prowess (Whenever you cast a noncreature spell, this creature gets +1/+1 until e"
"Guardian Augmenter",16,16,partial,"Flash Commander creatures you control get +2/+2. Commanders you control have hex"
"Mass Manipulation",16,16,partial,"Gain control of X target creatures and/or planeswalkers."
"Zimone, Paradox Sculptor",16,16,partial,"At the beginning of combat on your turn, put a +1/+1 counter on each of up to tw"
"Excava, the Risen Past",16,16,partial,"Flying, haste Whenever Excava attacks, return up to one target artifact, creatur"
"Quintorius, Loremaster",16,16,partial,"Vigilance At the beginning of your end step, exile target noncreature, nonland c"
"Lich-Knights' Conquest",16,16,partial,"Sacrifice any number of artifacts, enchantments, and/or tokens. Return that many"
"Beorn the Fierce",16,16,partial,"Trample Other Bears you control get +2/+2. At the beginning of combat on your tu"
"April O'Neil, Live on the Scene",16,16,partial,"Whenever a Mutant, Ninja, or Turtle you control enters, investigate. (Create a C"
"Nelly Borca, Impulsive Accuser",16,16,partial,"Vigilance Whenever Nelly Borca attacks, suspect target creature. Then goad all s"
"Rule of Law",16,16,partial,"Each player can't cast more than one spell each turn."
"Cataclysmic Gearhulk",16,16,partial,"Vigilance When this creature enters, each player chooses an artifact, a creature"
"Ancient Adamantoise",16,16,partial,"Vigilance, ward {3} Damage isn't removed from this creature during cleanup steps"
"Ob Nixilis Reignited",16,16,partial,"+1: You draw a card and you lose 1 life. −3: Destroy target creature. −8: Target"
"Ink-Eyes, Servant of Oni",16,16,partial,"Ninjutsu {3}{B}{B} ({3}{B}{B}, Return an unblocked attacker you control to hand:"
"Damping Sphere",16,16,partial,"If a land is tapped for two or more mana, it produces {C} instead of any other t"
"Devourer of Destiny",16,16,partial,"You may reveal this card from your opening hand. If you do, at the beginning of "
"Treebeard, Gracious Host",16,16,partial,"Trample, ward {2} When Treebeard enters, create two Food tokens. Whenever you ga"
"Dragon's Rage Channeler",16,16,partial,"Whenever you cast a noncreature spell, surveil 1. (Look at the top card of your "
"Thrumming Stone",16,16,partial,"Spells you cast have ripple 4. (Whenever you cast a spell, you may reveal the to"
"Keiga, the Tide Star",16,16,partial,"Flying When Keiga dies, gain control of target creature."
"Magmatic Hellkite",16,16,partial,"Flying When this creature enters, destroy target nonbasic land an opponent contr"
"Behold the Sinister Six!",16,16,partial,"Return up to six target creature cards with different names from your graveyard "
"North Pole Patrol",16,16,partial,"{T}: Untap another target permanent you control. Waterbend {3}, {T}: Tap target "
"Aether Gale",16,16,partial,"Return six target nonland permanents to their owners' hands."
"Desecrate Reality",16,16,partial,"For each opponent, exile up to one target permanent that player controls with an"
"Marchesa's Decree",16,16,partial,"When this enchantment enters, you become the monarch. Whenever a creature attack"
"The Akroan War",16,16,partial,"(As this Saga enters and after your draw step, add a lore counter. Sacrifice aft"
"Moonlit Meditation",16,16,partial,"Enchant artifact or creature you control The first time you would create one or "
"Robe of Stars",16,16,partial,"Equipped creature gets +0/+3. Astral Projection — {1}{W}: Equipped creature phas"
"Cynical Loner",16,16,partial,"This creature can't be blocked by Glimmers. Survival — At the beginning of your "
"Lonis, Cryptozoologist",16,16,partial,"Whenever another nontoken creature you control enters, investigate. {T}, Sacrifi"
"Boseiju Reaches Skyward // Branch of Boseiju",16,16,partial,"(As this Saga enters and after your draw step, add a lore counter.) I — Search y"
"Kiora Bests the Sea God",16,16,partial,"(As this Saga enters and after your draw step, add a lore counter. Sacrifice aft"
"Summon: Fat Chocobo",16,16,partial,"(As this Saga enters and after your draw step, add a lore counter. Sacrifice aft"
"Guidelight Matrix",16,16,partial,"When this artifact enters, draw a card. {2}, {T}: Target Mount you control becom"
"Spider-Man India",16,16,partial,"Web-slinging {1}{G}{W} (You may cast this spell for {1}{G}{W} if you also return"
"Bad Moon",16,16,partial,"Black creatures get +1/+1."
"Spell Queller",16,16,partial,"Flash Flying When this creature enters, exile target spell with mana value 4 or "
"Restricted Office // Lecture Hall",16,16,partial,"When you unlock this door, destroy all creatures with power 3 or greater. (You m"
"Crystalline Sliver",16,16,partial,"All Slivers have shroud. (They can't be the targets of spells or abilities.)"
"Kefnet's Monument",16,16,partial,"Blue creature spells you cast cost {1} less to cast. Whenever you cast a creatur"
"Agent of the Shadow Thieves",16,16,partial,"Commander creatures you own have ""Whenever this creature attacks a player, if no"
"Banefire",16,16,partial,"Banefire deals X damage to any target. If X is 5 or more, this spell can't be co"
"Defiler of Instinct",16,16,partial,"First strike As an additional cost to cast red permanent spells, you may pay 2 l"
"Nesting Bot",16,16,partial,"Start your engines! (If you have no speed, it starts at 1. It increases once on "
"Anointed Peacekeeper",16,16,partial,"Vigilance As this creature enters, look at an opponent's hand, then choose any c"
"Song of Seasons",16,16,partial,"Seek a Mountain card, a Forest card, and a non-Mountain, non-Forest land card. P"
"Agent of Raffine",16,16,partial,"{2}, {T}: Choose target opponent. Conjure a duplicate of the top card of their l"
"Terrors of the Track",16,16,partial,"Flying Double team Whenever this creature or another creature dies, each opponen"
"A-Nezumi Prowler",16,16,partial,"Ninjutsu {1}{B} ({1}{B}, Return an unblocked attacker you control to hand: Put t"
"A-Minsc & Boo, Timeless Heroes",16,16,partial,"When Minsc & Boo, Timeless Heroes enters and at the beginning of your upkeep, if"
"Keen Duelist",15,15,partial,"At the beginning of your upkeep, you and target opponent each reveal the top car"
"Strategic Betrayal",15,15,partial,"Target opponent exiles a creature they control and their graveyard."
"Gorma, the Gullet",15,15,partial,"Lifelink Whenever another creature you control dies, put a +1/+1 counter on Gorm"
"Black Sun's Twilight",15,15,partial,"Up to one target creature gets -X/-X until end of turn. If X is 5 or more, retur"
"Roiling Dragonstorm",15,15,partial,"When this enchantment enters, draw two cards, then discard a card. When a Dragon"
"Bladewing the Risen",15,15,partial,"Flying When Bladewing enters, you may return target Dragon permanent card from y"
"Yuriko, the Tiger's Shadow",15,15,partial,"Commander ninjutsu {U}{B} ({U}{B}, Return an unblocked attacker you control to h"
"Geode Golem",15,15,partial,"Trample Whenever this creature deals combat damage to a player, you may cast you"
"Sorin of House Markov // Sorin, Ravenous Neonate",15,15,partial,"Lifelink Extort (Whenever you cast a spell, you may pay {W/B}. If you do, each o"
"Champion of Dusk",15,15,partial,"When this creature enters, you draw X cards and you lose X life, where X is the "
"Jeweled Amulet",15,15,partial,"{1}, {T}: Put a charge counter on this artifact. Note the type of mana spent to "
"Dictate of the Twin Gods",15,15,partial,"Flash If a source would deal damage to a permanent or player, it deals double th"
"Overmaster",15,15,partial,"The next instant or sorcery spell you cast this turn can't be countered. Draw a "
"Prologue to Phyresis",15,15,partial,"Each opponent gets a poison counter. Draw a card."
"Goblin Rabblemaster",15,15,partial,"Other Goblin creatures you control attack each combat if able. At the beginning "
"Sauron, the Necromancer",15,15,partial,"Menace Whenever Sauron attacks, exile target creature card from your graveyard. "
"Bilbo, Luckwearer // Burglar's Plot",15,15,partial,"Bilbo can't be blocked. Whenever Bilbo deals combat damage to a player, draw a c"
"Summon: Kujata",15,15,partial,"(As this Saga enters and after your draw step, add a lore counter. Sacrifice aft"
"Akiri, Fearless Voyager",15,15,partial,"Whenever you attack a player with one or more equipped creatures, draw a card. {"
"Hunting Velociraptor",15,15,partial,"First strike Dinosaur spells you cast have prowl {2}{R}. (You may cast a spell f"
"Vorel of the Hull Clade",15,15,partial,"{G}{U}, {T}: Double the number of each kind of counter on target artifact, creat"
"Olórin's Searing Light",15,15,partial,"Each opponent exiles a creature with the greatest power among creatures that pla"
"Deadpool, Trading Card",15,15,partial,"As Deadpool enters, you may exchange his text box and another creature's. At the"
"Shielded by Faith",15,15,partial,"Enchant creature Enchanted creature has indestructible. Whenever a creature ente"
"Combat Calligrapher",15,15,partial,"Flying Inklings can't attack you or planeswalkers you control. Whenever a player"
"Tevesh Szat, Doom of Fools",15,15,partial,"+2: Create two 0/1 black Thrull creature tokens. +1: You may sacrifice another c"
"Tyvar the Bellicose",15,15,partial,"Whenever one or more Elves you control attack, they gain deathtouch until end of"
"Alandra, Sky Dreamer",15,15,partial,"Whenever you draw your second card each turn, create a 2/2 blue Drake creature t"
"Deification",15,15,partial,"As this enchantment enters, choose a planeswalker type. Planeswalkers you contro"
"Oft-Nabbed Goat",15,15,partial,"{1}: Draw a card. Gain control of this creature and put a -1/-1 counter on it. O"
"Persistent Constrictor",15,15,partial,"At the beginning of each opponent's upkeep, they lose 1 life and you put a -1/-1"
"Doom Reigns Supreme",15,15,partial,"Whenever a Villain you control enters, each opponent loses 1 life and you gain 1"
"Fblthp, Lost on the Range",15,15,partial,"Ward {2} You may look at the top card of your library any time. The top card of "
"Murkfiend Liege",15,15,partial,"Other green creatures you control get +1/+1. Other blue creatures you control ge"
"Gideon, Ally of Zendikar",15,15,partial,"+1: Until end of turn, Gideon becomes a 5/5 Human Soldier Ally creature with ind"
"Celes, Rune Knight",15,15,partial,"When Celes enters, discard any number of cards, then draw that many cards plus o"
"Hawkeye, Young Avenger",15,15,partial,"Reach If a source you control would deal noncombat damage to an opponent or a pe"
"Star Athlete",15,15,partial,"Menace Whenever this creature attacks, choose up to one target nonland permanent"
"Thousand-Faced Shadow",15,15,partial,"Ninjutsu {2}{U}{U} ({2}{U}{U}, Return an unblocked attacker you control to hand:"
"Nashi, Moon Sage's Scion",15,15,partial,"Ninjutsu {3}{B} ({3}{B}, Return an unblocked attacker you control to hand: Put t"
"Mirror March",15,15,partial,"Whenever a nontoken creature you control enters, flip a coin until you lose a fl"
"Prosperous Bandit",15,15,partial,"Offspring {1} (You may pay an additional {1} as you cast this spell. If you do, "
"Trinisphere",15,15,partial,"As long as this artifact is untapped, each spell that would cost less than three"
"Selective Obliteration",15,15,partial,"Each player chooses a color. Then exile each permanent unless it's colorless or "
"Disciple of the Vault",15,15,partial,"Whenever an artifact is put into a graveyard from the battlefield, you may have "
"Generous Ent",15,15,partial,"Reach When this creature enters, create a Food token. (It's an artifact with ""{2"
"Storm of Souls",15,15,partial,"Return all creature cards from your graveyard to the battlefield. Each of them i"
"Creative Technique",15,15,partial,"Demonstrate (When you cast this spell, you may copy it. If you do, choose an opp"
"Racers' Scoreboard",15,15,partial,"Start your engines! (If you have no speed, it starts at 1. It increases once on "
"Dack Fayden",15,15,partial,"+1: Target player draws two cards, then discards two cards. −2: Gain control of "
"Toph, the First Metalbender",15,15,partial,"Nontoken artifacts you control are lands in addition to their other types. (They"
"Aang, Airbending Master",15,15,partial,"When Aang enters, airbend another target creature. (Exile it. While it's exiled,"
"Waterbender's Restoration",15,15,partial,"As an additional cost to cast this spell, waterbend {X}. (While paying a waterbe"
"Druid of Purification",15,15,partial,"When this creature enters, starting with you, each player may choose an artifact"
"Virtus the Veiled",15,15,partial,"Partner with Gorm the Great (When this creature enters, target player may put Go"
"Cyberman Patrol",15,15,partial,"Artifact creatures you control have afflict 3. (Whenever a creature with afflict"
"Buried in the Garden",15,15,partial,"Enchant land When this Aura enters, exile target nonland permanent you don't con"
"Berserk",15,15,partial,"Cast this spell only before the combat damage step. Target creature gains trampl"
"Treasure Chest",15,15,partial,"{4}, Sacrifice this artifact: Roll a d20. 1 | Trapped! — You lose 3 life. 2—9 | "
"Clown Car",15,15,partial,"When this Vehicle enters, roll X six-sided dice. For each odd result, create a 1"
"Heartstone",15,15,partial,"Activated abilities of creatures cost {1} less to activate. This effect can't re"
"Sword of the Meek",15,15,partial,"Equipped creature gets +1/+2. Equip {2} Whenever a 1/1 creature you control ente"
"Urza, Lord Protector",15,15,partial,"Artifact, instant, and sorcery spells you cast cost {1} less to cast. {7}: If yo"
"Another Round",15,15,partial,"Exile any number of creatures you control, then return them to the battlefield u"
"Astarion's Thirst",15,15,partial,"Exile target creature. Put X +1/+1 counters on a commander creature you control,"
"Scrabbling Claws",15,15,partial,"{T}: Target player exiles a card from their graveyard. {1}, Sacrifice this artif"
"Lurrus of the Dream-Den",15,15,partial,"Companion — Each permanent card in your starting deck has mana value 2 or less. "
"Tithe Taker",15,15,partial,"During your turn, spells your opponents cast cost {1} more to cast and abilities"
"Elvish Clancaller",15,15,partial,"Other Elves you control get +1/+1. {4}{G}{G}, {T}: Search your library for a car"
"Lavabelly Sliver",15,15,partial,"Sliver creatures you control have ""When this creature enters, it deals 1 damage "
"The Kami War // O-Kagachi Made Manifest",15,15,partial,"(As this Saga enters and after your draw step, add a lore counter.) I — Exile ta"
"Zur, Eternal Schemer",15,15,partial,"Flying Enchantment creatures you control have deathtouch, lifelink, and hexproof"
"Knight Paladin",15,15,partial,"Trample Rapid-fire Battle Cannon — When this Vehicle enters, it deals 4 damage t"
"Yorion, Sky Nomad",15,15,partial,"Companion — Your starting deck contains at least twenty cards more than the mini"
"Zero Point Ballad",15,15,partial,"Destroy all creatures with toughness X or less. You lose X life. If X is 6 or mo"
"Miles Morales // Ultimate Spider-Man",15,15,partial,"When Miles Morales enters, put a +1/+1 counter on each of up to two target creat"
"Silk, Web Weaver",15,15,partial,"Web-slinging {1}{G}{W} (You may cast this spell for {1}{G}{W} if you also return"
"Spider-Man, Web-Slinger",15,15,partial,"Web-slinging {W} (You may cast this spell for {W} if you also return a tapped cr"
"Hot Pursuit",15,15,partial,"When this enchantment enters, suspect target creature an opponent controls. As l"
"Geode Rager",15,15,partial,"First strike Landfall — Whenever a land you control enters, goad each creature t"
"Petrify",15,15,partial,"Enchant artifact or creature Enchanted permanent can't attack or block, and its "
"Galerider Sliver",15,15,partial,"Sliver creatures you control have flying."
"The Princess Takes Flight",15,15,partial,"(As this Saga enters and after your draw step, add a lore counter. Sacrifice aft"
"Jace, the Perfected Mind",15,15,partial,"Compleated ({U/P} can be paid with {U} or 2 life. If life was paid, this planesw"
"Case of the Stashed Skeleton",15,15,partial,"When this Case enters, create a 2/1 black Skeleton creature token and suspect it"
"Analyze the Pollen",15,15,partial,"As an additional cost to cast this spell, you may collect evidence 8. (Exile car"
"Speedbrood Stalker",15,15,partial,"Flying, Lifelink When this creature enters, choose target opponent. Secretly cho"
"Kitesail Freebooter",15,15,partial,"Flying When this creature enters, target opponent reveals their hand. You choose"
"Sanguine Soothsayer",15,15,partial,"Flying, lifelink Whenever this creature attacks, conjure a card named Sanguine B"
"Jet Collector",15,15,partial,"At the beginning of your second main phase, if four or more cards are in your gr"
"Mephit's Enthusiasm",15,15,partial,"This sorcery deals 4 damage to target creature or planeswalker. If excess damage"
"Kari Zev, Crew of Two",15,15,partial,"Menace, Haste Whenever Kari Zev attacks while you don't control a legendary Monk"
"Hangarback Assembler",15,15,partial,"Start your engines! When this artifact enters, conjure a card named Hangarback W"
"Chitinous Crawler",15,15,partial,"At the beginning of combat on your turn, choose target creature card in your gra"
"Debt to the Deathless",14,14,partial,"Each opponent loses two times X life. You gain life equal to the life lost this "
"Mnemonic Betrayal",14,14,partial,"Exile all opponents' graveyards. You may cast spells from among those cards this"
"Profane Command",14,14,partial,"Choose two — • Target player loses X life. • Return target creature card with ma"
"Leyline of Transformation",14,14,partial,"If this card is in your opening hand, you may begin the game with it on the batt"
"Coalition Relic",14,14,partial,"{T}: Add one mana of any color. {T}: Put a charge counter on this artifact. At t"
"Scaled Nurturer",14,14,partial,"{T}: Add {G}. When you spend this mana to cast a Dragon creature spell, you gain"
"Edgar, Charmed Groom // Edgar Markov's Coffin",14,14,partial,"Other Vampires you control get +1/+1. When Edgar dies, return it to the battlefi"
"New Blood",14,14,partial,"As an additional cost to cast this spell, tap an untapped Vampire you control. G"
"Ty Lee, Chi Blocker",14,14,partial,"Flash Prowess (Whenever you cast a noncreature spell, this creature gets +1/+1 u"
"Zuko, Firebending Master",14,14,partial,"First strike Firebending X, where X is the number of experience counters you hav"
"Iroh, Dragon of the West",14,14,partial,"Haste Mentor (Whenever this creature attacks, put a +1/+1 counter on target atta"
"Gleaming Overseer",14,14,partial,"When this creature enters, amass Zombies 1. (Put a +1/+1 counter on an Army you "
"Burning-Rune Demon",14,14,partial,"Flying When this creature enters, you may search your library for exactly two ca"
"Timetwister",14,14,partial,"Each player shuffles their hand and graveyard into their library, then draws sev"
"Nature's Will",14,14,partial,"Whenever one or more creatures you control deal combat damage to a player, tap a"
"Rush of Dread",14,14,partial,"Spree (Choose one or more additional costs.) + {1} — Target opponent sacrifices "
"Font of Mythos",14,14,partial,"At the beginning of each player's draw step, that player draws two additional ca"
"Ardenn, Intrepid Archaeologist",14,14,partial,"At the beginning of combat on your turn, you may attach any number of Auras and "
"Masterwork of Ingenuity",14,14,partial,"You may have this Equipment enter as a copy of any Equipment on the battlefield."
"Prishe's Wanderings",14,14,partial,"Search your library for a basic land card or Town card, put it onto the battlefi"
"Bronzebeak Foragers",14,14,partial,"When this creature enters, for each opponent, exile up to one target nonland per"
"Kindred Summons",14,14,partial,"Choose a creature type. Reveal cards from the top of your library until you reve"
"Haunting Voyage",14,14,partial,"Choose a creature type. Return up to two creature cards of that type from your g"
"Sower of Discord",14,14,partial,"Flying As this creature enters, choose two players. Whenever damage is dealt to "
"Angel of Jubilation",14,14,partial,"Flying Other nonblack creatures you control get +1/+1. Players can't pay life or"
"Canopy Gargantuan",14,14,partial,"Flying, ward {2} At the beginning of your upkeep, put a number of +1/+1 counters"
"Gruff Triplets",14,14,partial,"Trample When this creature enters, if it isn't a token, create two tokens that a"
"Elegy Acolyte",14,14,partial,"Lifelink Whenever one or more creatures you control deal combat damage to a play"
"Hushbringer",14,14,partial,"Flying, lifelink Creatures entering or dying don't cause abilities to trigger."
"Altar of the Wretched // Wretched Bonemass",14,14,partial,"When this artifact enters, you may sacrifice a nontoken creature. If you do, dra"
"Sphinx's Tutelage",14,14,partial,"Whenever you draw a card, target opponent mills two cards. If two nonland cards "
"Vault 12: The Necropolis",14,14,partial,"(As this Saga enters and after your draw step, add a lore counter. Sacrifice aft"
"Scriv, the Obligator",14,14,partial,"Flying, deathtouch Whenever Scriv enters or attacks, create a white Aura enchant"
"Serra the Benevolent",14,14,partial,"+2: Creatures you control with flying get +1/+1 until end of turn. −3: Create a "
"Everybody Lives!",14,14,partial,"All creatures gain hexproof and indestructible until end of turn. Players gain h"
"Epic Fight",14,14,partial,"Choose one or both — • Double target creature's power and toughness until end of"
"Celeborn the Wise",14,14,partial,"Whenever you attack with one or more Elves, scry 1. Whenever you scry, Celeborn "
"Prowler's Helm",14,14,partial,"Equipped creature can't be blocked except by Walls. Equip {2}"
"Entrancing Melody",14,14,partial,"Gain control of target creature with mana value X."
"Blitzball Stadium",14,14,partial,"When this artifact enters, support X. (Put a +1/+1 counter on each of up to X ta"
"Spiteful Visions",14,14,partial,"At the beginning of each player's draw step, that player draws an additional car"
"Dissection Tools",14,14,partial,"When this Equipment enters, manifest dread, then attach this Equipment to that c"
"Fiend Hunter",14,14,partial,"When this creature enters, you may exile another target creature. When this crea"
"Aberrant Return",14,14,partial,"Put one, two, or three target creature cards from graveyards onto the battlefiel"
"Peter Parker // Amazing Spider-Man",14,14,partial,"When Peter Parker enters, create a 2/1 green Spider creature token with reach. {"
"Invasion of Fiora // Marchesa, Resolute Monarch",14,14,partial,"(As a Siege enters, choose an opponent to protect it. You and others can attack "
"Swarmyard Massacre",14,14,partial,"Create two 1/1 green Squirrel creature tokens. Then each creature that isn't an "
"The Weatherseed Treaty",14,14,partial,"Read ahead (Choose a chapter and start with that many lore counters. Add one aft"
"Tromokratis",14,14,partial,"Tromokratis has hexproof unless it's attacking or blocking. Tromokratis can't be"
"Sam, Loyal Attendant",14,14,partial,"Partner with Frodo, Adventurous Hobbit (When this creature enters, target player"
"Thalia and The Gitrog Monster",14,14,partial,"First strike, deathtouch You may play an additional land on each of your turns. "
"Revenge of Ravens",14,14,partial,"Whenever a creature attacks you or a planeswalker you control, that creature's c"
"Stonespeaker Crystal",14,14,partial,"{T}: Add {C}{C}. {2}, {T}, Sacrifice this artifact: Exile any number of target p"
"Mishra, Claimed by Gix",14,14,partial,"Whenever you attack, each opponent loses X life and you gain X life, where X is "
"Captain America, Super-Soldier",14,14,partial,"First strike Captain America enters with a shield counter on him. (If he would b"
"Daughter of the Deep",14,14,partial,"Whenever you draw your second card each turn, create a 1/1 blue Merfolk creature"
"Forbidden Friendship",14,14,partial,"Create a 1/1 red Dinosaur creature token with haste and a 1/1 white Human Soldie"
"Beacon of Immortality",14,14,partial,"Double target player's life total. Shuffle Beacon of Immortality into its owner'"
"Quandrix, the Proof",14,14,partial,"Flying, trample Cascade (When you cast this spell, exile cards from the top of y"
"Loki's Scepter",14,14,partial,"When Loki's Scepter enters, gain control of target creature until end of turn. U"
"Puppet Master, String Puller",14,14,partial,"Whenever you attack, goad target creature an opponent controls. It can't block t"
"Orthion, Hero of Lavabrink",14,14,partial,"{1}{R}, {T}: Create a token that's a copy of another target creature you control"
"Invasion of Tarkir // Defiant Thundermaw",14,14,partial,"(As a Siege enters, choose an opponent to protect it. You and others can attack "
"Prismatic Undercurrents",14,14,partial,"Vivid — When this enchantment enters, search your library for up to X basic land"
"Sphinx of the Second Sun",14,14,partial,"Flying At the beginning of each of your postcombat main phases, there is an addi"
"Yasharn, Implacable Earth",14,14,partial,"When Yasharn enters, search your library for a basic Forest card and a basic Pla"
"Vastlands Scavenger // Bind to Life",14,14,partial,"Deathtouch This creature enters prepared. (While it's prepared, you may cast a c"
"World at War",14,14,partial,"After the second main phase this turn, there's an additional combat phase follow"
"Scryb Ranger",14,14,partial,"Flash Flying, protection from blue Return a Forest you control to its owner's ha"
"Mirrorform",14,14,partial,"Each nonland permanent you control becomes a copy of target non-Aura permanent."
"Symbiote Spider-Man",14,14,partial,"Whenever this creature deals combat damage to a player, look at that many cards "
"Metalworker",14,14,partial,"{T}: Reveal any number of artifact cards in your hand. Add {C}{C} for each card "
"Mycosynth Golem",14,14,partial,"Affinity for artifacts (This spell costs {1} less to cast for each artifact you "
"Yes Man, Personal Securitron",14,14,partial,"{T}: Target opponent gains control of Yes Man. When they do, you draw two cards "
"Shadow of the Second Sun",14,14,partial,"Enchant player At the beginning of each of enchanted player's postcombat main ph"
"Deep-Sea Kraken",14,14,partial,"This creature can't be blocked. Suspend 9—{2}{U} (Rather than cast this card fro"
"Golgari Thug",14,14,partial,"When this creature dies, put target creature card from your graveyard on top of "
"Kellan Joins Up",14,14,partial,"When Kellan Joins Up enters, you may exile a nonland card with mana value 3 or l"
"Cranial Plating",14,14,partial,"Equipped creature gets +1/+0 for each artifact you control. {B}{B}: Attach this "
"Chief Engineer",14,14,partial,"Artifact spells you cast have convoke. (Your creatures can help cast those spell"
"Neheb, Dreadhorde Champion",14,14,partial,"Trample Whenever Neheb deals combat damage to a player or planeswalker, you may "
"Walking Bulwark",14,14,partial,"Defender {2}: Until end of turn, target creature with defender gains haste, can "
"Anafenza, Unyielding Lineage",14,14,partial,"Flash First strike Whenever another nontoken creature you control dies, Anafenza"
"Quick Sliver",14,14,partial,"Flash Any player may cast Sliver spells as though they had flash."
"Bottle-Cap Blast",14,14,partial,"Improvise (Your artifacts can help cast this spell. Each artifact you tap after "
"Siege Dragon",14,14,partial,"Flying When this creature enters, destroy all Walls your opponents control. When"
"Erebos's Intervention",14,14,partial,"Choose one — • Target creature gets -X/-X until end of turn. You gain X life. • "
"Assemble the Players",14,14,partial,"You may look at the top card of your library any time. Once each turn, you may c"
"Blacksmith's Talent",14,14,partial,"(Gain the next level as a sorcery to add its ability.) When this Class enters, c"
"Cosmic Hunger",14,14,partial,"Target creature you control deals damage equal to its power to another target cr"
"Sliver Legion",14,14,partial,"All Sliver creatures get +1/+1 for each other Sliver on the battlefield."
"Syphon Sliver",14,14,partial,"Sliver creatures you control have lifelink. (Damage dealt by a Sliver creature y"
"Kumano Faces Kakkazan // Etching of Kumano",14,14,partial,"(As this Saga enters and after your draw step, add a lore counter.) I — This Sag"
"Control Magic",14,14,partial,"Enchant creature You control enchanted creature."
"Winding Way",14,14,partial,"Choose creature or land. Reveal the top four cards of your library. Put all card"
"Heliod's Punishment",14,14,partial,"Enchant creature This Aura enters with four task counters on it. Enchanted creat"
"Verdant Rejuvenation",14,14,partial,"Seek X creature, enchantment, and/or planeswalker cards, where X is the highest "
"Weave the Nightmare",14,14,partial,"Choose one. If you control a nonland permanent you don't own as you cast this sp"
"A-Nadu, Winged Wisdom",14,14,partial,"Flying Whenever a creature you control becomes the target of a spell or ability,"
"Urza's Construction Drone",14,14,partial,"When Urza's Construction Drone enters, conjure cards named Urza's Mine, Urza's P"
"A-Iridescent Hornbeetle",14,14,partial,"At the beginning of your end step, create a 1/1 green Insect creature token for "
"Lyse Hext",13,13,partial,"Prowess (Whenever you cast a noncreature spell, this creature gets +1/+1 until e"
"Bard, King of Dale",13,13,partial,"Reach, vigilance If you would draw a card except the first one you draw in each "
"Watery Grasp",13,13,partial,"Enchant creature Enchanted creature doesn't untap during its controller's untap "
"Baron Helmut Zemo",13,13,partial,"Whenever you cast a black spell from your hand, Baron Helmut Zemo connives. Boas"
"Green Sun's Twilight",13,13,partial,"Reveal the top X plus one cards of your library. Choose a creature card and/or a"
"Temur Battlecrier",13,13,partial,"During your turn, spells you cast cost {1} less to cast for each creature you co"
"Thundermane Dragon",13,13,partial,"Flying You may look at the top card of your library any time. You may cast creat"
"Betor, Kin to All",13,13,partial,"Flying At the beginning of your end step, if creatures you control have total to"
"Fire Nation Turret",13,13,partial,"At the beginning of combat on your turn, up to one target creature gets +2/+0 an"
"Goliath Daydreamer",13,13,partial,"Whenever you cast an instant or sorcery spell from your hand, exile that card wi"
"Azula, Cunning Usurper",13,13,partial,"Firebending 2 (Whenever this creature attacks, add {R}{R}. This mana lasts until"
"Surge to Victory",13,13,partial,"Exile target instant or sorcery card from your graveyard. Creatures you control "
"Tin Street Dodger",13,13,partial,"Haste {R}: This creature can't be blocked this turn except by creatures with def"
"Muxus, Goblin Grandee",13,13,partial,"When Muxus enters, reveal the top six cards of your library. Put all Goblin crea"
"The Great Goblin",13,13,partial,"Whenever you put one or more counters on a Goblin, Orc, or Army you control, The"
"Bolg of the North",13,13,partial,"When Bolg enters, you may sacrifice another creature. When you do, Bolg deals da"
"The Mouth of Sauron",13,13,partial,"When The Mouth of Sauron enters, target player mills three cards. Then amass Orc"
"Nuclear Fallout",13,13,partial,"Each creature gets twice -X/-X until end of turn. Each player gets X rad counter"
"Gluntch, the Bestower",13,13,partial,"Flying At the beginning of your end step, choose a player. They put two +1/+1 co"
"Super-Soldier Serum",13,13,partial,"Enchant creature Enchanted creature gets +2/+2, has first strike and vigilance, "
"Nissa, Vital Force",13,13,partial,"+1: Untap target land you control. Until your next turn, it becomes a 5/5 Elemen"
"Infectious Inquiry",13,13,partial,"You draw two cards and you lose 2 life. Each opponent gets a poison counter."
"Possibility Storm",13,13,partial,"Whenever a player casts a spell from their hand, that player exiles it, then exi"
"Fertilid",13,13,partial,"This creature enters with two +1/+1 counters on it. {1}{G}, Remove a +1/+1 count"
"Spinerock Tyrant",13,13,partial,"Flying Wither (This deals damage to creatures in the form of -1/-1 counters.) Wh"
"Wave of Reckoning",13,13,partial,"Each creature deals damage to itself equal to its power."
"Screeching Scorchbeast",13,13,partial,"Flying, menace Whenever this creature attacks, each player gets two rad counters"
"Retether",13,13,partial,"Return each Aura card from your graveyard to the battlefield. Only creatures can"
"Kefka, Dancing Mad",13,13,partial,"During your turn, Kefka has indestructible. At the beginning of your end step, e"
"Telepathy",13,13,partial,"Your opponents play with their hands revealed."
"Helm of Awakening",13,13,partial,"Spells cost {1} less to cast."
"Lluwen, Exchange Student // Pest Friend",13,13,partial,"Lluwen enters prepared. (While it's prepared, you may cast a copy of its spell. "
"Brass Infiniscope",13,13,partial,"{T}: Add {C}{C}. When you next cast a spell with {X} in its mana cost this turn,"
"Ratadrabik of Urborg",13,13,partial,"Vigilance, ward {2} Other Zombies you control have vigilance. Whenever another l"
"Loki, the Deceiver",13,13,partial,"Whenever Loki attacks, create a tapped and attacking token that's a copy of anot"
"Rocksteady, Mutant Marauder",13,13,partial,"Partner with Bebop, Skull & Crossbones (When this creature enters, target player"
"The Unbeatable Squirrel Girl",13,13,partial,"Do You Like Squirrels? — Whenever The Unbeatable Squirrel Girl enters or attacks"
"Ral, Storm Conduit",13,13,partial,"Whenever you cast or copy an instant or sorcery spell, Ral deals 1 damage to tar"
"Victory Chimes",13,13,partial,"Untap this artifact during each other player's untap step. {T}: A player of your"
"Kimahri, Valiant Guardian",13,13,partial,"Vigilance Ronso Rage — At the beginning of combat on your turn, put a +1/+1 coun"
"Level Up",13,13,partial,"Enchant creature When this Aura enters, put a +1/+1 counter on enchanted creatur"
"Wildgrowth Archaic",13,13,partial,"Reach, trample Converge — This creature enters with a +1/+1 counter on it for ea"
"Tree of Redemption",13,13,partial,"Defender {T}: Exchange your life total with this creature's toughness."
"Ninja's Blades",13,13,partial,"Job select Equipped creature gets +1/+1, is a Ninja in addition to its other typ"
"Locke, Treasure Hunter",13,13,partial,"Locke can't be blocked by creatures with greater power. Mug — Whenever Locke att"
"Godo, Bandit Warlord",13,13,partial,"When Godo enters, you may search your library for an Equipment card, put it onto"
"Batterskull",13,13,partial,"Living weapon (When this Equipment enters, create a 0/0 black Phyrexian Germ cre"
"Hideous Taskmaster",13,13,partial,"Devoid (This card has no color.) When you cast this spell, for each opponent, ga"
"Svyelun of Sea and Sky",13,13,partial,"Svyelun has indestructible as long as you control at least two other Merfolk. Wh"
"Valley Questcaller",13,13,partial,"Whenever one or more other Rabbits, Bats, Birds, and/or Mice you control enter, "
"Korvold and the Noble Thief",13,13,partial,"(As this Saga enters and after your draw step, add a lore counter. Sacrifice aft"
"Molecule Man",13,13,partial,"Nonland cards in your hand have miracle {0}. (You may cast a card for its miracl"
"Savage Beating",13,13,partial,"Cast this spell only during combat on your turn. Choose one — • Creatures you co"
"Calix, Destiny's Hand",13,13,partial,"+1: Look at the top four cards of your library. You may reveal an enchantment ca"
"Netherborn Altar",13,13,partial,"{T}, Put a soul counter on this artifact: Put your commander into your hand from"
"Horned Loch-Whale // Lagoon Breach",13,13,partial,"Flash Ward {2} This creature enters tapped unless it's your turn. // The owner o"
"Katara, Bending Prodigy",13,13,partial,"At the beginning of your end step, if Katara is tapped, put a +1/+1 counter on h"
"Secret of Bloodbending",13,13,partial,"As an additional cost to cast this spell, you may waterbend {10}. You control ta"
"Aminatou's Augury",13,13,partial,"Exile the top eight cards of your library. You may put a land card from among th"
"Archon of Coronation",13,13,partial,"Flying When this creature enters, you become the monarch. As long as you're the "
"Court of Locthwain",13,13,partial,"When this enchantment enters, you become the monarch. At the beginning of your u"
"Karai, Future of the Foot",13,13,partial,"Sneak {2}{W}{B} (You may cast this spell for {2}{W}{B} if you also return an unb"
"Wall of Reverence",13,13,partial,"Defender, flying At the beginning of your end step, you may gain life equal to t"
"Zoyowa Lava-Tongue",13,13,partial,"Deathtouch At the beginning of your end step, if you descended this turn, each o"
"Old Rutstein",13,13,partial,"When Old Rutstein enters and at the beginning of your upkeep, mill a card. If a "
"Along the Crooked Way",13,13,partial,"When this enchantment enters, return target creature card from your graveyard to"
"Revivify",13,13,partial,"Roll a d20 and add the number of creature cards in your graveyard that were put "
"Wyll's Reversal",13,13,partial,"Choose target spell or ability with one or more targets. Roll a d20 and add the "
"Ebony Fly",13,13,partial,"This artifact enters tapped. {T}: Add {C}. {4}: Roll a d6. Until end of turn, yo"
"Drafna, Founder of Lat-Nam",13,13,partial,"{1}{U}: Return target artifact you control to its owner's hand. {3}, {T}: Copy t"
"Virulent Silencer",13,13,partial,"Whenever a nontoken artifact creature you control deals combat damage to a playe"
"Tolarian Winds",13,13,partial,"Discard all the cards in your hand, then draw that many cards."
"Summon: Primal Garuda",13,13,partial,"(As this Saga enters and after your draw step, add a lore counter. Sacrifice aft"
"Mind's Dilation",13,13,partial,"Whenever an opponent casts their first spell each turn, that player exiles the t"
"Filth",13,13,partial,"Swampwalk (This creature can't be blocked as long as defending player controls a"
"Ancestral Statue",13,13,partial,"When this creature enters, return a nonland permanent you control to its owner's"
"Graveborn Muse",13,13,partial,"At the beginning of your upkeep, you draw X cards and you lose X life, where X i"
"Eruth, Tormented Prophet",13,13,partial,"If you would draw a card, exile the top two cards of your library instead. You m"
"Ballad of the Black Flag",13,13,partial,"(As this Saga enters and after your draw step, add a lore counter. Sacrifice aft"
"Rite of the Raging Storm",13,13,partial,"Creatures named Lightning Rager can't attack you or planeswalkers you control. A"
"Spider-Man No More",13,13,partial,"Enchant creature Enchanted creature is a Citizen with base power and toughness 1"
"Gideon's Sacrifice",13,13,partial,"Choose a creature or planeswalker you control. All damage that would be dealt th"
"Recommission",13,13,partial,"Return target artifact or creature card with mana value 3 or less from your grav"
"Central Elevator // Promising Stairs",13,13,partial,"When you unlock this door, search your library for a Room card that doesn't have"
"Thieving Amalgam",13,13,partial,"At the beginning of each opponent's upkeep, you manifest the top card of that pl"
"Ulvenwald Tracker",13,13,partial,"{1}{G}, {T}: Target creature you control fights another target creature."
"Obliterating Bolt",13,13,partial,"Obliterating Bolt deals 4 damage to target creature or planeswalker. If that cre"
"Chevill, Bane of Monsters",13,13,partial,"Deathtouch At the beginning of your upkeep, if your opponents control no permane"
"Absorbing Man and Titania",13,13,partial,"Double all damage that creature sources you control would deal."
"Shifting Sliver",13,13,partial,"Slivers can't be blocked except by Slivers."
"Dockside Extortionist",13,13,unknown,"When this creature enters, create X Treasure tokens, where X is the number of ar"
"Fall of the First Civilization",13,13,partial,"(As this Saga enters and after your draw step, add a lore counter. Sacrifice aft"
"Risk Factor",13,13,partial,"Target opponent may have Risk Factor deal 4 damage to them. If that player doesn"
"Jubilant Skybonder",13,13,partial,"Flying Creatures you control with flying have ""Spells your opponents cast that t"
"Aetherflux Conduit",13,13,partial,"Whenever you cast a spell, you get an amount of {E} (energy counters) equal to t"
"Kemba, Kha Enduring",13,13,partial,"Whenever Kemba or another Cat you control enters, attach up to one target Equipm"
"Bile-Vial Boggart",13,13,partial,"When this creature dies, put a -1/-1 counter on up to one target creature."
"Kinsbaile Cavalier",13,13,partial,"Knight creatures you control have double strike."
"Geyser Drake",13,13,partial,"Flying During turns other than yours, spells you cast cost {1} less to cast."
"Defiler of Dreams",13,13,partial,"Flying As an additional cost to cast blue permanent spells, you may pay 2 life. "
"Phantom Blade",13,13,partial,"When this Equipment enters, attach it to up to one target creature you control. "
"Choice of Fortunes",13,13,partial,"Seek two cards. You may shuffle them into your library. If you do, seek two card"
"Draconic Debut",13,13,partial,"Draconic Debut deals X damage to any target. The next Dragon creature spell you "
"Thoughtsteal Sprites",13,13,partial,"Flying Double team Whenever you cast a spell during an opponent's turn, draft a "
"A-Futurist Operative",13,13,partial,"As long as Futurist Operative is tapped, it's a Human Citizen with base power an"
"A-Satoru Umezawa",13,13,partial,"Whenever you activate a ninjutsu ability, look at the top three cards of your li"
"Ruby Collector",13,13,partial,"When you attack with three or more creatures, conjure a card named Mox Ruby into"
"Benalish Knight-Counselor",13,13,partial,"Enlist Whenever Benalish Knight-Counselor enlists a creature, you get a one-time"
"Hazel of the Rootbloom",12,12,partial,"{T}, Pay 2 life, Tap X untapped tokens you control: Add X mana in any combinatio"
"Soul Immolation",12,12,partial,"As an additional cost to cast this spell, blight X. X can't be greater than the "
"Sorin the Mirthless",12,12,partial,"+1: Look at the top card of your library. You may reveal that card and put it in"
"Mythos of Snapdax",12,12,partial,"Each player chooses an artifact, a creature, an enchantment, and a planeswalker "
"Last Chance",12,12,partial,"Take an extra turn after this one. At the beginning of that turn's end step, you"
"Secret Identity",12,12,partial,"Choose one — • Conceal — Until end of turn, target creature you control becomes "
"Divergent Equation",12,12,partial,"Return up to X target instant and/or sorcery cards from your graveyard to your h"
"Zada, Hedron Grinder",12,12,partial,"Whenever you cast an instant or sorcery spell that targets only Zada, copy that "
"Quicken",12,12,partial,"The next sorcery spell you cast this turn can be cast as though it had flash. (I"
"Summon: G.F. Cerberus",12,12,partial,"(As this Saga enters and after your draw step, add a lore counter. Sacrifice aft"
"Glassworks // Shattered Yard",12,12,partial,"When you unlock this door, this Room deals 4 damage to target creature an oppone"
"Goblin King",12,12,partial,"Other Goblins get +1/+1 and have mountainwalk."
"Volley Veteran",12,12,partial,"When this creature enters, it deals damage to target creature an opponent contro"
"Goblin Ringleader",12,12,partial,"Haste (This creature can attack and {T} as soon as it comes under your control.)"
"Saruman, the White Hand",12,12,partial,"Whenever you cast a noncreature spell, amass Orcs X, where X is that spell's man"
"Lost Monarch of Ifnir",12,12,partial,"Afflict 3 (Whenever this creature becomes blocked, defending player loses 3 life"
"Liliana, Waker of the Dead",12,12,partial,"+1: Each player discards a card. Each opponent who can't loses 3 life. −3: Targe"
"Sudden Substitution",12,12,partial,"Split second (As long as this spell is on the stack, players can't cast spells o"
"Eumidian Wastewaker",12,12,partial,"Whenever this creature attacks, you and defending player each discard a card or "
"Ghirapur Orrery",12,12,partial,"Each player may play an additional land on each of their turns. At the beginning"
"Struggle for Project Purity",12,12,partial,"As this enchantment enters, choose Brotherhood or Enclave. • Brotherhood — At th"
"Kang Dynasty",12,12,partial,"(As this Saga enters and after your draw step, add a lore counter. Sacrifice aft"
"Giggling Skitterspike",12,12,partial,"Indestructible Whenever this creature attacks, blocks, or becomes the target of "
"Scytheclaw Raptor",12,12,partial,"Whenever a player casts a spell, if it's not their turn, this creature deals 4 d"
"Ajani, Sleeper Agent",12,12,partial,"Compleated ({G/W/P} can be paid with {G}, {W}, or 2 life. If life was paid, this"
"Shatter the Sky",12,12,partial,"Each player who controls a creature with power 4 or greater draws a card. Then d"
"Bumi, King of Three Trials",12,12,partial,"When Bumi enters, choose up to X, where X is the number of Lesson cards in your "
"Cultist of the Absolute",12,12,partial,"Commander creatures you own get +3/+3 and have flying, deathtouch, ""Ward—Pay 3 l"
"Folio of Fancies",12,12,partial,"Players have no maximum hand size. {X}{X}, {T}: Each player draws X cards. {2}{U"
"Too Evil to Stay Dead",12,12,partial,"Teamwork 4 (As an additional cost to cast this spell, you may tap any number of "
"Star Compass",12,12,partial,"This artifact enters tapped. {T}: Add one mana of any color that a basic land yo"
"Teferi, Mage of Zhalfir",12,12,partial,"Flash Creature cards you own that aren't on the battlefield have flash. Each opp"
"Nicol Bolas, the Ravager // Nicol Bolas, the Arisen",12,12,partial,"Flying When Nicol Bolas enters, each opponent discards a card. {4}{U}{B}{R}: Exi"
"Bandit's Talent",12,12,partial,"(Gain the next level as a sorcery to add its ability.) When this Class enters, e"
"Valentin, Dean of the Vein // Lisette, Dean of the Root",12,12,partial,"Menace, lifelink If a nontoken creature an opponent controls would die, exile it"
"Llanowar Loamspeaker",12,12,partial,"{T}: Add one mana of any color. {T}: Target land you control becomes a 3/3 Eleme"
"Quandrix Apprentice",12,12,partial,"Magecraft — Whenever you cast or copy an instant or sorcery spell, look at the t"
"Naktamun Lorespinner // Wheel of Fortune",12,12,partial,"At the beginning of your upkeep, if a player has one or fewer cards in hand, thi"
"The Lord of Pain",12,12,partial,"Menace Your opponents can't gain life. Whenever a player casts their first spell"
"Ferrafor, Young Yew",12,12,partial,"When Ferrafor enters, create a number of 1/1 green Saproling creature tokens equ"
"Mirri, Weatherlight Duelist",12,12,partial,"First strike Whenever Mirri attacks, each opponent can't block with more than on"
"Grand Arbiter Augustin IV",12,12,partial,"White spells you cast cost {1} less to cast. Blue spells you cast cost {1} less "
"Red Hulk",12,12,partial,"Reach, trample Enrage — Whenever Red Hulk is dealt damage, put a +1/+1 counter o"
"Irencrag Feat",12,12,partial,"Add seven {R}. You can cast only one more spell this turn."
"Shredder, Shadow Master",12,12,partial,"Whenever Shredder attacks a player, for each other opponent, create a token that"
"Turtle Van",12,12,partial,"Whenever this Vehicle attacks, put a +1/+1 counter on target creature that crewe"
"Pippin, Warden of Isengard",12,12,partial,"Partner with Merry, Warden of Isengard (When this creature enters, target player"
"Zo-Zu the Punisher",12,12,partial,"Whenever a land enters, Zo-Zu deals 2 damage to that land's controller."
"Moon-Circuit Hacker",12,12,partial,"Ninjutsu {U} ({U}, Return an unblocked attacker you control to hand: Put this ca"
"Vedalken Aethermage",12,12,partial,"Flash (You may cast this spell any time you could cast an instant.) When this cr"
"Zhulodok, Void Gorger",12,12,partial,"Colorless spells you cast from your hand with mana value 7 or greater have ""Casc"
"The Golden Throne",12,12,partial,"Arcane Life-support — If you would lose the game, instead exile The Golden Thron"
"The Sentry, Golden Guardian",12,12,partial,"Flying, vigilance, indestructible When The Sentry enters, target opponent create"
"Celestial Reunion",12,12,partial,"As an additional cost to cast this spell, you may choose a creature type and beh"
"Captain Howler, Sea Scourge",12,12,partial,"Ward—{2}, Pay 2 life. Whenever you discard one or more cards, target creature ge"
"Frozen in Ice",12,12,partial,"Enchant creature When this Aura enters, tap enchanted creature. Enchanted creatu"
"Jeong Jeong, the Deserter",12,12,partial,"Firebending 1 (Whenever this creature attacks, add {R}. This mana lasts until en"
"Katara, Water Tribe's Hope",12,12,partial,"Vigilance When Katara enters, create a 1/1 white Ally creature token. Waterbend "
"Moonmist",12,12,partial,"Transform all Humans. Prevent all combat damage that would be dealt this turn by"
"Sokka, Tenacious Tactician",12,12,partial,"Menace, prowess (Whenever you cast a noncreature spell, this creature gets +1/+1"
"Brought Back",12,12,partial,"Choose up to two target permanent cards in your graveyard that were put there fr"
"Trystan, Callous Cultivator // Trystan, Penitent Culler",12,12,partial,"Deathtouch Whenever this creature enters or transforms into Trystan, Callous Cul"
"Animation Module",12,12,partial,"Whenever one or more +1/+1 counters are put on a permanent you control, you may "
"Solemnity",12,12,partial,"Players can't get counters. Counters can't be put on artifacts, creatures, encha"
"Taigam, Master Opportunist",12,12,partial,"Flurry — Whenever you cast your second spell each turn, copy it, then exile the "
"Emerald Charm",12,12,partial,"Choose one — • Untap target permanent. • Destroy target non-Aura enchantment. • "
"Myrkul's Edict",12,12,partial,"Roll a d20. 1—9 | Choose an opponent. That player sacrifices a creature of their"
"Chainer, Dementia Master",12,12,partial,"All Nightmares get +1/+1. {B}{B}{B}, Pay 3 life: Put target creature card from a"
"Squirming Emergence",12,12,partial,"Fathomless descent — Return to the battlefield target nonland permanent card in "
"Doomsday Confluence",12,12,partial,"Choose X. You may choose the same mode more than once. • Each player sacrifices "
"Noble's Purse",12,12,partial,"This artifact enters tapped and with three coin counters on it. {T}, Remove a co"
"Bring to Light",12,12,partial,"Converge — Search your library for a creature, instant, or sorcery card with man"
"Iron Mastiff",12,12,partial,"Whenever this creature attacks, roll a d20 for each player being attacked and ig"
"T-45 Power Armor",12,12,partial,"When this Equipment enters, you get {E}{E} (two energy counters). Equipped creat"
"Inspirit, Flagship Vessel",12,12,partial,"Station (Tap another creature you control: Put charge counters equal to its powe"
"Turnabout",12,12,partial,"Choose artifact, creature, or land. Tap all untapped permanents of the chosen ty"
"Reclaim",12,12,partial,"Put target card from your graveyard on top of your library."
"Zell Dincht",12,12,partial,"You may play an additional land on each of your turns. Zell Dincht gets +1/+0 fo"
"Tenacious Underdog",12,12,partial,"Blitz—{2}{B}{B}, Pay 2 life. (If you cast this spell for its blitz cost, it gain"
"Welding Jar",12,12,partial,"Sacrifice this artifact: Regenerate target artifact."
"Akroan Horse",12,12,partial,"Defender When this creature enters, an opponent gains control of it. At the begi"
"Long-Term Plans",12,12,partial,"Search your library for a card, then shuffle and put that card third from the to"
"Thryx, the Sudden Storm",12,12,partial,"Flash (You may cast this spell any time you could cast an instant.) Flying Spell"
"Jecht, Reluctant Guardian // Braska's Final Aeon",12,12,partial,"Menace Whenever Jecht deals combat damage to a player, you may exile it, then re"
"Blur Sliver",12,12,partial,"Sliver creatures you control have haste. (They can attack and {T} as soon as the"
"Bonescythe Sliver",12,12,partial,"Sliver creatures you control have double strike. (They deal both first-strike an"
"Scholar of the Lost Trove",12,12,partial,"Flying When this creature enters, you may cast target instant, sorcery, or artif"
"Summon: Choco/Mog",12,12,partial,"(As this Saga enters and after your draw step, add a lore counter. Sacrifice aft"
"Thunderdrum Soloist",12,12,partial,"Reach Opus — Whenever you cast an instant or sorcery spell, this creature deals "
"Scorching Dragonfire",12,12,partial,"Scorching Dragonfire deals 3 damage to target creature or planeswalker. If that "
"Chrome Companion",12,12,partial,"Whenever this creature becomes tapped, you gain 1 life. {2}, {T}: Put target car"
"Sandman, Shifting Scoundrel",12,12,partial,"Sandman's power and toughness are each equal to the number of lands you control."
"The Death of Gwen Stacy",12,12,partial,"(As this Saga enters and after your draw step, add a lore counter. Sacrifice aft"
"Requiem Monolith",12,12,partial,"{T}: Until end of turn, target creature gains ""Whenever this creature is dealt d"
"Back in Town",12,12,partial,"Return X target outlaw creature cards from your graveyard to the battlefield. (A"
"The Mountain-king's Return",12,12,partial,"(As this Saga enters and after your draw step, add a lore counter. Sacrifice aft"
"War's Toll",12,12,partial,"Whenever an opponent taps a land for mana, tap all lands that player controls. I"
"Nissa, Vastwood Seer // Nissa, Sage Animist",12,12,partial,"When Nissa enters, you may search your library for a basic Forest card, reveal i"
"Case of the Ransacked Lab",12,12,partial,"Instant and sorcery spells you cast cost {1} less to cast. To solve — You've cas"
"Plasma Caster",12,12,partial,"Equipped creature gets +1/+1. Whenever equipped creature attacks, you get {E}{E}"
"Grid Monitor",12,12,partial,"You can't cast creature spells."
"Steel Golem",12,12,partial,"You can't cast creature spells."
"Increasing Ambition",12,12,partial,"Search your library for a card and put that card into your hand. If this spell w"
"Officious Interrogation",12,12,partial,"This spell costs {W}{U} more to cast for each target beyond the first. Choose an"
"Pariah's Shield",12,12,partial,"All damage that would be dealt to you is dealt to equipped creature instead. Equ"
"Bothersome Quasit",12,12,partial,"Menace Goaded creatures your opponents control can't block. Whenever you cast a "
"Barrow-Blade",12,12,partial,"Equipped creature gets +1/+1. Whenever equipped creature blocks or becomes block"
"Root Sliver",12,12,partial,"This spell can't be countered. Sliver spells can't be countered."
"Icebreaker Kraken",12,12,partial,"Affinity for snow lands (This spell costs {1} less to cast for each snow land yo"
"Chaos Wand",12,12,partial,"{4}, {T}: Target opponent exiles cards from the top of their library until they "
"Staff of Eden, Vault's Key",12,12,partial,"When Staff of Eden enters, put target legendary permanent card not named Staff o"
"The Wondrous Wasp",12,12,partial,"Flash Flying Wasp's Sting — When The Wondrous Wasp enters, tap up to one target "
"Glen Elendra's Answer",12,12,partial,"This spell can't be countered. Counter all spells your opponents control and all"
"Agate-Blade Assassin",12,12,partial,"Whenever this creature attacks, defending player loses 1 life and you gain 1 lif"
"Rebel Salvo",12,12,partial,"Affinity for Equipment (This spell costs {1} less to cast for each Equipment you"
"The Parting of the Ways",12,12,partial,"(As this Saga enters and after your draw step, add a lore counter. Sacrifice aft"
"Kytheon, Hero of Akros // Gideon, Battle-Forged",12,12,partial,"At end of combat, if Kytheon and at least two other creatures attacked this comb"
"Teysa of the Ghost Council",12,12,partial,"Starting intensity 0 When Teysa enters, create a 1/1 white and black Spirit crea"
"A-Cauldron Familiar",12,12,partial,"A-Cauldron Familiar can't block. When Cauldron Familiar enters, each opponent lo"
"A-Jade Orb of Dragonkind",12,12,partial,"{T}: Add one mana of any color. When you spend this mana to cast a Dragon creatu"
"Stalwart Realmwarden",12,12,partial,"First strike, Lifelink When Stalwart Realmwarden enters, the next noncreature sp"
"Melt Through",12,12,partial,"Melt Through deals 2 damage to any target. If it's a creature, it perpetually ga"
"Dream Harvest",11,11,partial,"Each opponent exiles cards from the top of their library until they have exiled "
"Foolish Fate",11,11,partial,"Destroy target creature. Infusion — If you gained life this turn, that creature'"
"Decode Transmissions",11,11,partial,"You draw two cards and lose 2 life. Void — If a nonland permanent left the battl"
"Old Stickfingers",11,11,partial,"When you cast this spell, reveal cards from the top of your library until you re"
"Exterminate!",11,11,partial,"Replicate—Tap an untapped Dalek you control. (When you cast this spell, copy it "
"Master Warcraft",11,11,partial,"Cast this spell only before attackers are declared. You choose which creatures a"
"Twisted Image",11,11,partial,"Switch target creature's power and toughness until end of turn. Draw a card."
"Gift of Doom",11,11,partial,"Enchant creature Enchanted creature has deathtouch and indestructible. Morph—Sac"
"Mystic Subdual",11,11,partial,"Flash Enchant creature Enchanted creature gets -2/-0 and loses all abilities. (M"
"Legion Loyalist",11,11,partial,"Haste Battalion — Whenever this creature and at least two other creatures attack"
"Orcish Siegemaster",11,11,partial,"Trample Other Orcs and Goblins you control have trample. Whenever this creature "
"Uglúk of the White Hand",11,11,partial,"Whenever another creature you control dies, put a +1/+1 counter on Uglúk. If tha"
"Gríma, Saruman's Footman",11,11,partial,"Gríma can't be blocked. Whenever Gríma deals combat damage to a player, that pla"
"Quag Feast",11,11,partial,"Choose target creature, planeswalker, or Vehicle. Mill two cards, then destroy t"
"Szarel, Genesis Shepherd",11,11,partial,"Flying You may play lands from your graveyard. Whenever you sacrifice another no"
"Reshape the Earth",11,11,partial,"Search your library for up to ten land cards, put them onto the battlefield tapp"
"Firion, Wild Rose Warrior",11,11,partial,"Equipped creatures you control have haste. Whenever a nontoken Equipment you con"
"Mage Slayer",11,11,partial,"Whenever equipped creature attacks, it deals damage equal to its power to the pl"
"Red XIII, Proud Warrior",11,11,partial,"Vigilance, trample Other modified creatures you control have vigilance and tramp"
"Conformer Shuriken",11,11,partial,"Equipped creature has ""Whenever this creature attacks, tap target creature defen"
"Sunfrill Imitator",11,11,partial,"Whenever this creature attacks, you may have it become a copy of another target "
"Intrepid Paleontologist",11,11,partial,"{T}: Add one mana of any color. {2}: Exile target card from a graveyard. You may"
"Fall of the Thran",11,11,partial,"(As this Saga enters and after your draw step, add a lore counter. Sacrifice aft"
"Jegantha, the Wellspring",11,11,partial,"Companion — No card in your starting deck has more than one of the same mana sym"
"Heartless Summoning",11,11,partial,"Creature spells you cast cost {2} less to cast. Creatures you control get -1/-1."
"Invoke Justice",11,11,partial,"Return target permanent card from your graveyard to the battlefield, then distri"
"Aura of Silence",11,11,partial,"Artifact and enchantment spells your opponents cast cost {2} more to cast. Sacri"
"Lord of the Void",11,11,partial,"Flying Whenever this creature deals combat damage to a player, exile the top sev"
"Orochi Soul-Reaver",11,11,partial,"Ninjutsu {3}{B} ({3}{B}, Return an unblocked attacker you control to hand: Put t"
"Herald of Amity",11,11,partial,"Flying When this creature enters, exile the top eight cards of your library. You"
"Serra Avenger",11,11,partial,"You can't cast Serra Avenger during your first, second, or third turns of the ga"
"Angelic Skirmisher",11,11,partial,"Flying At the beginning of each combat, choose first strike, vigilance, or lifel"
"Biting-Palm Ninja",11,11,partial,"Ninjutsu {2}{B} This creature enters with a menace counter on it. Whenever this "
"Crawl from the Cellar",11,11,partial,"Return target creature card from your graveyard to your hand. Put a +1/+1 counte"
"Court of Garenbrig",11,11,partial,"When this enchantment enters, you become the monarch. At the beginning of your u"
"Drown in Dreams",11,11,partial,"Choose one. If you control a commander as you cast this spell, you may choose bo"
"Spell Swindle",11,11,partial,"Counter target spell. Create X Treasure tokens, where X is that spell's mana val"
"Augusta, Order Returned",11,11,partial,"Flying, vigilance Whenever Augusta attacks, each player exiles a card from their"
"Everlasting Torment",11,11,partial,"Players can't gain life. Damage can't be prevented. All damage is dealt as thoug"
"Puppeteer Clique",11,11,partial,"Flying When this creature enters, put target creature card from an opponent's gr"
"The Scorpion God",11,11,partial,"Whenever a creature with a -1/-1 counter on it dies, draw a card. {1}{B}{R}: Put"
"Nick Valentine, Private Eye",11,11,partial,"Nick Valentine can't be blocked except by artifact creatures. Whenever Nick Vale"
"Crossbones, Malicious Mercenary",11,11,partial,"Deathtouch Whenever another Villain you control enters, put a +1/+1 counter on C"
"Paradox Haze",11,11,partial,"Enchant player At the beginning of enchanted player's first upkeep each turn, th"
"Wolverine, Fierce Fighter",11,11,partial,"Haste When Wolverine enters, he fights up to one other target creature. If damag"
"Garruk, Caller of Beasts",11,11,partial,"+1: Reveal the top five cards of your library. Put all creature cards revealed t"
"Blossombind",11,11,partial,"Enchant creature When this Aura enters, tap enchanted creature. Enchanted creatu"
"Nexus of Fate",11,11,partial,"Take an extra turn after this one. If Nexus of Fate would be put into a graveyar"
"Endless Detour",11,11,partial,"The owner of target spell, nonland permanent, or card in a graveyard puts it on "
"Reluctant Role Model",11,11,partial,"Survival — At the beginning of your second main phase, if this creature is tappe"
"Frodo, Sauron's Bane",11,11,partial,"{W/B}{W/B}: If Frodo is a Citizen, it becomes a Halfling Scout with base power a"
"Warrior's Resolve",11,11,partial,"Creatures you control have training. (Whenever a creature you control attacks wi"
"Silver-Fur Master",11,11,partial,"Ninjutsu {U}{B} ({U}{B}, Return an unblocked attacker you control to hand: Put t"
"Satoru Umezawa",11,11,partial,"Whenever you activate a ninjutsu ability, look at the top three cards of your li"
"Agrus Kos, Spirit of Justice",11,11,partial,"Double strike, vigilance Whenever Agrus Kos enters or attacks, choose up to one "
"ED-E, Lonesome Eyebot",11,11,partial,"Flying ED-E My Love — Whenever you attack, if the number of attacking creatures "
"Ulamog's Crusher",11,11,partial,"Annihilator 2 (Whenever this creature attacks, defending player sacrifices two p"
"Pre-War Formalwear",11,11,partial,"When this Equipment enters, return target creature card with mana value 3 or les"
"Master of the Pearl Trident",11,11,partial,"Other Merfolk creatures you control get +1/+1 and have islandwalk. (They can't b"
"Fanged Flames",11,11,partial,"Devoid (This card has no color.) Fanged Flames deals 4 damage to target creature"
"Apex of Power",11,11,partial,"Exile the top seven cards of your library. Until end of turn, you may cast spell"
"The Scarlet Witch",11,11,partial,"Instant and sorcery spells you cast with mana value 4 or greater cost {X} less t"
"Lucky the Pizza Dog",11,11,partial,"Whenever you cast a Cat, Dog, or Hero spell, create a Food token. (It's an artif"
"Chaos Dragon",11,11,partial,"Flying, haste This creature attacks each combat if able. At the beginning of com"
"Fortune, Loyal Steed",11,11,partial,"When Fortune enters, scry 2. Whenever Fortune attacks while saddled, at end of c"
"Elesh Norn // The Argent Etchings",11,11,partial,"Vigilance Whenever a source an opponent controls deals damage to you or a perman"
"Plargg and Nassari",11,11,partial,"At the beginning of your upkeep, each player exiles cards from the top of their "
"Slaughter Pact",11,11,partial,"Destroy target nonblack creature. At the beginning of your next upkeep, pay {2}{"
"Laser Screwdriver",11,11,partial,"{T}: Add one mana of any color. {1}, {T}: Tap target artifact. {2}, {T}: Surveil"
"Cosmos Elixir",11,11,partial,"At the beginning of your end step, draw a card if your life total is greater tha"
"Reckless Endeavor",11,11,partial,"Roll two d12 and choose one result. Reckless Endeavor deals damage equal to that"
"Pontiff of Blight",11,11,partial,"Extort (Whenever you cast a spell, you may pay {W/B}. If you do, each opponent l"
"Genesis of the Daleks",11,11,partial,"(As this Saga enters and after your draw step, add a lore counter. Sacrifice aft"
"The Elder Dragon War",11,11,partial,"Read ahead (Choose a chapter and start with that many lore counters. Add one aft"
"Merry, Esquire of Rohan",11,11,partial,"Haste Merry has first strike as long as it's equipped. Whenever you attack with "
"Component Pouch",11,11,partial,"{T}, Remove a component counter from this artifact: Add two mana of different co"
"Sword of Hours",11,11,partial,"Whenever equipped creature attacks, put a +1/+1 counter on it. Whenever equipped"
"Darksteel Reactor",11,11,partial,"Indestructible (Effects that say ""destroy"" don't destroy this artifact.) At the "
"Karn, Living Legacy",11,11,partial,"+1: Create a tapped Powerstone token. (It's an artifact with ""{T}: Add {C}. This"
"Baldin, Century Herdmaster",11,11,partial,"During your turn, each creature assigns combat damage equal to its toughness rat"
"Bedrock Tortoise",11,11,partial,"During your turn, creatures you control have hexproof. Each creature you control"
"Conspiracy",11,11,partial,"As this enchantment enters, choose a creature type. Creatures you control are th"
"Dalek Drone",11,11,partial,"Flying, menace Exterminate! — When this creature enters, destroy target creature"
"Static Orb",11,11,partial,"As long as this artifact is untapped, players can't untap more than two permanen"
"Pithing Needle",11,11,partial,"As this artifact enters, choose a card name. Activated abilities of sources with"
"Darksteel Juggernaut",11,11,partial,"Indestructible Darksteel Juggernaut's power and toughness are each equal to the "
"Contest of Claws",11,11,partial,"Target creature you control deals damage equal to its power to another target cr"
"Instill Energy",11,11,partial,"Enchant creature Enchanted creature can attack as though it had haste. {0}: Unta"
"Lizard, Connors's Curse",11,11,partial,"Trample Lizard Formula — When Lizard, Connors's Curse enters, up to one other ta"
"Muscle Sliver",11,11,partial,"All Sliver creatures get +1/+1."
"Striking Sliver",11,11,partial,"Sliver creatures you control have first strike. (They deal combat damage before "
"Ethersworn Canonist",11,11,partial,"Each player who has cast a nonartifact spell this turn can't cast additional non"
"Leaves from the Vine",11,11,partial,"(As this Saga enters and after your draw step, add a lore counter. Sacrifice aft"
"Lifecraft Engine",11,11,partial,"As this Vehicle enters, choose a creature type. Vehicle creatures you control ar"
"Bombur, Gentle Dreamer",11,11,partial,"Storied (If you control three or more artifacts, legendaries, and/or Sagas, you "
"Sting, Bilbo's Sword",11,11,partial,"Flash When Sting enters, put a hone counter on Sting for each creature target op"
"Animal Attendant",11,11,partial,"{T}: Add one mana of any color. If that mana is spent to cast a non-Human creatu"
"High Alert",11,11,partial,"Each creature you control assigns combat damage equal to its toughness rather th"
"Wall of Stolen Identity",11,11,partial,"You may have this creature enter as a copy of any creature on the battlefield, e"
"Ertha Jo, Frontier Mentor",11,11,partial,"When Ertha Jo enters, create a 1/1 red Mercenary creature token with ""{T}: Targe"
"Go Nuts!",11,11,partial,"Teamwork 3 (As an additional cost to cast this spell, you may tap any number of "
"Sandstone Oracle",11,11,partial,"Flying When this creature enters, choose an opponent. If that player has more ca"
"Kitesail Larcenist",11,11,partial,"Flying, ward {1} When this creature enters, for each player, choose up to one ot"
"Gwen Stacy // Ghost-Spider",11,11,partial,"When Gwen Stacy enters, exile the top card of your library. You may play that ca"
"Spider-Man 2099",11,11,partial,"From the Future — You can't cast Spider-Man 2099 during your first, second, or t"
"Spiders-Man, Heroic Horde",11,11,partial,"Web-slinging {4}{G}{G} (You may cast this spell for {4}{G}{G} if you also return"
"Necrogen Communion",11,11,partial,"Enchant creature you control Enchanted creature has toxic 2. (Players dealt comb"
"Ramses, Assassin Lord",11,11,partial,"Deathtouch Other Assassins you control get +1/+1. Whenever a player loses the ga"
"Electrosiphon",11,11,partial,"Counter target spell. You get an amount of {E} (energy counters) equal to its ma"
"Blessed Sanctuary",11,11,partial,"Prevent all noncombat damage that would be dealt to you and creatures you contro"
"Falthis, Shadowcat Familiar",11,11,partial,"Commanders you control have menace and deathtouch. Partner (You can have two com"
"Vault 21: House Gambit",11,11,partial,"(As this Saga enters and after your draw step, add a lore counter. Sacrifice aft"
"Isengard Unleashed",11,11,partial,"Damage can't be prevented this turn. If a source you control would deal damage t"
"Pox Plague",11,11,partial,"Each player loses half their life, then discards half the cards in their hand, t"
"Assaultron Dominator",11,11,partial,"When this creature enters, you get {E}{E} (two energy counters). Whenever an art"
"Heart Sliver",11,11,partial,"All Sliver creatures have haste."
"Hibernation Sliver",11,11,partial,"All Slivers have ""Pay 2 life: Return this permanent to its owner's hand."""
"Venom Sliver",11,11,partial,"Sliver creatures you control have deathtouch. (Any amount of damage a creature w"
"Lorthos, the Tidemaker",11,11,partial,"Whenever Lorthos attacks, you may pay {8}. If you do, tap up to eight target per"
"Jace Reawakened",11,11,partial,"You can't cast Jace Reawakened during your first, second, or third turns of the "
"Burnout Bashtronaut",11,11,partial,"Menace Start your engines! (If you have no speed, it starts at 1. It increases o"
"Chandra, Acolyte of Flame",11,11,partial,"0: Put a loyalty counter on each red planeswalker you control. 0: Create two 1/1"
"Valiant Knight",11,11,partial,"Other Knights you control get +1/+1. {3}{W}{W}: Knights you control gain double "
"Rampaging Aetherhood",11,11,partial,"Trample, ward {2} At the beginning of your upkeep, you get an amount of {E} (ene"
"Hydro-Man, Fluid Felon",11,11,partial,"Whenever you cast a blue spell, if Hydro-Man is a creature, he gets +1/+1 until "
"Sleep",11,11,partial,"Tap all creatures target player controls. Those creatures don't untap during tha"
"Jacob Frye",11,11,partial,"Partner with Evie Frye (When this creature enters, target player may put Evie in"
"Variable Solutions",11,11,partial,"If X is 1, seek a basic land card and put it onto the battlefield tapped. If X i"
"A-Mentor's Guidance",11,11,partial,"When you cast this spell, copy it if you control a planeswalker, Cleric, Druid, "
"Bind to Secrecy",11,11,partial,"Choose one — • Counter target noncreature spell. • Conjure a duplicate of target"
"Tome of Gadwick",11,11,partial,"Equipped creature gets +1/+0 and has ward {1}. Whenever equipped creature attack"
"Wild Shape",11,11,partial,"Choose one. Until end of turn, target creature you control has that base power a"
"Gilt-Leaf Alchemist",11,11,partial,"Deathtouch {T}: Conjure a card named Forest onto the battlefield. Activate only "
"Better Offer",11,11,partial,"Put a random creature card with mana value X or less from target opponent's libr"
"Alisaie Leveilleur",10,10,partial,"Partner with Alphinaud Leveilleur (When this creature enters, target player may "
"Amalia Benavides Aguirre",10,10,partial,"Ward—Pay 3 life. Whenever you gain life, Amalia Benavides Aguirre explores. Then"
"Brush Off",10,10,partial,"This spell costs {1}{U} less to cast if it targets an instant or sorcery spell. "
"Moment of Reckoning",10,10,partial,"Choose up to four. You may choose the same mode more than once. • Destroy target"
"Scion of Draco",10,10,partial,"Domain — This spell costs {2} less to cast for each basic land type among lands "
"Call the Spirit Dragons",10,10,partial,"Dragons you control have indestructible. At the beginning of your upkeep, for ea"
"Double Major",10,10,partial,"Copy target creature spell you control, except it isn't legendary if the spell i"
"Tannuk, Steadfast Second",10,10,partial,"Other creatures you control have haste. Artifact cards and red creature cards in"
"Continue?",10,10,partial,"Choose up to four target creature cards in your graveyard that were put there fr"
"Dark Impostor",10,10,partial,"{4}{B}{B}: Exile target creature and put a +1/+1 counter on this creature. This "
"Drana, the Last Bloodchief",10,10,partial,"Flying Whenever Drana attacks, defending player chooses a nonlegendary creature "
"Test of Endurance",10,10,partial,"At the beginning of your upkeep, if you have 50 or more life, you win the game."
"Doomsday",10,10,partial,"Search your library and graveyard for five cards and exile the rest. Put the cho"
"Proteus Staff",10,10,partial,"{2}{U}, {T}: Put target creature on the bottom of its owner's library. That crea"
"Accumulate Wisdom",10,10,partial,"Look at the top three cards of your library. Put one of those cards into your ha"
"Ensnaring Bridge",10,10,partial,"Creatures with power greater than the number of cards in your hand can't attack."
"Rhovanion Rampager",10,10,partial,"Whenever this creature attacks, you may sacrifice another creature. If you do, p"
"Blood for Bones",10,10,partial,"As an additional cost to cast this spell, sacrifice a creature. Return a creatur"
"Fire of Orthanc",10,10,partial,"Destroy target artifact or land. Creatures without flying can't block this turn."
"Storm of Saruman",10,10,partial,"Ward {3} Whenever you cast your second spell each turn, copy it, except the copy"
"Tainted Remedy",10,10,partial,"If an opponent would gain life, that player loses that much life instead."
"Tato Farmer",10,10,partial,"Landfall — Whenever a land you control enters, you may get two rad counters. {T}"
"The Master, Transcendent",10,10,partial,"When The Master enters, target player gets two rad counters. {T}: Put target cre"
"Nahiri's Lithoforming",10,10,partial,"Sacrifice X lands. For each land sacrificed this way, draw a card. You may play "
"Communal Brewing",10,10,partial,"When this enchantment enters, any number of target opponents each draw a card. P"
"Minds Aglow",10,10,partial,"Join forces — Starting with you, each player may pay any amount of mana. Each pl"
"Barret, Avalanche Leader",10,10,partial,"Reach Avalanche! — Whenever an Equipment you control enters, create a 2/2 red Re"
"Gilgamesh, Master-at-Arms",10,10,partial,"Whenever Gilgamesh enters or attacks, look at the top six cards of your library."
"Astor, Bearer of Blades",10,10,partial,"When Astor enters, look at the top seven cards of your library. You may reveal a"
"Nahiri, Forged in Fury",10,10,partial,"Affinity for Equipment (This spell costs {1} less to cast for each Equipment you"
"The Dominion Bracelet",10,10,partial,"Equipped creature gets +1/+1 and has ""{15}, Exile The Dominion Bracelet: You con"
"Jace, Memory Adept",10,10,partial,"+1: Draw a card. Target player mills a card. 0: Target player mills ten cards. −"
"Kasmina, Enigmatic Mentor",10,10,partial,"Spells your opponents cast that target a creature or planeswalker you control co"
"Archfiend of the Dross",10,10,partial,"Flying This creature enters with four oil counters on it. At the beginning of yo"
"Ichor Rats",10,10,partial,"Infect (This creature deals damage to creatures in the form of -1/-1 counters an"
"Phyresis Outbreak",10,10,partial,"Each opponent gets a poison counter. Then each creature your opponents control g"
"Raiding Schemes",10,10,partial,"Each noncreature spell you cast has conspire. (As you cast a noncreature spell, "
"Twinflame Travelers",10,10,partial,"Flying If a triggered ability of another Elemental you control triggers, it trig"
"Life of the Party",10,10,partial,"First strike, trample, haste Whenever this creature attacks, it gets +X/+0 until"
"Brighthearth Banneret",10,10,partial,"Elemental spells and Warrior spells you cast cost {1} less to cast. Reinforce 1—"
"Darksteel Angel",10,10,partial,"Flying, indestructible You can't lose the game and your opponents can't win the "
"Nim Deathmantle",10,10,partial,"Equipped creature gets +2/+2, has intimidate, and is a black Zombie. (A creature"
"Path to Redemption",10,10,partial,"Enchant creature Enchanted creature can't attack or block. {5}, Sacrifice this A"
"Strict Proctor",10,10,partial,"Flying Whenever a permanent entering causes a triggered ability to trigger, coun"
"Neyali, Suns' Vanguard",10,10,partial,"Attacking tokens you control have double strike. Whenever one or more tokens you"
"Cursed Totem",10,10,partial,"Activated abilities of creatures can't be activated."
"V.A.T.S.",10,10,partial,"Split second (As long as this spell is on the stack, players can't cast spells o"
"Bloatfly Swarm",10,10,partial,"Flying This creature enters with five +1/+1 counters on it. If damage would be d"
"Behind the Scenes",10,10,partial,"Creatures you control have skulk. (They can't be blocked by creatures with great"
"Secret Arcade // Dusty Parlor",10,10,partial,"Nonland permanents you control and permanent spells you control are enchantments"
"Emberwilde Captain",10,10,partial,"When this creature enters, you become the monarch. Whenever an opponent attacks "
"Steal Enchantment",10,10,partial,"Enchant enchantment You control enchanted enchantment."
"Haldir, Lórien Lieutenant",10,10,partial,"Haldir enters with X +1/+1 counters on it. Vigilance {5}{G}: Until end of turn, "
"Lattice Library",10,10,partial,"This enchantment enters with X study counters on it. When this enchantment enter"
"Applied Geometry",10,10,partial,"Create a token that's a copy of target non-Aura permanent you control, except it"
"Jace Beleren",10,10,partial,"+2: Each player draws a card. −1: Target player draws a card. −10: Target player"
"Release to Memory",10,10,partial,"Exile target opponent's graveyard. For each creature card exiled this way, creat"
"Quintorius Kand",10,10,partial,"Whenever you cast a spell from exile, Quintorius Kand deals 2 damage to each opp"
"Eventide's Shadow",10,10,partial,"Remove any number of counters from among permanents on the battlefield. You draw"
"Kulrath Knight",10,10,partial,"Flying Wither (This deals damage to creatures in the form of -1/-1 counters.) Cr"
"Dawnhand Dissident",10,10,partial,"{T}, Blight 1: Surveil 1. {T}, Blight 2: Exile target card from a graveyard. Dur"
"Lavinia, Azorius Renegade",10,10,partial,"Each opponent can't cast noncreature spells with mana value greater than the num"
"Baeloth Barrityl, Entertainer",10,10,partial,"Creatures your opponents control with power less than Baeloth Barrityl's power a"
"Charix, the Raging Isle",10,10,partial,"Spells your opponents cast that target Charix cost {2} more to cast. {3}: Charix"
"The Master, Multiplied",10,10,partial,"Myriad The ""legend rule"" doesn't apply to creature tokens you control. Triggered"
"Rhonas the Indomitable",10,10,partial,"Deathtouch, indestructible Rhonas can't attack or block unless you control anoth"
"Cecil, Dark Knight // Cecil, Redeemed Paladin",10,10,partial,"Deathtouch Darkness — Whenever Cecil deals damage, you lose that much life. Then"
"Verdant Command",10,10,partial,"Choose two — • Target player creates two tapped 1/1 green Squirrel creature toke"
"Nightmare Sower",10,10,partial,"Flying, lifelink Whenever you cast a spell during an opponent's turn, put a -1/-"
"Zimone's Experiment",10,10,partial,"Look at the top five cards of your library. You may reveal up to two creature an"
"Heroes in a Half Shell",10,10,partial,"Vigilance, menace, trample, haste Whenever one or more Mutants, Ninjas, and/or T"
"Campsite Cuisine",10,10,partial,"Whenever this enchantment or a legendary creature you control enters, create a F"
"Fast Forward",10,10,partial,"This spell costs {1} less to cast for each opponent you attacked this turn. Goad"
"Frodo Baggins",10,10,partial,"Whenever Frodo Baggins or another legendary creature you control enters, the Rin"
"Curse of Verbosity",10,10,partial,"Enchant player Whenever enchanted player is attacked, you draw a card. Each oppo"
"Fatestitcher",10,10,partial,"{T}: You may tap or untap another target permanent. Unearth {U} ({U}: Return thi"
"Display of Power",10,10,partial,"This spell can't be copied. Copy any number of target instant and/or sorcery spe"
"Heartbeat of Spring",10,10,partial,"Whenever a player taps a land for mana, that player adds one mana of any type th"
"Malboro",10,10,partial,"Bad Breath — When this creature enters, each opponent discards a card, loses 2 l"
"Skullsnatcher",10,10,partial,"Ninjutsu {B} ({B}, Return an unblocked attacker you control to hand: Put this ca"
"Skitterbeam Battalion",10,10,partial,"Prototype {3}{R}{R} — 2/2 (You may cast this spell with different mana cost, col"
"Wildsear, Scouring Maw",10,10,partial,"Trample Enchantment spells you cast from your hand have cascade. (Whenever you c"
"Grand Warlord Radha",10,10,partial,"Haste Whenever one or more creatures you control attack, add that much mana in a"
"Emrakul, the Exigent Doom",10,10,partial,"When you cast this spell, untap all lands you control. Flying, trample Ward—Sacr"
"Elder Deep-Fiend",10,10,partial,"Flash Emerge {5}{U}{U} (You may cast this spell by sacrificing a creature and pa"
"Kumena, Tyrant of Orazca",10,10,partial,"Tap another untapped Merfolk you control: Kumena can't be blocked this turn. Tap"
"Merfolk Sovereign",10,10,partial,"Other Merfolk creatures you control get +1/+1. {T}: Target Merfolk creature can'"
"Reunion of the House",10,10,partial,"Return any number of target creature cards with total power 10 or less from your"
"Prisoner's Dilemma",10,10,partial,"Each opponent secretly chooses silence or snitch, then the choices are revealed."
"Saber-Tooth Moose-Lion",10,10,partial,"Reach Forestcycling {2} ({2}, Discard this card: Search your library for a Fores"
"Jinnie Fay, Jetmir's Second",10,10,partial,"If you would create one or more tokens, you may instead create that many 2/2 gre"
"Selvala's Stampede",10,10,partial,"Council's dilemma — Starting with you, each player votes for wild or free. Revea"
"Genesis Ultimatum",10,10,partial,"Look at the top five cards of your library. Put any number of permanent cards fr"
"King Darien XLVIII",10,10,partial,"Other creatures you control get +1/+1. {3}{G}{W}: Put a +1/+1 counter on King Da"
"Open the Vaults",10,10,partial,"Return all artifact and enchantment cards from all graveyards to the battlefield"
"Forever Young",10,10,partial,"Put any number of target creature cards from your graveyard on top of your libra"
"Urabrask, Heretic Praetor",10,10,partial,"Haste At the beginning of your upkeep, exile the top card of your library. You m"
"Shelob, Child of Ungoliant",10,10,partial,"Deathtouch, ward {2} Other Spiders you control have deathtouch and ward {2}. Whe"
"Valki, God of Lies // Tibalt, Cosmic Impostor",10,10,partial,"When Valki enters, each opponent reveals their hand. For each opponent, exile a "
"Garruk, Apex Predator",10,10,partial,"+1: Destroy another target planeswalker. +1: Create a 3/3 black Beast creature t"
"Invasion Submersible",10,10,partial,"When this Vehicle enters, return up to one other target nonland permanent to its"
"The Clone Saga",10,10,partial,"(As this Saga enters and after your draw step, add a lore counter. Sacrifice aft"
"Sojourner's Companion",10,10,partial,"Affinity for artifacts Artifact landcycling {2} ({2}, Discard this card: Search "
"Arcbond",10,10,partial,"Choose target creature. Whenever that creature is dealt damage this turn, it dea"
"Court of Ire",10,10,partial,"When this enchantment enters, you become the monarch. At the beginning of your u"
"Cunning Rhetoric",10,10,partial,"Whenever an opponent attacks you and/or one or more planeswalkers you control, e"
"The Sound of Drums",10,10,partial,"Enchant creature Enchanted creature is goaded. If enchanted creature would deal "
"Plague of Vermin",10,10,partial,"Starting with you, each player may pay any amount of life. Repeat this process u"
"Abundant Harvest",10,10,partial,"Choose land or nonland. Reveal cards from the top of your library until you reve"
"Paladin Danse, Steel Maverick",10,10,partial,"Vigilance, lifelink Exile Paladin Danse: Each creature you control that's an art"
"Mysterious Stranger",10,10,partial,"Flash When this creature enters, for each graveyard with an instant or sorcery c"
"Tajic, Legion's Edge",10,10,partial,"Haste Mentor (Whenever this creature attacks, put a +1/+1 counter on target atta"
"Spider-Verse",10,10,partial,"The ""legend rule"" doesn't apply to Spiders you control. Whenever you cast a spel"
"Stalwart Shield-Bearers",10,10,partial,"Defender Other creatures you control with defender get +0/+2."
"The Speed Demon",10,10,partial,"Flying, trample Start your engines! (If you have no speed, it starts at 1. It in"
"Oona's Blackguard",10,10,partial,"Flying Each other Rogue creature you control enters with an additional +1/+1 cou"
"Misleading Signpost",10,10,partial,"Flash When this artifact enters during the declare attackers step, you may resel"
"Indebted Spirit",10,10,partial,"Bestow {2}{W} (If you cast this card for its bestow cost, it's an Aura spell wit"
"Expand the Sphere",10,10,partial,"Look at the top six cards of your library. Put up to two land cards from among t"
"Tomb Tyrant",10,10,partial,"Other Zombies you control get +1/+1. {2}{B}, {T}, Sacrifice a creature: Return a"
"Smoldering Egg // Ashmouth Dragon",10,10,partial,"Defender Whenever you cast an instant or sorcery spell, put a number of ember co"
"Sentinel Sliver",10,10,partial,"Sliver creatures you control have vigilance. (Attacking doesn't cause them to ta"
"Sinew Sliver",10,10,partial,"All Sliver creatures get +1/+1."
"Spiteful Sliver",10,10,partial,"Sliver creatures you control have ""Whenever this creature is dealt damage, it de"
"Blazing Archon",10,10,partial,"Flying Creatures can't attack you."
"Eidolon of Rhetoric",10,10,partial,"Each player can't cast more than one spell each turn."
"Barbara Wright",10,10,partial,"History Teacher — Sagas you control have read ahead. (As a Saga enters, choose a"
"Zoyowa's Justice",10,10,partial,"The owner of target artifact or creature with mana value 1 or greater shuffles i"
"Insufferable Balladeer",10,10,partial,"Vicious Mockery — When this creature enters, target creature an opponent control"
"The Pride of Hull Clade",10,10,partial,"This spell costs {X} less to cast, where X is the total toughness of creatures y"
"Benevolent Offering",10,10,partial,"Choose an opponent. You and that player each create three 1/1 white Spirit creat"
"Possession Engine",10,10,partial,"When this Vehicle enters, gain control of target creature an opponent controls f"
"Rhino's Rampage",10,10,partial,"Target creature you control gets +1/+0 until end of turn. It fights target creat"
"Anara, Wolvid Familiar",10,10,partial,"During your turn, commanders you control have indestructible. (Effects that say "
"Inventive Iteration // Living Breakthrough",10,10,partial,"(As this Saga enters and after your draw step, add a lore counter.) I — Return u"
"Vivien, Monsters' Advocate",10,10,partial,"You may look at the top card of your library any time. You may cast creature spe"
"Unexpectedly Absent",10,10,partial,"Put target nonland permanent into its owner's library just beneath the top X car"
"Assassin Gauntlet",10,10,partial,"When this Equipment enters, attach it to up to one target creature you control. "
"See Double",10,10,partial,"This spell can't be copied. Choose one. If an opponent has eight or more cards i"
"Conversion Apparatus",10,10,partial,"{T}: Add {C}. {3}, {T}: You get {E}{E}{E} (three energy counters). {T}, Pay {E}{"
"Assault Suit",10,10,partial,"Equipped creature gets +2/+2, has haste, can't attack you or planeswalkers you c"
"Rattlechains",10,10,partial,"Flash Flying When this creature enters, target Spirit gains hexproof until end o"
"Archfiend's Vessel",10,10,partial,"Lifelink (Damage dealt by this creature also causes you to gain that much life.)"
"Martha Jones",10,10,partial,"Woman Who Walked the Earth — When Martha Jones enters, investigate. (Create a Cl"
"Case of the Gateway Express",10,10,partial,"When this Case enters, choose target creature you don't control. Each creature y"
"Death Kiss",10,10,partial,"Whenever a creature an opponent controls attacks one of your opponents, double i"
"Boldwyr Intimidator",10,10,partial,"Cowards can't block Warriors. {R}: Target creature becomes a Coward until end of"
"Axebane Ferox",10,10,partial,"Deathtouch, haste Ward—Collect evidence 4. (Whenever this creature becomes the t"
"Knight-Errant of Eos",10,10,partial,"Convoke When this creature enters, look at the top six cards of your library. Yo"
"Kargan Intimidator",10,10,partial,"Cowards can't block Warriors. {1}: Choose one that hasn't been chosen this turn "
"Automated Assembly Line",10,10,partial,"Whenever one or more artifact creatures you control deal combat damage to a play"
"Drake Hatcher",10,10,partial,"Vigilance, prowess (Whenever you cast a noncreature spell, this creature gets +1"
"Repair and Recharge",10,10,partial,"Return target artifact, enchantment, or planeswalker card from your graveyard to"
"Command Performance",10,10,partial,"Choose two — • Open an Attraction. (Put the top card of your Attraction deck ont"
"Pixie Guide",10,10,partial,"Flying Grant an Advantage — If you would roll one or more dice, instead roll tha"
"Grub's Command",10,10,partial,"Choose two — • Create a token that's a copy of target Goblin you control. • Crea"
"Advanced Floral Invocations",10,10,partial,"Landfall — Whenever a land you control enters, mill two cards. {B/G}: Level 2 Wh"
"Barbed Servitor",10,10,partial,"Indestructible When this creature enters, suspect it. (It has menace and can't b"
"Render Silent",10,10,partial,"Counter target spell. Its controller can't cast spells this turn."
"Black Widow, Super Spy",10,10,partial,"Menace Whenever Black Widow deals combat damage to a player, that player exiles "
"Aetherwind Basker",10,10,partial,"Trample Whenever this creature enters or attacks, you get {E} (an energy counter"
"Sarkhan, Dragon Ascendant",10,10,partial,"When Sarkhan enters, you may behold a Dragon. If you do, create a Treasure token"
"Tymaret, Chosen from Death",10,10,partial,"Tymaret's toughness is equal to your devotion to black. (Each {B} in the mana co"
"The Flux",10,10,partial,"(As this Saga enters and after your draw step, add a lore counter. Sacrifice aft"
"Frost Bite",10,10,partial,"Frost Bite deals 2 damage to target creature or planeswalker. If you control thr"
"Galathul Galecaller // Corvid Squall",10,10,partial,"Flash Flying Whenever this creature attacks, it becomes prepared. // Conjure a c"
"Sheoldred's Assimilator",10,10,partial,"Menace Whenever Sheoldred's Assimilator enters or attacks, exile up to one targe"
"A-Sorcerer Class",10,10,partial,"(Gain the next level as a sorcery to add its ability.) When this Class enters, d"
"A-Lier, Disciple of the Drowned",10,10,partial,"Spells can't be countered. As long as it's your turn, each instant and sorcery c"
"Phyresis Roach",10,10,partial,"Toxic 1 Whenever Phyresis Roach deals combat damage to a player, Insects you con"
"Channel",10,10,partial,"Until end of turn, any time you could activate a mana ability, you may pay 1 lif"
"A-Cosmos Elixir",10,10,partial,"At the beginning of your end step, draw a card if your life total is greater tha"
"Brood Astronomer",10,10,partial,"When this creature enters, you may sacrifice a land. If you do, draft a card fro"
"Brain Maggot",10,10,partial,"When this creature enters, target opponent reveals their hand and you choose a n"
"Stonehide Ancient // Warning Tremor",10,10,partial,"Flying, Vigilance When this creature enters, return all non-Dragon creatures to "
"Reflection Net",10,10,partial,"Flash When Reflection Net enters, exile target creature until Reflection Net lea"
"Kemba's Outfitter",10,10,partial,"When Kemba's Outfitter enters, choose one — • Choose an Equipment card in your h"
"Picklock Prankster // Free the Fae",10,10,partial,"Flying, vigilance // Mill four cards. Then put an instant, sorcery, or Faerie ca"
"Papalymo Totolymo",9,9,partial,"Whenever you cast a noncreature spell, Papalymo Totolymo deals 1 damage to each "
"Sylvan Offering",9,9,partial,"Choose an opponent. You and that player each create an X/X green Treefolk creatu"
"Ureni of the Unwritten",9,9,partial,"Flying, trample Whenever Ureni enters or attacks, look at the top eight cards of"
"Nameless Inversion",9,9,partial,"Changeling (This card is every creature type.) Target creature gets +3/-3 and lo"
"Nogi, Draco-Zealot",9,9,partial,"Dragon spells you cast cost {1} less to cast. Whenever Nogi attacks, if you cont"
"Jade Orb of Dragonkind",9,9,partial,"{T}: Add {G}. When you spend this mana to cast a Dragon creature spell, it enter"
"Mastermind's Acquisition",9,9,partial,"Choose one — • Search your library for a card, put it into your hand, then shuff"
"Corrupted Conscience",9,9,partial,"Enchant creature You control enchanted creature. Enchanted creature has infect. "
"Desculpting Blast",9,9,partial,"Return target nonland permanent to its owner's hand. If it was attacking, create"
"Insult // Injury",9,9,partial,"Damage can't be prevented this turn. If a source you control would deal damage t"
"The Blue Spirit",9,9,partial,"You may cast the first creature spell you cast each turn as though it had flash."
"Smelt",9,9,unknown,"Destroy target artifact."
"Sourbread Auntie",9,9,partial,"When this creature enters, you may blight 2. If you do, create two 1/1 black and"
"Dropkick Bomber",9,9,partial,"Other Goblins you control get +1/+1. {R}: Until end of turn, another target Gobl"
"Price of Glory",9,9,partial,"Whenever a player taps a land for mana, if it's not that player's turn, destroy "
"Summons of Saruman",9,9,partial,"Amass Orcs X. Mill X cards. You may cast an instant or sorcery spell with mana v"
"Mordor Trebuchet",9,9,partial,"Defender Whenever you attack with one or more Goblins and/or Orcs, create a 2/1 "
"Smaug the Impenetrable",9,9,partial,"Flying, indestructible, haste Whenever Smaug is dealt noncombat damage, create t"
"Glowing One",9,9,partial,"Deathtouch Whenever this creature deals combat damage to a player, they get four"
"Afterlife from the Loam",9,9,partial,"Delve (Each card you exile from your graveyard while casting this spell pays for"
"Yawgmoth's Vile Offering",9,9,partial,"(You may cast a legendary sorcery only if you control a legendary creature or pl"
"Doc Samson, Super Psychiatrist",9,9,partial,"If you would put one or more counters on a permanent you control, put that many "
"Illusionist's Gambit",9,9,partial,"Cast this spell only during the declare blockers step on an opponent's turn. Rem"
"Kid Loki",9,9,partial,"Each creature you control that you've put one or more +1/+1 counters on this tur"
"Yuffie, Materia Hunter",9,9,partial,"Ninjutsu {1}{R} ({1}{R}, Return an unblocked attacker you control to hand: Put t"
"Komainu Battle Armor",9,9,partial,"Menace Equipped creature gets +2/+2 and has menace. Whenever this creature or eq"
"Summoner's Grimoire",9,9,partial,"Job select Equipped creature is a Shaman in addition to its other types and has "
"Ravenous Tyrannosaurus",9,9,partial,"Devour 3 (As this creature enters, you may sacrifice any number of creatures. It"
"Triceraton Commander",9,9,partial,"Flying Whenever this creature attacks, Dinosaurs you control other than this cre"
"Oath of Nissa",9,9,partial,"When Oath of Nissa enters, look at the top three cards of your library. You may "
"Fear of Sleep Paralysis",9,9,partial,"Flying Eerie — Whenever this creature or another enchantment you control enters "
"Monstrosity of the Lake",9,9,partial,"When Monstrosity of the Lake enters, you may pay {5}. If you do, tap all creatur"
"Horde of Notions",9,9,partial,"Vigilance, trample, haste {W}{U}{B}{R}{G}: You may play target Elemental card fr"
"Cavalier of Flame",9,9,partial,"{1}{R}: Creatures you control get +1/+0 and gain haste until end of turn. When t"
"Eirdu, Carrier of Dawn // Isilu, Carrier of Twilight",9,9,partial,"Flying, lifelink Creature spells you cast have convoke. (Your creatures can help"
"Fang, Roku's Companion",9,9,partial,"Flying Whenever Fang attacks, another target legendary creature you control gets"
"Master of Cruelties",9,9,partial,"First strike, deathtouch This creature can only attack alone. Whenever this crea"
"Vow of Duty",9,9,partial,"Enchant creature Enchanted creature gets +2/+2, has vigilance, and can't attack "
"Rakdos, Lord of Riots",9,9,partial,"You can't cast Rakdos unless an opponent lost life this turn. Flying, trample Cr"
"Tangle Wire",9,9,partial,"Fading 4 (This artifact enters with four fade counters on it. At the beginning o"
"Robot Domination",9,9,partial,"Whenever one or more creature cards are put into your graveyard from anywhere, y"
"Corpse Augur",9,9,partial,"When this creature dies, you draw X cards and you lose X life, where X is the nu"
"Henrika Domnathi // Henrika, Infernal Seer",9,9,partial,"Flying At the beginning of combat on your turn, choose one that hasn't been chos"
"Cut Your Losses",9,9,partial,"Casualty 2 (As you cast this spell, you may sacrifice a creature with power 2 or"
"Infesting Radroach",9,9,partial,"Flying This creature can't block. Whenever this creature deals combat damage to "
"Tomik, Wielder of Law",9,9,partial,"Affinity for planeswalkers (This spell costs {1} less to cast for each planeswal"
"Dauntless Dismantler",9,9,partial,"Artifacts your opponents control enter tapped. {X}{X}{W}, Sacrifice this creatur"
"Unstable Amulet",9,9,partial,"When this artifact enters, you get {E}{E} (two energy counters). Whenever you ca"
"Elderfang Venom",9,9,partial,"Attacking Elves you control have deathtouch. Whenever an Elf you control dies, e"
"Benefactor's Draught",9,9,partial,"Untap all creatures. Until end of turn, whenever a creature an opponent controls"
"Oversimplify",9,9,partial,"Exile all creatures. Each player creates a 0/0 green and blue Fractal creature t"
"Power Sink",9,9,partial,"Counter target spell unless its controller pays {X}. If that player doesn't, the"
"Advanced Reconstruction",9,9,partial,"(Gain the next level as a sorcery to add its ability.) At the beginning of your "
"On Wings of Gold",9,9,partial,"Creatures you control that are Zombies and/or tokens get +1/+1 and have flying. "
"Dusk Urchins",9,9,partial,"Whenever this creature attacks or blocks, put a -1/-1 counter on it. When this c"
"Obelisk Spider",9,9,partial,"Reach Whenever this creature deals combat damage to a creature, put a -1/-1 coun"
"Sorin, Lord of Innistrad",9,9,partial,"+1: Create a 1/1 black Vampire creature token with lifelink. −2: You get an embl"
"Braid of Fire",9,9,partial,"Cumulative upkeep—Add {R}. (At the beginning of your upkeep, put an age counter "
"Bebop, Skull & Crossbones",9,9,partial,"Partner with Rocksteady, Mutant Marauder (When this creature enters, target play"
"Merry, Warden of Isengard",9,9,partial,"Partner with Pippin, Warden of Isengard (When this creature enters, target playe"
"At Knifepoint",9,9,partial,"During your turn, outlaws you control have first strike. (Assassins, Mercenaries"
"Kaervek the Merciless",9,9,partial,"Whenever an opponent casts a spell, Kaervek deals damage equal to that spell's m"
"Adriana, Captain of the Guard",9,9,partial,"Melee (Whenever this creature attacks, it gets +1/+1 until end of turn for each "
"Rug of Smothering",9,9,partial,"Flying Whenever a player casts a spell, they lose 1 life for each spell they've "
"Vial Smasher the Fierce",9,9,partial,"Whenever you cast your first spell each turn, choose an opponent at random. Vial"
"Fear of Burning Alive",9,9,partial,"When this creature enters, it deals 4 damage to each opponent. Delirium — Whenev"
"Throatseeker",9,9,partial,"Unblocked attacking Ninjas you control have lifelink."
"Weathered Runestone",9,9,partial,"Nonland permanent cards in graveyards and libraries can't enter the battlefield."
"Arcane Adaptation",9,9,partial,"As this enchantment enters, choose a creature type. Creatures you control are th"
"Furnace of Rath",9,9,partial,"If a source would deal damage to a permanent or player, it deals double that dam"
"Balor",9,9,partial,"Flying Whenever this creature attacks or dies, choose one or more. Each mode mus"
"Leonardo, Sewer Samurai",9,9,partial,"Sneak {2}{W}{W} Double strike During your turn, you may cast creature spells wit"
"Twins of Discord",9,9,partial,"Whenever you attack, choose odd or even. Creatures with mana value of that quali"
"Ugin's Mastery",9,9,partial,"Whenever you cast a colorless creature spell, manifest the top card of your libr"
"Herigast, Erupting Nullkite",9,9,partial,"Emerge {6}{R}{R} (You may cast this spell by sacrificing a creature and paying t"
"Prize Pig",9,9,partial,"Whenever you gain life, put that many ribbon counters on this creature. Then if "
"Eagles of the North",9,9,partial,"Flying When this creature enters, creatures you control get +1/+0 and gain first"
"Kopala, Warden of Waves",9,9,partial,"Spells your opponents cast that target a Merfolk you control cost {2} more to ca"
"Frontline Heroism",9,9,partial,"When this enchantment enters, create a 1/1 red Soldier creature token with haste"
"Marisi, Breaker of the Coil",9,9,partial,"Your opponents can't cast spells during combat. Whenever a creature you control "
"Doctor Doom, Unrivaled",9,9,partial,"Lifelink {T}: You draw a card and lose 1 life. Then if your library has no cards"
"Thunderous Debut",9,9,partial,"Bargain (You may sacrifice an artifact, enchantment, or token as you cast this s"
"Jace, Architect of Thought",9,9,partial,"+1: Until your next turn, whenever a creature an opponent controls attacks, it g"
"Oath of Liliana",9,9,partial,"When Oath of Liliana enters, each opponent sacrifices a creature of their choice"
"Death to Our Enemies",9,9,partial,"Whenever you cast a noncreature spell, create a tapped Treasure token and put a "
"Queen Allenal of Ruadach",9,9,partial,"Queen Allenal of Ruadach's power and toughness are each equal to the number of c"
"Sigarda, Host of Herons",9,9,partial,"Flying, hexproof Spells and abilities your opponents control can't cause you to "
"Sin, Spira's Punishment",9,9,partial,"Flying Whenever Sin enters or attacks, exile a permanent card from your graveyar"
"Glider Staff",9,9,partial,"When this Equipment enters, airbend up to one target creature. (Exile it. While "
"Foggy Swamp Visions",9,9,partial,"As an additional cost to cast this spell, waterbend {X}. (While paying a waterbe"
"Abstract Performance",9,9,partial,"Exile the top four cards of your library in a face-down pile, then exile the top"
"Galion, Elvenking's Butler",9,9,partial,"Whenever Galion attacks, choose up to one other target creature you control. Its"
"Mask of Riddles",9,9,partial,"Equipped creature has fear. (It can't be blocked except by artifact creatures an"
"Grolnok, the Omnivore",9,9,partial,"Whenever a Frog you control attacks, mill three cards. Whenever a permanent card"
"Skeleton Crew",9,9,partial,"Each other creature you control that's a Skeleton or Pirate gets +1/+1. Whenever"
"Gyruda, Doom of Depths",9,9,partial,"Companion — Your starting deck contains only cards with even mana values. (If th"
"Quirion Beastcaller",9,9,partial,"Whenever you cast a creature spell, put a +1/+1 counter on this creature. When t"
"Lich's Mastery",9,9,partial,"Hexproof You can't lose the game. Whenever you gain life, draw that many cards. "
"Blot Out",9,9,partial,"Target opponent exiles a creature or planeswalker they control with the greatest"
"Tivit, Seller of Secrets",9,9,partial,"Flying, ward {3} Council's dilemma — Whenever Tivit enters or deals combat damag"
"MacCready, Lamplight Mayor",9,9,partial,"Whenever a creature you control with power 2 or less attacks, it gains skulk unt"
"Vault 75: Middle School",9,9,partial,"(As this Saga enters and after your draw step, add a lore counter. Sacrifice aft"
"Wild Wasteland",9,9,partial,"Skip your draw step. At the beginning of your upkeep, exile the top two cards of"
"Grimoire of the Dead",9,9,partial,"{1}, {T}, Discard a card: Put a study counter on Grimoire of the Dead. {T}, Remo"
"Whim of Volrath",9,9,partial,"Buyback {2} (You may pay an additional {2} as you cast this spell. If you do, pu"
"Lost to Legend",9,9,partial,"Put target nonland historic permanent into its owner's library fourth from the t"
"J. Jonah Jameson",9,9,partial,"When J. Jonah Jameson enters, suspect up to one target creature. (A suspected cr"
"Haunt the Network",9,9,partial,"Choose target opponent. Create two 1/1 colorless Thopter artifact creature token"
"Golem Foundry",9,9,partial,"Whenever you cast an artifact spell, you may put a charge counter on this artifa"
"Tony Stark // The Invincible Iron Man",9,9,partial,"{1}, {T}: Look at the top four cards of your library. You may reveal an artifact"
"Depthshaker Titan",9,9,partial,"When this creature enters, any number of target noncreature artifacts you contro"
"Doctor Doom, King of Latveria",9,9,partial,"Whenever you discard one or more land cards, each opponent loses 2 life. At the "
"Sidar Kondo of Jamuraa",9,9,partial,"Flanking (Whenever a creature without flanking blocks this creature, the blockin"
"Shield-Wall Sentinel",9,9,partial,"Defender When this creature enters, you may search your library for a creature c"
"Storage Matrix",9,9,partial,"As long as this artifact is untapped, each player chooses artifact, creature, or"
"Akal Pakal, First Among Equals",9,9,partial,"At the beginning of each player's end step, if an artifact entered the battlefie"
"Fractured Powerstone",9,9,partial,"{T}: Add {C}. {T}: Roll the planar die. Activate only as a sorcery."
"Ironwill Forger",9,9,partial,"Lieutenant — At the beginning of combat on your turn, if you control your comman"
"Maralen, Fae Ascendant",9,9,partial,"Flying Whenever Maralen or another Elf or Faerie you control enters, exile the t"
"Riddles in the Dark",9,9,partial,"Look at the top four cards of your library and separate them into a face-down pi"
"Wand of Orcus",9,9,partial,"Whenever equipped creature attacks or blocks, it and Zombies you control gain de"
"Knowledge Pool",9,9,partial,"Imprint — When this artifact enters, each player exiles the top three cards of t"
"Scholar of the Ages",9,9,partial,"When this creature enters, return up to two target instant and/or sorcery cards "
"Homing Sliver",9,9,partial,"Each Sliver card in each player's hand has slivercycling {3}. Slivercycling {3} "
"Foil",9,9,partial,"You may discard an Island card and another card rather than pay this spell's man"
"Wall of Frost",9,9,partial,"Defender Whenever this creature blocks a creature, that creature doesn't untap d"
"Soulless Jailer",9,9,partial,"Permanent cards in graveyards can't enter the battlefield. Players can't cast no"
"Pendant of Prosperity",9,9,partial,"This artifact enters under the control of an opponent of your choice. {2}, {T}: "
"Lobelia Sackville-Baggins",9,9,partial,"Flash Menace When Lobelia enters, exile target creature card from an opponent's "
"Aether Spike",9,9,partial,"Choose target spell. You get {E}{E} (two energy counters), then you may pay any "
"Spectacular Pileup",9,9,partial,"All creatures and Vehicles lose indestructible until end of turn, then destroy a"
"Nurturing Pixie",9,9,partial,"Flying When this creature enters, return up to one target non-Faerie, nonland pe"
"Reverse the Polarity",9,9,partial,"Choose one — • Counter all other spells. • Switch each creature's power and toug"
"Azorius Charm",9,9,partial,"Choose one — • Creatures you control gain lifelink until end of turn. • Draw a c"
"Githzerai Monk",9,9,partial,"Flash Flying Psychic Defense — When this creature enters, tap all creatures you "
"Jaya, Fiery Negotiator",9,9,partial,"+1: Create a 1/1 red Monk creature token with prowess. −1: Exile the top two car"
"Urza's Sylex",9,9,partial,"{2}{W}{W}, {T}, Exile Urza's Sylex: Each player chooses six lands they control. "
"Night Nurse, Healer of Heroes",9,9,partial,"Flash Lifelink When Night Nurse enters, choose target permanent card in your gra"
"Leonin Relic-Warder",9,9,partial,"When this creature enters, you may exile target artifact or enchantment. When th"
"Cephalid Facetaker",9,9,partial,"This creature can't be blocked. At the beginning of combat on your turn, you may"
"Mind Games",9,9,partial,"Buyback {2}{U} (You may pay an additional {2}{U} as you cast this spell. If you "
"Thermal Flux",9,9,partial,"Choose one — • Target nonsnow permanent becomes snow until end of turn. • Target"
"Archetype of Finality",9,9,partial,"Creatures you control have deathtouch. Creatures your opponents control lose dea"
"Ebonblade Reaper",9,9,partial,"Whenever this creature attacks, you lose half your life, rounded up. Whenever th"
"Shifting Grift",9,9,partial,"Spree (Choose one or more additional costs.) + {2} — Exchange control of two tar"
"Xanathar, Guild Kingpin",9,9,partial,"At the beginning of your upkeep, choose target opponent. Until end of turn, that"
"Mercurial Spelldancer",9,9,partial,"This creature can't be blocked. Whenever you cast a noncreature spell, put an oi"
"Donal, Herald of Wings",9,9,partial,"Whenever you cast a nonlegendary creature spell with flying, you may copy it, ex"
"Spectral Adversary",9,9,partial,"Flash Flying When this creature enters, you may pay {1}{U} any number of times. "
"Case of the Filched Falcon",9,9,partial,"When this Case enters, investigate. (Create a Clue token. It's an artifact with "
"The War Games",9,9,partial,"(As this Saga enters and after your draw step, add a lore counter. Sacrifice aft"
"Day of the Moon",9,9,partial,"(As this Saga enters and after your draw step, add a lore counter. Sacrifice aft"
"Aurelia, Exemplar of Justice",9,9,partial,"Flying Mentor (Whenever this creature attacks, put a +1/+1 counter on target att"
"Cartographer's Survey",9,9,partial,"Look at the top seven cards of your library. Put up to two land cards from among"
"Field Marshal",9,9,partial,"Other Soldier creatures get +1/+1 and have first strike. (They deal combat damag"
"Defiler of Faith",9,9,partial,"Vigilance As an additional cost to cast white permanent spells, you may pay 2 li"
"Shuri's Fabricator",9,9,partial,"When this artifact enters, create two tapped Vibranium tokens. (They're artifact"
"Savage Punch",9,9,partial,"Target creature you control fights target creature you don't control. Ferocious "
"Toralf, God of Fury // Toralf's Hammer",9,9,partial,"Trample Whenever a creature or planeswalker an opponent controls is dealt excess"
"Fall of Gil-galad",9,9,partial,"(As this Saga enters and after your draw step, add a lore counter. Sacrifice aft"
"Engulf the Shore",9,9,partial,"Return to their owners' hands all creatures with toughness less than or equal to"
"Make Your Own Luck",9,9,partial,"Look at the top three cards of your library. You may exile a nonland card from a"
"Goma Fada Vanguard",9,9,partial,"Whenever this creature attacks, target creature an opponent controls with power "
"Undergrowth Champion",9,9,partial,"If damage would be dealt to this creature while it has a +1/+1 counter on it, pr"
"Monitor Monitor",9,9,partial,"When this creature enters, open an Attraction. (Put the top card of your Attract"
"Voltage Surge",9,9,partial,"As an additional cost to cast this spell, you may sacrifice an artifact. Voltage"
"Momentum Breaker",9,9,partial,"Start your engines! (If you have no speed, it starts at 1. It increases once on "
"Malamet Battle Glyph",9,9,partial,"Choose target creature you control and target creature you don't control. If the"
"Armix, Filigree Thrasher",9,9,partial,"Whenever Armix attacks, you may discard a card. When you do, target creature def"
"Retro-Mutation",9,9,partial,"Flash Enchant creature Enchanted creature is a Turtle with base power and toughn"
"Peema Trailblazer",9,9,partial,"Trample Whenever this creature deals combat damage to a player, you get that man"
"Daring Thief",9,9,partial,"Inspired — Whenever this creature becomes untapped, you may exchange control of "
"Watcher for Tomorrow",9,9,partial,"Hideaway 4 (When this creature enters, look at the top four cards of your librar"
"Wingspan Stride",9,9,partial,"Enchant creature Enchanted creature gets +1/+1 and has flying. {2}{U}: Return th"
"Escape Detection",9,9,partial,"Freerunning—Return a blue creature you control to its owner's hand. (You may cas"
"Etrata, Deadly Fugitive",9,9,partial,"Deathtouch Face-down creatures you control have ""{2}{U}{B}: Turn this creature f"
"HULK SMASH!",9,9,partial,"Teamwork 4 (As an additional cost to cast this spell, you may tap any number of "
"Consumed by History",9,9,partial,"Until end of turn, whenever a nontoken creature dies, it perpetually gains unear"
"Bomat Courier",9,9,partial,"Haste Whenever this creature attacks, exile the top card of your library face do"
"A-Lapis Orb of Dragonkind",9,9,partial,"{T}: Add one mana of any color. When you spend this mana to cast a Dragon creatu"
"Inspiring Easel",9,9,partial,"{T}: Add one mana of any color. Spend this mana only to cast an instant or sorce"
"Evolved Sleeper",9,9,partial,"{B}: This creature becomes a Human Cleric with base power and toughness 2/2. {1}"
"Lam, Storm Crane Elder",9,9,partial,"Prowess Whenever you cast a noncreature spell, conjure a card named Monastery Me"
"Infirmary Healer // Stream of Life",9,9,partial,"This creature enters prepared. (While it's prepared, you may cast a copy of its "
"Traverse Valley",9,9,partial,"Kicker—Forage. Seek a nonbasic land card. If this spell was kicked, put that car"
"Arms Scavenger",9,9,partial,"At the beginning of your upkeep, draft a card from this creature's spellbook, th"
"Electrostatic Blast",9,9,partial,"Electrostatic Blast deals 2 damage to any target. You get a one-time boon with """
"Landlore Navigator",9,9,partial,"Whenever Landlore Navigator attacks, create a Map token. At the beginning of you"
"Dreams of Steel and Oil",9,9,partial,"Target opponent reveals their hand. You choose an artifact or creature card from"
"Elvish Elegy",9,9,partial,"Mill three cards, then each creature card in your graveyard perpetually gets +1/"
"Hulk, Brutal Brawler",9,9,partial,"Hulk attacks each combat if able. Whenever Hulk attacks, put a +1/+1 counter on "
"Quina, Qu Gourmet",9,9,partial,"If one or more tokens would be created under your control, those tokens plus a 1"
"Scalar Scholar",9,9,partial,"Increment When this creature enters, each card you own with {X} in its mana cost"
"A-Ochre Jelly",9,9,partial,"Trample Ward {2} Ochre Jelly enters with X +1/+1 counters on it. Split — When Oc"
"Arius, Flyby Trawler",9,9,partial,"Flying, Trample Whenever Arius attacks, seek a non-Shark card. Discard that card"
"Ayula, Queen Among Bears",9,9,partial,"Whenever another Bear you control enters, choose one — • Put two +1/+1 counters "
"A-Karn, Living Legacy",9,9,partial,"+1: Create a tapped Powerstone token. (It's an artifact with ""{T}: Add {C}. This"
"Thunderbond Vanguard",9,9,partial,"Thunderbond Vanguard's power and toughness are each equal to the number of creat"
"Undercity Plunder",9,9,partial,"Target opponent discards a card. Then they may discard an additional card. If th"
"Observed Stasis",8,8,partial,"Flash Enchant creature an opponent controls When this Aura enters, remove enchan"
"Sphinx of Forgotten Lore",8,8,partial,"Flash (You may cast this spell any time you could cast an instant.) Flying Whene"
"Time Stop",8,8,partial,"End the turn. (Exile all spells and abilities, including this spell. The player "
"Urianger Augurelt",8,8,partial,"Whenever you play a land from exile or cast a spell from exile, you gain 2 life."
"Profane Transfusion",8,8,partial,"Two target players exchange life totals. You create an X/X colorless Horror arti"
"Earth's Mightiest Heroes",8,8,partial,"Teamwork 5 (As an additional cost to cast this spell, you may tap any number of "
"Neriv, Heart of the Storm",8,8,partial,"Flying If a creature you control that entered this turn would deal damage, it de"
"Scavenger Regent // Exude Toxin",8,8,partial,"Flying Ward—Discard a card. // Each non-Dragon creature gets -X/-X until end of "
"Amoeboid Changeling",8,8,partial,"Changeling (This card is every creature type.) {T}: Target creature gains all cr"
"Sarkhan Unbroken",8,8,partial,"+1: Draw a card, then add one mana of any color. −2: Create a 4/4 red Dragon cre"
"Clarion Conqueror",8,8,partial,"Flying Activated abilities of artifacts, creatures, and planeswalkers can't be a"
"Vampire Hexmage",8,8,partial,"First strike Sacrifice this creature: Remove all counters from target permanent."
"Steal the Show",8,8,partial,"Choose one or both — • Target player discards any number of cards, then draws th"
"Quicksilver Elemental",8,8,partial,"{U}: This creature gains all activated abilities of target creature until end of"
"Goblin Morningstar",8,8,partial,"Equipped creature gets +1/+0 and has trample. Equip {1}{R} When this Equipment e"
"Goblin Recruiter",8,8,partial,"When this creature enters, search your library for any number of Goblin cards, r"
"Lord of the Nazgûl",8,8,partial,"Flying Wraiths you control have protection from Ring-bearers. Whenever you cast "
"Assault on Osgiliath",8,8,partial,"Amass Orcs X, then Goblins and Orcs you control gain double strike and haste unt"
"Goblin Dark-Dwellers",8,8,partial,"Menace (This creature can't be blocked except by two or more creatures.) When th"
"The Balrog, Durin's Bane",8,8,partial,"This spell costs {1} less to cast for each permanent sacrificed this turn. Haste"
"Treason of Isengard",8,8,partial,"Put up to one target instant or sorcery card from your graveyard on top of your "
"Nissa of Shadowed Boughs",8,8,partial,"Landfall — Whenever a land you control enters, put a loyalty counter on Nissa. +"
"Necromantic Selection",8,8,partial,"Destroy all creatures, then return a creature card put into a graveyard this way"
"Nightkin Ambusher",8,8,partial,"Ward {2} (Whenever this creature becomes the target of a spell or ability an opp"
"Deadbridge Chant",8,8,partial,"When this enchantment enters, mill ten cards. At the beginning of your upkeep, c"
"Marina Vendrell's Grimoire",8,8,partial,"When Marina Vendrell's Grimoire enters, if you cast it, draw five cards. You hav"
"Sokrates, Athenian Teacher",8,8,partial,"Defender Sokrates has hexproof as long as it's untapped. Sokratic Dialogue — {T}"
"The Second Doctor",8,8,partial,"Players have no maximum hand size. How Civil of You — At the beginning of your e"
"Terminus",8,8,partial,"Put all creatures on the bottom of their owners' libraries. Miracle {W} (You may"
"Cloud's Limit Break",8,8,partial,"Tiered (Choose one additional cost.) • Cross-Slash — {0} — Destroy target tapped"
"Bladehold War-Whip",8,8,partial,"For Mirrodin! (When this Equipment enters, create a 2/2 red Rebel creature token"
"Itzquinth, Firstborn of Gishath",8,8,partial,"Haste When Itzquinth enters, you may pay {2}. When you do, target Dinosaur you c"
"The Tarrasque",8,8,partial,"The Tarrasque has haste and ward {10} as long as it was cast. Whenever The Tarra"
"Master Biomancer",8,8,partial,"Each other creature you control enters with a number of additional +1/+1 counter"
"Open the Gates",8,8,partial,"Search your library for a basic land card or Gate card, reveal it, put it into y"
"Champion of the Path",8,8,partial,"As an additional cost to cast this spell, behold an Elemental and exile it. (Exi"
"Stranglehold",8,8,partial,"Your opponents can't search libraries. If an opponent would begin an extra turn,"
"Vow of Malice",8,8,partial,"Enchant creature Enchanted creature gets +2/+2, has intimidate, and can't attack"
"Conviction",8,8,partial,"Enchant creature Enchanted creature gets +1/+3. {W}: Return this Aura to its own"
"Lightstall Inquisitor",8,8,partial,"Vigilance When this creature enters, each opponent exiles a card from their hand"
"Nahiri's Resolve",8,8,partial,"Creatures you control get +1/+0 and have haste. At the beginning of your end ste"
"Oblivion Stone",8,8,partial,"{4}, {T}: Put a fate counter on target permanent. {5}, {T}, Sacrifice this artif"
"Breath of Fury",8,8,partial,"Enchant creature you control When enchanted creature deals combat damage to a pl"
"Planewide Celebration",8,8,partial,"Choose four. You may choose the same mode more than once. • Create a 2/2 Citizen"
"Doorkeeper Thrull",8,8,partial,"Flash Flying Artifacts and creatures entering don't cause abilities to trigger."
"Mirelurk Queen",8,8,partial,"Vigilance When this creature enters, target player gets two rad counters. Whenev"
"Hancock, Ghoulish Mayor",8,8,partial,"Each other creature you control that's a Zombie or Mutant gets +X/+X, where X is"
"Maddening Cacophony",8,8,partial,"Kicker {3}{U} Each opponent mills eight cards. If this spell was kicked, instead"
"Strong, the Brutish Thespian",8,8,partial,"Ward {2} Enrage — Whenever Strong is dealt damage, you get three rad counters an"
"Terisian Mindbreaker",8,8,partial,"Whenever this creature attacks, defending player mills half their library, round"
"The Ghoul, Gunslinger",8,8,partial,"First strike Whenever The Ghoul or another nontoken Zombie or Mutant you control"
"Kuja, Genome Sorcerer // Trance Kuja, Fate Defied",8,8,partial,"At the beginning of your end step, create a tapped 0/1 black Wizard creature tok"
"Fealty to the Realm",8,8,partial,"Enchant creature When this Aura enters, you become the monarch. The monarch cont"
"Iridescent Hornbeetle",8,8,partial,"At the beginning of your end step, create a 1/1 green Insect creature token for "
"Legolas Greenleaf",8,8,partial,"Reach Legolas can't be blocked by creatures with power 2 or less. Whenever anoth"
"Rhys the Exiled",8,8,partial,"Whenever Rhys attacks, you gain 1 life for each Elf you control. {B}, Sacrifice "
"Ruinous Waterbending",8,8,partial,"As an additional cost to cast this spell, you may waterbend {4}. (While paying a"
"Sylvan Messenger",8,8,partial,"Trample (This creature can deal excess combat damage to the player or planeswalk"
"Fractal Harness",8,8,partial,"When this Equipment enters, create a 0/0 green and blue Fractal creature token. "
"Icy Blast",8,8,partial,"Tap X target creatures. Ferocious — If you control a creature with power 4 or gr"
"Xantcha, Sleeper Agent",8,8,partial,"Xantcha enters under the control of an opponent of your choice. Xantcha attacks "
"Wheel of Fate",8,8,partial,"Suspend 4—{1}{R} (Rather than cast this card from your hand, pay {1}{R} and exil"
"Liliana, Death Wielder",8,8,partial,"+2: Put a -1/-1 counter on up to one target creature. −3: Destroy target creatur"
"Grumgully, the Generous",8,8,partial,"Each other non-Human creature you control enters with an additional +1/+1 counte"
"Vincent's Limit Break",8,8,partial,"Tiered (Choose one additional cost.) Until end of turn, target creature you cont"
"Temporal Extortion",8,8,partial,"When you cast this spell, any player may pay half their life, rounded up. If a p"
"Vindictive Lich",8,8,partial,"When this creature dies, choose one or more. Each mode must target a different p"
"Council's Judgment",8,8,partial,"Will of the council — Starting with you, each player votes for a nonland permane"
"Curse of Disturbance",8,8,partial,"Enchant player Whenever enchanted player is attacked, create a 2/2 black Zombie "
"End of the Hunt",8,8,partial,"Target opponent exiles a creature or planeswalker they control with the greatest"
"The Ring Goes South",8,8,partial,"The Ring tempts you. Then reveal cards from the top of your library until you re"
"Loki, Lord of Misrule",8,8,partial,"{U}, {T}: Choose target creature you control. Each creature you control other th"
"Altar of the Pantheon",8,8,partial,"Your devotion to each color and each combination of colors is increased by one. "
"Madame Masque",8,8,partial,"When Madame Masque enters, she connives. (Draw a card, then discard a card. If y"
"Down in the Valley",8,8,partial,"(As this Saga enters and after your draw step, add a lore counter. Sacrifice aft"
"Dragonologist",8,8,partial,"When this creature enters, look at the top six cards of your library. You may re"
"Nissa, Steward of Elements",8,8,partial,"+2: Scry 2. 0: Look at the top card of your library. If it's a land card or a cr"
"Gatewatch Beacon",8,8,partial,"This artifact enters with three loyalty counters on it. {T}: Add {W}. Whenever a"
"Crystalline Giant",8,8,partial,"At the beginning of combat on your turn, choose a kind of counter at random that"
"Arcade Cabinet",8,8,partial,"When this artifact enters, put a +1/+1 counter on each of up to four target crea"
"Court of Vantress",8,8,partial,"When this enchantment enters, you become the monarch. At the beginning of your u"
"Shallow Grave",8,8,partial,"Return the top creature card of your graveyard to the battlefield. That creature"
"Kaervek, the Punisher",8,8,partial,"Whenever you commit a crime, exile up to one target black card from your graveya"
"Kang the Conqueror",8,8,partial,"Flying Power-up — {5}{U}{U}{U}: Put a +1/+1 counter on Kang. Take an extra turn "
"Tidal Barracuda",8,8,partial,"Any player may cast spells as though they had flash. Your opponents can't cast s"
"Scepter of Empires",8,8,partial,"{T}: This artifact deals 1 damage to target player or planeswalker. It deals 3 d"
"Throne of Empires",8,8,partial,"{1}, {T}: Create a 1/1 white Soldier creature token. Create five of those tokens"
"Skyserpent Seeker",8,8,partial,"Flying, deathtouch Exhaust — {4}: Reveal cards from the top of your library unti"
"Fishing Gear",8,8,partial,"Whenever equipped creature deals combat damage to a player, exile the top card o"
"Higure, the Still Wind",8,8,partial,"Ninjutsu {2}{U}{U} ({2}{U}{U}, Return an unblocked attacker you control to hand:"
"Go Blank",8,8,partial,"Target player discards two cards. Then exile that player's graveyard."
"Submerge",8,8,partial,"If an opponent controls a Forest and you control an Island, you may cast this sp"
"Zurgo, Thunder's Decree",8,8,partial,"Mobilize 2 (Whenever this creature attacks, create two tapped and attacking 1/1 "
"Decadent Dragon // Expensive Taste",8,8,partial,"Flying, trample Whenever this creature attacks, create a Treasure token. // Exil"
"Reaper's Talisman",8,8,partial,"Whenever equipped creature attacks, it gains deathtouch until end of turn. Whene"
"Wisecrack",8,8,partial,"Target creature deals damage equal to its power to itself. If that creature is a"
"Propagator Drone",8,8,partial,"Devoid (This card has no color.) Creature tokens you control have evolve. (They "
"Dihada, Binder of Wills",8,8,partial,"+2: Up to one target legendary creature gains vigilance, lifelink, and indestruc"
"Hithlain Rope",8,8,partial,"This artifact can't be sacrificed. {1}, {T}: Search your library for a basic lan"
"Astrid Peth",8,8,partial,"Whenever Astrid Peth enters or attacks, create a Food token. Brand-new Sky — Whe"
"Sierra, Nuka's Biggest Fan",8,8,partial,"The Nuka-Cola Challenge — Whenever one or more creatures you control deal combat"
"Thada Adel, Acquisitor",8,8,partial,"Islandwalk (This creature can't be blocked as long as defending player controls "
"Reckless Blaze",8,8,partial,"Reckless Blaze deals 5 damage to each creature. Whenever a creature you control "
"Blast-Furnace Hellkite",8,8,partial,"Artifact offering (You may cast this spell as though it had flash by sacrificing"
"Glorious Purpose",8,8,partial,"Whenever a creature you control connives, put a +1/+1 counter on that creature a"
"Pumpkin Bombs",8,8,partial,"{T}, Discard two cards: Draw three cards, then put a fuse counter on this artifa"
"Extract Power",8,8,partial,"Look at the top card of each player's library, then exile those cards face down."
"Malcator, Purity Overseer",8,8,partial,"When Malcator enters, create a 3/3 colorless Phyrexian Golem artifact creature t"
"Ovika, Enigma Goliath",8,8,partial,"Flying Ward—{3}, Pay 3 life. Whenever you cast a noncreature spell, create X 1/1"
"The Ancient One",8,8,partial,"Descend 8 — The Ancient One can't attack or block unless there are eight or more"
"Jace, Ingenious Mind-Mage",8,8,partial,"+1: Draw a card. +1: Untap all creatures you control. −9: Gain control of up to "
"Ensnared by the Mara",8,8,partial,"Each opponent faces a villainous choice — They exile cards from the top of their"
"Platinum Emperion",8,8,partial,"Your life total can't change. (You can't gain or lose life. You can't pay any am"
"Destined Confrontation",8,8,partial,"Each player chooses any number of creatures they control with total power 4 or l"
"Fire Lord Zuko",8,8,partial,"Firebending X, where X is Fire Lord Zuko's power. (Whenever this creature attack"
"Iroh, Grand Lotus",8,8,partial,"Firebending 2 During your turn, each non-Lesson instant and sorcery card in your"
"Out of the Tombs",8,8,partial,"At the beginning of your upkeep, put two eon counters on this enchantment, then "
"Froghemoth",8,8,partial,"Trample, haste Whenever this creature deals combat damage to a player, exile up "
"Long River Lurker",8,8,partial,"Ward {1} Other Frogs you control have ward {1}. When this creature enters, targe"
"Valley Mightcaller",8,8,partial,"Trample Whenever another Frog, Rabbit, Raccoon, or Squirrel you control enters, "
"Life and Limb",8,8,partial,"All Forests and all Saprolings are 1/1 green Saproling creatures and Forest land"
"Guilty Conscience",8,8,partial,"Enchant creature Whenever enchanted creature deals damage, this Aura deals that "
"Medomai the Ageless",8,8,partial,"Flying Whenever Medomai deals combat damage to a player, take an extra turn afte"
"Contamination",8,8,partial,"At the beginning of your upkeep, sacrifice this enchantment unless you sacrifice"
"Jarad's Orders",8,8,partial,"Search your library for up to two creature cards and reveal them. Put one into y"
"Katilda, Dawnhart Prime",8,8,partial,"Protection from Werewolves Human creatures you control have ""{T}: Add one mana o"
"Comet, Stellar Pup",8,8,partial,"0: Roll a six-sided die. 1 or 2 — [+2], then create two 1/1 green Squirrel creat"
"Bucknard's Everfull Purse",8,8,partial,"{1}, {T}: Roll a d4 and create a number of Treasure tokens equal to the result. "
"Lux Artillery",8,8,partial,"Whenever you cast an artifact creature spell, it gains sunburst. (It enters with"
"Vault 112: Sadistic Simulation",8,8,partial,"(As this Saga enters and after your draw step, add a lore counter. Sacrifice aft"
"Cosima, God of the Voyage // The Omenkeel",8,8,partial,"At the beginning of your upkeep, you may exile Cosima. If you do, it gains ""When"
"The Necrobloom",8,8,partial,"Landfall — Whenever a land you control enters, create a 0/1 green Plant creature"
"Mythos of Nethroi",8,8,partial,"Destroy target nonland permanent if it's a creature or if {G}{W} was spent to ca"
"Paradoxical Outcome",8,8,partial,"Return any number of target nonland, nontoken permanents you control to their ow"
"Memnarch",8,8,partial,"{1}{U}{U}: Target permanent becomes an artifact in addition to its other types. "
"Conjurer's Bauble",8,8,partial,"{T}, Sacrifice this artifact: Put up to one target card from your graveyard on t"
"Guild Globe",8,8,partial,"When this artifact enters, draw a card. {2}, {T}, Sacrifice this artifact: Add t"
"Tangle",8,8,partial,"Prevent all combat damage that would be dealt this turn. Each attacking creature"
"Kindle the Inner Flame",8,8,partial,"Create a token that's a copy of target creature you control, except it has haste"
"Sidequest: Hunt the Mark // Yiazmat, Ultimate Mark",8,8,partial,"When this enchantment enters, destroy up to one target creature. At the beginnin"
"Nahiri's Binding",8,8,partial,"Enchant creature or planeswalker Enchanted permanent can't attack or block, and "
"Evershrike's Gift",8,8,partial,"Enchant creature Enchanted creature gets +1/+0 and has flying. {1}{W}, Blight 2:"
"Graf Harvest",8,8,partial,"Zombies you control have menace. (They can't be blocked except by two or more cr"
"Spry and Mighty",8,8,partial,"Choose exactly two creatures you control. You draw X cards and the chosen creatu"
"Mr. Orfeo, the Boulder",8,8,partial,"Whenever you attack, double target creature's power until end of turn."
"Hatchery Sliver",8,8,partial,"Replicate {1}{G} (When you cast this spell, copy it for each time you paid its r"
"Pulmonic Sliver",8,8,partial,"All Sliver creatures have flying. All Slivers have ""If this permanent would be p"
"Virulent Sliver",8,8,partial,"All Sliver creatures have poisonous 1. (Whenever a Sliver deals combat damage to"
"Avatar Destiny",8,8,partial,"Enchant creature you control Enchanted creature gets +1/+1 for each creature car"
"Fireball",8,8,partial,"This spell costs {1} more to cast for each target beyond the first. Fireball dea"
"Zimone, Infinite Analyst",8,8,partial,"The first spell you cast with {X} in its mana cost each turn costs {1} less to c"
"Multiple Choice",8,8,partial,"If X is 1, scry 1, then draw a card. If X is 2, you may choose a player. They re"
"Teyo, Geometric Tactician",8,8,partial,"When Teyo enters, create a 0/4 white Wall creature token with defender and flyin"
"Deluxe Dragster",8,8,partial,"This Vehicle can't be blocked except by Vehicles. Whenever this Vehicle deals co"
"Lodestone Golem",8,8,partial,"Nonartifact spells cost {1} more to cast."
"Spider-Suit",8,8,partial,"Equipped creature gets +2/+2 and is a Spider Hero in addition to its other types"
"Laughing Jasper Flint",8,8,partial,"Creatures you control but don't own are Mercenaries in addition to their other t"
"Hellspur Posse Boss",8,8,partial,"Other outlaws you control have haste. (Assassins, Mercenaries, Pirates, Rogues, "
"Jace, Mirror Mage",8,8,partial,"Kicker {2} When Jace enters, if Jace was kicked, create a token that's a copy of"
"By Invitation Only",8,8,partial,"Choose a number between 0 and 13. Each player sacrifices that many creatures of "
"Bespoke Battlewagon",8,8,partial,"{T}: You get {E}{E} (two energy counters). {T}, Pay {E}{E}: Tap target creature."
"Abyssal Persecutor",8,8,partial,"Flying, trample You can't win the game and your opponents can't lose the game."
"Evil Eye of Orms-by-Gore",8,8,partial,"Non-Eye creatures you control can't attack. This creature can't be blocked excep"
"Emergent Sequence",8,8,partial,"Search your library for a basic land card, put it onto the battlefield tapped, t"
"Shacklegeist",8,8,partial,"Flying This creature can block only creatures with flying. Tap two untapped Spir"
"Confusion in the Ranks",8,8,partial,"Whenever an artifact, creature, or enchantment enters, its controller chooses ta"
"Smoke",8,8,partial,"Players can't untap more than one creature during their untap steps."
"Liliana Vess",8,8,partial,"+1: Target player discards a card. −2: Search your library for a card, then shuf"
"Ka-Zar of the Savage Land",8,8,partial,"You may look at the top card of your library any time. You may play lands from t"
"Mirror Gallery",8,8,partial,"The ""legend rule"" doesn't apply."
"Kasmina's Transmutation",8,8,partial,"Enchant creature Enchanted creature loses all abilities and has base power and t"
"Sigarda's Summons",8,8,partial,"Creatures you control with +1/+1 counters on them have base power and toughness "
"Aethersphere Harvester",8,8,partial,"Flying When this Vehicle enters, you get {E}{E} (two energy counters). Pay {E}: "
"Lure",8,8,partial,"Enchant creature All creatures able to block enchanted creature do so."
"Roads Go Ever, Ever On",8,8,partial,"(As this Saga enters and after your draw step, add a lore counter. Sacrifice aft"
"Satsuki, the Living Lore",8,8,partial,"{T}: Put a lore counter on each Saga you control. Activate only as a sorcery. Wh"
"Tomik, Distinguished Advokist",8,8,partial,"Flying Lands on the battlefield and land cards in graveyards can't be the target"
"Ritual of Soot",8,8,partial,"Destroy all creatures with mana value 3 or less."
"Insatiable Skittermaw",8,8,partial,"Menace (This creature can't be blocked except by two or more creatures.) Void — "
"Soul Sear",8,8,partial,"Soul Sear deals 5 damage to target creature or planeswalker. That permanent lose"
"Calamity, Galloping Inferno",8,8,partial,"Haste Whenever Calamity attacks while saddled, choose a nonlegendary creature th"
"Outlaws' Merriment",8,8,partial,"At the beginning of your upkeep, choose one at random. Create a red and white cr"
"Leori, Sparktouched Hunter",8,8,partial,"Flying, vigilance Whenever Leori deals combat damage to a player, choose a plane"
"Ashiok, Nightmare Muse",8,8,partial,"+1: Create a 2/3 blue and black Nightmare creature token with ""Whenever this tok"
"River Song's Diary",8,8,partial,"Imprint — Whenever a player casts an instant or sorcery spell from their hand, e"
"Nessian Wanderer",8,8,partial,"Constellation — Whenever an enchantment you control enters, look at the top thre"
"Dr. Madison Li",8,8,partial,"Whenever you cast an artifact spell, you get {E} (an energy counter). {T}, Pay {"
"Wrath of the Skies",8,8,partial,"You get X {E} (energy counters), then you may pay any amount of {E}. Destroy eac"
"Synth Eradicator",8,8,partial,"Haste Whenever this creature attacks, exile the top card of your library. You ma"
"Spring-Loaded Sawblades // Bladewheel Chariot",8,8,partial,"Flash When this artifact enters, it deals 5 damage to target tapped creature an "
"Anep, Vizier of Hazoret",8,8,partial,"Trample You may exert Anep as it attacks. When you do, exile the top two cards o"
"Bamboozling Beeble",8,8,partial,"Protection from Robots {1}, {T}: The next time target player would roll one or m"
"Champion of the Weird",8,8,partial,"As an additional cost to cast this spell, behold a Goblin and exile it. (Exile a"
"Goblin Plate Mail",8,8,partial,"When this Equipment enters, amass Goblins 1, then attach this Equipment to the a"
"Panther Habit",8,8,partial,"If equipped creature would be dealt damage, prevent that damage and put that man"
"Turtles Forever",8,8,partial,"Search your library and/or outside the game for exactly four legendary creature "
"Sokka, Swordmaster",8,8,partial,"Vigilance Equipment spells you cast cost {1} less to cast for each Ally you cont"
"Gemcutter Buccaneer",8,8,partial,"Whenever this creature or another Pirate you control enters, create a tapped Tre"
"Sludge Monster",8,8,partial,"Whenever this creature enters or attacks, put a slime counter on up to one other"
"Nekrataal",8,8,partial,"First strike When this creature enters, destroy target nonartifact, nonblack cre"
"Peema Aether-Seer",8,8,partial,"When this creature enters, you get an amount of {E} (energy counters) equal to t"
"Primal Prayers",8,8,partial,"When this enchantment enters, you get {E}{E} (two energy counters). You may cast"
"Headliner Scarlett",8,8,partial,"Haste When Headliner Scarlett enters, creatures target player controls can't blo"
"Desperate Measures",8,8,partial,"Target creature gets +1/-1 until end of turn. When it dies under your control th"
"Quicksilver, Brash Blur",8,8,partial,"If Quicksilver, Brash Blur is in your opening hand, you may begin the game with "
"Angel's Trumpet",8,8,partial,"All creatures have vigilance. At the beginning of each player's end step, tap al"
"Ashiok, Wicked Manipulator",8,8,partial,"If you would pay life while your library has at least that many cards in it, exi"
"Etrata, the Silencer",8,8,partial,"Etrata can't be blocked. Whenever Etrata deals combat damage to a player, exile "
"Draconic Destiny",8,8,partial,"Enchant creature Enchanted creature gets +1/+1 and has flying, haste, and ""{1}: "
"Spellbinding Soprano",8,8,partial,"Whenever this creature attacks, instant and sorcery spells you cast this turn co"
"Triple Triad",8,8,partial,"At the beginning of your upkeep, each player exiles the top card of their librar"
"Ran and Shaw",8,8,partial,"Flying, firebending 2 When Ran and Shaw enter, if you cast them and there are th"
"Lost in Memories",8,8,partial,"Flash Enchant creature you control Enchanted creature gets +1/+1 and has ""Whenev"
"Captain Marvel, Earth's Protector",8,8,partial,"Flash Flying, lifelink Power-up — {5}{W}{W}: Put a +1/+1 counter and an indestru"
"Caldera Breaker",8,8,partial,"Trample When Caldera Breaker enters, exile all Mountain cards from your library."
"Fear of Ridicule",8,8,partial,"Enchantment creatures you control have menace. Whenever one or more enchantment "
"Unbreakable Remnant",8,8,partial,"Escape—{1}{W}, Exile two other cards from your graveyard. When you cast this spe"
"Quistis Trepe",8,8,partial,"Blue Magic — When Quistis Trepe enters, you may cast target instant or sorcery c"
"Preponderant Pearl",8,8,partial,"When this artifact enters, conjure a card named Ponder into your hand. Whenever "
"Penregon Besieged",8,8,partial,"At the beginning of your end step, choose a creature with the least toughness am"
"Lurker in the Deep",8,8,partial,"Impending 3—{2}{U}{U} Whenever Lurker in the Deep enters or attacks, seek a nonl"
"Sigardian Evangel",8,8,partial,"When Sigardian Evangel enters the battlefield, conjure a card named Sigardian Ev"
"Prototype X-8",8,8,partial,"This spell costs {2} less to cast for each creature card in your graveyard. When"
"Lithomantic Barrage",8,8,partial,"This spell can't be countered. Lithomantic Barrage deals 1 damage to target crea"
"Feldon, Ronom Excavator",8,8,partial,"Haste Feldon can't block. Whenever Feldon is dealt damage, exile that many cards"
"Mitotic Ultimus",8,8,partial,"This spell costs {X} less to cast, where X is the greatest power among creatures"
"Switchgrass Grazer",8,8,partial,"Haste Whenever Switchgrass Grazer attacks, it deals 1 damage to any target. If S"
"Golden Sidekick",8,8,partial,"Flying, lifelink Whenever you gain life, a random creature card in your hand per"
"Expansive Reapplication",8,8,partial,"X can't be 0. Counter target spell. Conjure a random creature card with mana val"
"Snowborn Simulacra",8,8,partial,"Conjure a duplicate of each of X target nontoken permanents into your hand. Thos"
"Tenacious Pup",8,8,partial,"When Tenacious Pup enters the battlefield, you gain 1 life. You get a one-time b"
"Thought Partition",8,8,partial,"Target opponent reveals all nonland cards in their hand. You may choose one of t"
"Blightbeetle",8,8,partial,"Protection from green (This creature can't be blocked, targeted, dealt damage, e"
"Rankle, Pitiless Trickster",8,8,partial,"Flying Rankle has lifelink and haste as long as an opponent controls no creature"
"Halo Forager",8,8,partial,"Flying When this creature enters, you may pay {X}. When you do, you may cast tar"
"Skyblade's Boon",8,8,partial,"Enchant creature Enchanted creature gets +1/+1 and has flying. {2}{W}: Return Sk"
"Wintermoor Commander",8,8,partial,"Deathtouch Wintermoor Commander's toughness is equal to the number of Knights yo"
"Reenact the Crime",7,7,partial,"Exile target nonland card in a graveyard that was put there from anywhere this t"
"Solitary Confinement",7,7,partial,"At the beginning of your upkeep, sacrifice this enchantment unless you discard a"
"Worst Fears",7,7,partial,"You control target player during that player's next turn. Exile Worst Fears. (Yo"
"Ancient Cellarspawn",7,7,partial,"Each spell you cast that's a Demon, Horror, or Nightmare costs {1} less to cast."
"Ramos, Dragon Engine",7,7,partial,"Flying Whenever you cast a spell, put a +1/+1 counter on Ramos for each of that "
"Rooftop Percher",7,7,partial,"Changeling (This card is every creature type.) Flying When this creature enters,"
"Silumgar, the Drifting Death",7,7,partial,"Flying, hexproof Whenever a Dragon you control attacks, creatures defending play"
"Door to Nothingness",7,7,partial,"This artifact enters tapped. {W}{W}{U}{U}{B}{B}{R}{R}{G}{G}, {T}, Sacrifice this"
"Lozhan, Dragons' Legacy",7,7,partial,"Flying Whenever you cast an Adventure or Dragon spell, Lozhan deals damage equal"
"Delay",7,7,partial,"Counter target spell. If the spell is countered this way, exile it with three ti"
"Dominating Vampire",7,7,partial,"When this creature enters, gain control of target creature with mana value less "
"Mnemonic Deluge",7,7,partial,"Exile target instant or sorcery card from a graveyard. Copy that card three time"
"Warrior's Oath",7,7,partial,"Take an extra turn after this one. At the beginning of that turn's end step, you"
"Mutinous Massacre",7,7,partial,"Choose odd or even. Destroy each creature with mana value of the chosen quality."
"Smite the Deathless",7,7,partial,"Smite the Deathless deals 3 damage to target creature. That creature loses indes"
"Renegade Bull",7,7,partial,"Trample Whenever you cast an instant or sorcery spell, this creature gets +X/+0 "
"Special Move",7,7,partial,"Choose two — • Jump Kick — Destroy target artifact. • Dash Attack — Put two +1/+"
"Self-Destruct",7,7,partial,"Target creature you control deals X damage to any other target and X damage to i"
"Cavalcade of Calamity",7,7,partial,"Whenever a creature you control with power 1 or less attacks, this enchantment d"
"Rangers of Ithilien",7,7,partial,"Vigilance When this creature enters, gain control of up to one target creature w"
"Commence the Endgame",7,7,partial,"This spell can't be countered. Draw two cards, then amass Zombies X, where X is "
"Witch-king, Bringer of Ruin",7,7,partial,"Flying Whenever Witch-king attacks, defending player sacrifices a creature with "
"Torgaar, Famine Incarnate",7,7,partial,"As an additional cost to cast this spell, you may sacrifice any number of creatu"
"Kotis, Sibsig Champion",7,7,partial,"Once during each of your turns, you may cast a creature spell from your graveyar"
"Poxwalkers",7,7,partial,"Deathtouch Curse of the Walking Pox — Whenever you cast a spell from anywhere ot"
"Centaur Vinecrasher",7,7,partial,"Trample This creature enters with a number of +1/+1 counters on it equal to the "
"Bioengineered Future",7,7,partial,"When this enchantment enters, create a Lander token. (It's an artifact with ""{2}"
"Sephiroth, Fallen Hero",7,7,partial,"Jenova Cells — Whenever Sephiroth attacks, you may put a cell counter on target "
"Sauron, Dino Devotee",7,7,partial,"Flying Whenever Sauron enters or attacks, choose one — • Cure Cancer — You gain "
"Experiment One",7,7,partial,"Evolve (Whenever a creature you control enters, if that creature has greater pow"
"Aminatou, the Fateshifter",7,7,partial,"+1: Draw a card, then put a card from your hand on top of your library. −1: Exil"
"Aerith Rescue Mission",7,7,partial,"Choose one — • Take the Elevator — Create three 1/1 colorless Hero creature toke"
"Annex Sentry",7,7,partial,"Toxic 1 (Players dealt combat damage by this creature also get a poison counter."
"Mass of Mysteries",7,7,partial,"First strike, vigilance, trample At the beginning of combat on your turn, anothe"
"Scampering Scorcher",7,7,partial,"When this creature enters, create two 1/1 red Elemental creature tokens. Element"
"Neriv, Crackling Vanguard",7,7,partial,"Flying, deathtouch When Neriv enters, create two 1/1 red Goblin creature tokens."
"Avatar of Slaughter",7,7,partial,"All creatures have double strike and attack each combat if able."
"Vow of Lightning",7,7,partial,"Enchant creature Enchanted creature gets +2/+2, has first strike, and can't atta"
"Angel of Serenity",7,7,partial,"Flying When this creature enters, you may exile up to three other target creatur"
"Enduring Angel // Angelic Enforcer",7,7,partial,"Flying, double strike You have hexproof. If your life total would be reduced to "
"Oblivion Ring",7,7,partial,"When this enchantment enters, exile another target nonland permanent. When this "
"Exhume",7,7,partial,"Each player puts a creature card from their graveyard onto the battlefield."
"Citizen's Crowbar",7,7,partial,"When this Equipment enters, create a 1/1 green and white Citizen creature token,"
"Elsewhere Flask",7,7,partial,"When this artifact enters, draw a card. Sacrifice this artifact: Choose a basic "
"Sylvan Awakening",7,7,partial,"Until your next turn, all lands you control become 2/2 Elemental creatures with "
"Follow the Lumarets",7,7,partial,"Infusion — Look at the top four cards of your library. You may reveal a creature"
"Pyre of Heroes",7,7,partial,"{2}, {T}, Sacrifice a creature: Search your library for a creature card that sha"
"Bruvac the Grandiloquent",7,7,partial,"If an opponent would mill one or more cards, they mill twice that many cards ins"
"Vexing Radgull",7,7,partial,"Flying Whenever this creature deals combat damage to a player, that player gets "
"Lily Bowen, Raging Grandma",7,7,partial,"Vigilance Lily Bowen enters with two +1/+1 counters on it. At the beginning of y"
"Nuka-Nuke Launcher",7,7,partial,"Equipped creature gets +3/+0 and has intimidate. (It can't be blocked except by "
"Misthollow Griffin",7,7,partial,"Flying You may cast this card from exile."
"Windshaper Planetar",7,7,partial,"Flash Flying When this creature enters during the declare attackers step, for ea"
"Sigarda's Vanguard",7,7,partial,"Flash Flying Whenever this creature enters or attacks, choose any number of crea"
"Aurelia's Vindicator",7,7,partial,"Flying, lifelink, ward {2} Disguise {X}{3}{W} When this creature is turned face "
"Thorn of Amethyst",7,7,partial,"Noncreature spells cost {1} more to cast."
"Emet-Selch, Unsundered // Hades, Sorcerer of Eld",7,7,partial,"Vigilance Whenever Emet-Selch enters or attacks, draw a card, then discard a car"
"Entropic Battlecruiser",7,7,partial,"Station (Tap another creature you control: Put charge counters equal to its powe"
"Sinkhole Surveyor",7,7,partial,"Flying Whenever this creature attacks, you lose 1 life and this creature endures"
"The Fire Nation Drill",7,7,partial,"Trample When The Fire Nation Drill enters, you may tap it. When you do, destroy "
"Nullmage Shepherd",7,7,partial,"Tap four untapped creatures you control: Destroy target artifact or enchantment."
"Nexus Mentality",7,7,partial,"Choose one. If you control a commander as you cast this spell, you may choose bo"
"Yavimaya Bloomsage // Channel",7,7,partial,"At the beginning of your end step, put a +1/+1 counter on target creature you co"
"Change of Plans",7,7,partial,"Each of X target creatures you control connive. You may have any number of them "
"Wildest Dreams",7,7,partial,"Return X target cards from your graveyard to your hand. Exile Wildest Dreams."
"Berta, Wise Extrapolator",7,7,partial,"Increment (Whenever you cast a spell, if the amount of mana you spent is greater"
"Feral Hydra",7,7,partial,"This creature enters with X +1/+1 counters on it. {3}: Put a +1/+1 counter on th"
"Phyrexian Tyranny",7,7,partial,"Whenever a player draws a card, that player loses 2 life unless they pay {2}."
"Hex Parasite",7,7,partial,"{X}{B/P}: Remove up to X counters from target permanent. For each counter remove"
"Treasure Keeper",7,7,partial,"When this creature dies, reveal cards from the top of your library until you rev"
"Bard Class",7,7,partial,"(Gain the next level as a sorcery to add its ability.) Legendary creatures you c"
"Gregor, Shrewd Magistrate",7,7,partial,"Skulk (This creature can't be blocked by creatures with greater power.) Whenever"
"The Spot's Portal",7,7,partial,"Put target creature on the bottom of its owner's library. You lose 2 life unless"
"TARDIS",7,7,partial,"Flying Whenever this Vehicle attacks, if you control a Time Lord, the next spell"
"Edgar, King of Figaro",7,7,partial,"When Edgar enters, draw a card for each artifact you control. Two-Headed Coin — "
"Omega, Heartless Evolution",7,7,partial,"Wave Cannon — When Omega enters, for each opponent, tap up to one target nonland"
"Ultimecia, Temporal Threat",7,7,partial,"When Ultimecia enters, tap all creatures your opponents control. Whenever a crea"
"Super-Adaptoid",7,7,partial,"Super-Adaptoid's power is equal to the number of legendary creatures you control"
"The Odd Acorn Gang",7,7,partial,"Reach, menace, trample Squirrels you control have ""{T}: Target Squirrel gets +2/"
"Joraga Treespeaker",7,7,partial,"Level up {1}{G} ({1}{G}: Put a level counter on this. Level up only as a sorcery"
"Creakwood Safewright",7,7,partial,"This creature enters with three -1/-1 counters on it. At the beginning of your e"
"Faerie Macabre",7,7,partial,"Flying Discard this card: Exile up to two target cards from graveyards."
"Colorstorm Stallion",7,7,partial,"Ward {1}, haste Opus — Whenever you cast an instant or sorcery spell, this creat"
"Dyadrine, Synthesis Amalgam",7,7,partial,"Trample Dyadrine enters with a number of +1/+1 counters on it equal to the amoun"
"Agatha of the Vile Cauldron",7,7,partial,"Activated abilities of creatures you control cost {X} less to activate, where X "
"Ring of Xathrid",7,7,partial,"{2}: Regenerate equipped creature. (The next time that creature would be destroy"
"Maralen of the Mornsong",7,7,partial,"Players can't draw cards. At the beginning of each player's draw step, that play"
"Fatespinner",7,7,partial,"At the beginning of each opponent's upkeep, that player chooses draw step, main "
"Nanogene Conversion",7,7,partial,"Choose target creature you control. Each other creature becomes a copy of that c"
"Future Sight",7,7,partial,"Play with the top card of your library revealed. You may play lands and cast spe"
"Wondrous Crucible",7,7,partial,"Permanents you control have ward {2}. At the beginning of your end step, mill tw"
"Brutal Hordechief",7,7,partial,"Whenever a creature you control attacks, defending player loses 1 life and you g"
"Blessed Hippogriff // Tyr's Blessing",7,7,partial,"Flying Whenever this creature attacks, target attacking creature without flying "
"Ravenloft Adventurer",7,7,partial,"When this creature enters, you take the initiative. If a creature an opponent co"
"Raphael, Ninja Destroyer",7,7,partial,"Raphael must be blocked if able. Enrage — Whenever Raphael is dealt damage, add "
"Karn Liberated",7,7,partial,"+4: Target player exiles a card from their hand. −3: Exile target permanent. −14"
"Realms Uncharted",7,7,partial,"Search your library for up to four land cards with different names and reveal th"
"Bismuth Mindrender",7,7,partial,"Devoid (This card has no color.) Menace Whenever this creature deals combat dama"
"Havoc Eater",7,7,partial,"Flying When this creature enters, for each opponent, goad up to one target creat"
"Edgar, Master Machinist",7,7,partial,"Once during each of your turns, you may cast an artifact spell from your graveya"
"Phoenix Down",7,7,partial,"{1}{W}, {T}, Exile this artifact: Choose one — • Return target creature card wit"
"Rejoin the Fight",7,7,partial,"Mill three cards. Then starting with the next opponent in turn order, each oppon"
"Ruin Grinder",7,7,partial,"Menace When this creature dies, each player may discard their hand and draw seve"
"Summon: Esper Ramuh",7,7,partial,"(As this Saga enters and after your draw step, add a lore counter. Sacrifice aft"
"Bilbo, Birthday Celebrant",7,7,partial,"If you would gain life, you gain that much life plus 1 instead. {2}{W}{B}{G}, {T"
"Deeproot Historian",7,7,partial,"Merfolk and Druid cards in your graveyard have retrace. (You may cast cards with"
"Turn Inside Out",7,7,partial,"Target creature gets +3/+0 until end of turn. When it dies this turn, manifest d"
"Builder's Talent",7,7,partial,"(Gain the next level as a sorcery to add its ability.) When this Class enters, c"
"Season of the Bold",7,7,partial,"Choose up to five {P} worth of modes. You may choose the same mode more than onc"
"Brallin, Skyshark Rider",7,7,partial,"Partner with Shabraz, the Skyshark (When this creature enters, target player may"
"Blink Dog",7,7,partial,"Double strike Teleport — {3}{W}: This creature phases out. (Treat it and anythin"
"Oreskos Explorer",7,7,partial,"When this creature enters, search your library for up to X Plains cards, where X"
"Stormbreath Dragon",7,7,partial,"Flying, haste, protection from white {5}{R}{R}: Monstrosity 3. (If this creature"
"Archnemesis",7,7,partial,"Enchant opponent Whenever you attack enchanted player, that player loses 2 life."
"Mysterio, Master of Illusion",7,7,partial,"When Mysterio enters, create a 3/3 blue Illusion Villain creature token for each"
"Kairi, the Swirling Sky",7,7,partial,"Flying, ward {3} When Kairi dies, choose one — • Return any number of target non"
"Satya, Aetherflux Genius",7,7,partial,"Menace, haste Whenever Satya attacks, create a tapped and attacking token that's"
"Selvala, Eager Trailblazer",7,7,partial,"Vigilance Whenever you cast a creature spell, create a 1/1 red Mercenary creatur"
"Tasha's Hideous Laughter",7,7,partial,"Each opponent exiles cards from the top of their library until that player has e"
"Nicol Bolas, Planeswalker",7,7,partial,"+3: Destroy target noncreature permanent. −2: Gain control of target creature. −"
"Thor, Asgard's Avenger",7,7,partial,"Flying If another source you control would deal damage to an opponent or a perma"
"Narset, Enlightened Master",7,7,partial,"First strike, hexproof Whenever Narset attacks, exile the top four cards of your"
"Sun Warriors",7,7,partial,"Firebending X, where X is the number of creatures you control. (Whenever this cr"
"Geyser Leaper",7,7,partial,"Flying Waterbend {4}: Draw a card, then discard a card. (While paying a waterben"
"Counterbalance",7,7,partial,"Whenever an opponent casts a spell, you may reveal the top card of your library."
"Batwing Brume",7,7,partial,"Prevent all combat damage that would be dealt this turn if {W} was spent to cast"
"Phyrexian Unlife",7,7,partial,"You don't lose the game for having 0 or less life. As long as you have 0 or less"
"Stunning Reversal",7,7,partial,"The next time you would lose the game this turn, instead draw seven cards and yo"
"Champions of Minas Tirith",7,7,partial,"When this creature enters, you become the monarch. At the beginning of combat on"
"Arna Kennerüd, Skycaptain",7,7,partial,"Flying, lifelink Ward—Discard a card. Whenever a modified creature you control a"
"Morlun, Devourer of Spiders",7,7,partial,"Lifelink Morlun enters with X +1/+1 counters on him. When Morlun enters, he deal"
"Crested Sunmare",7,7,partial,"Other Horses you control have indestructible. At the beginning of each end step,"
"Leonin Arbiter",7,7,partial,"Players can't search libraries. Any player may pay {2} for that player to ignore"
"Will, Scion of Peace",7,7,partial,"Vigilance {T}: Spells you cast this turn that are white and/or blue cost {X} les"
"Funeral Rites",7,7,partial,"You draw two cards, lose 2 life, then mill two cards."
"Twinblade Paladin",7,7,partial,"Whenever you gain life, put a +1/+1 counter on this creature. As long as you hav"
"Attended Healer",7,7,partial,"Whenever you gain life for the first time each turn, create a 1/1 white Cat crea"
"Waltz of Rage",7,7,partial,"Target creature you control deals damage equal to its power to each other creatu"
"Liliana the Repentant",7,7,partial,"Whenever another creature or planeswalker you control enters, mill two cards. Ex"
"Faramir, Prince of Ithilien",7,7,partial,"At the beginning of your end step, choose an opponent. At the beginning of that "
"Jeskai Charm",7,7,partial,"Choose one — • Put target creature on top of its owner's library. • Jeskai Charm"
"Grey Host Reinforcements",7,7,partial,"Flying, ward {3} When this creature enters, exile target player's graveyard. Put"
"Tezzeret, Master of the Bridge",7,7,partial,"Creature and planeswalker spells you cast have affinity for artifacts. (They cos"
"Prosthetic Injector",7,7,partial,"Equipped creature gets +0/+2 and has toxic 1. (Players dealt combat damage by eq"
"Chandra, Spark Hunter",7,7,partial,"At the beginning of combat on your turn, choose up to one target Vehicle you con"
"Invasion of Segovia // Caetus, Sea Tyrant of Segovia",7,7,partial,"(As a Siege enters, choose an opponent to protect it. You and others can attack "
"Solar Array",7,7,partial,"{T}: Add one mana of any color. When you next cast an artifact spell this turn, "
"Power Artifact",7,7,partial,"Enchant artifact Enchanted artifact's activated abilities cost {2} less to activ"
"Huatli, the Sun's Heart",7,7,partial,"Each creature you control assigns combat damage equal to its toughness rather th"
"Forsworn Paladin",7,7,partial,"Menace {1}{B}, {T}, Pay 1 life: Create a Treasure token. {2}{B}: Target creature"
"Glaring Spotlight",7,7,partial,"Creatures your opponents control with hexproof can be the targets of spells and "
"Koh, the Face Stealer",7,7,partial,"When Koh enters, exile up to one other target creature. Whenever another nontoke"
"Doom Foretold",7,7,partial,"At the beginning of each player's upkeep, that player sacrifices a nonland, nont"
"Nemesis Mask",7,7,partial,"All creatures able to block equipped creature do so. Equip {3} ({3}: Attach to t"
"Enchanted River's Grasp",7,7,partial,"Enchant creature When this Aura enters, tap enchanted creature and remove all co"
"Empty the Laboratory",7,7,partial,"Sacrifice X Zombies, then reveal cards from the top of your library until you re"
"Hordewing Skaab",7,7,partial,"Flying Other Zombies you control have flying. Whenever one or more Zombies you c"
"Keys to the House",7,7,partial,"{1}, {T}, Sacrifice this artifact: Search your library for a basic land card, re"
"Smirking Spelljacker",7,7,partial,"Flash Flying When this creature enters, exile target spell an opponent controls."
"Giant Koi",7,7,partial,"Waterbend {3}: This creature can't be blocked this turn. (While paying a waterbe"
"Constricting Sliver",7,7,partial,"Sliver creatures you control have ""When this creature enters, you may exile targ"
"Firewake Sliver",7,7,partial,"All Sliver creatures have haste. All Slivers have ""{1}, Sacrifice this permanent"
"Reflex Sliver",7,7,partial,"All Sliver creatures have haste."
"Two-Headed Sliver",7,7,partial,"All Sliver creatures have menace. (They can't be blocked except by two or more c"
"Atemsis, All-Seeing",7,7,partial,"Flying {2}{U}, {T}: Draw two cards, then discard a card. Whenever Atemsis deals "
"The Apprentice's Folly",7,7,partial,"(As this Saga enters and after your draw step, add a lore counter. Sacrifice aft"
"Summon: Anima",7,7,partial,"(As this Saga enters and after your draw step, add a lore counter. Sacrifice aft"
"Wall of Glare",7,7,partial,"Defender (This creature can't attack.) This creature can block any number of cre"
"Arcane Laboratory",7,7,partial,"Each player can't cast more than one spell each turn."
"Extraordinary Journey",7,7,partial,"When this enchantment enters, exile up to X target creatures. For each of those "
"Dragon Shadow",7,7,partial,"Enchant creature Enchanted creature gets +1/+0 and has fear. (It can't be blocke"
"Scion of Darkness",7,7,partial,"Trample Whenever this creature deals combat damage to a player, you may put targ"
"Primal Command",7,7,partial,"Choose two — • Target player gains 7 life. • Put target noncreature permanent on"
"Ulalek, Fused Atrocity",7,7,partial,"Devoid (This card has no color.) Whenever you cast an Eldrazi spell, you may pay"
"You Look Upon the Tarrasque",7,7,partial,"Choose one — • Run and Hide — Prevent all combat damage that would be dealt to y"
"Spider-Man, To the Rescue",7,7,partial,"Flash Reach, vigilance No One Dies! — When Spider-Man enters, you may tap him. W"
"Costume Closet",7,7,partial,"This artifact enters with two +1/+1 counters on it. {T}: Move a +1/+1 counter fr"
"Executioner's Hood",7,7,partial,"Equipped creature has intimidate. (This creature can't be blocked except by arti"
"Hand of the Praetors",7,7,partial,"Infect (This creature deals damage to creatures in the form of -1/-1 counters an"
"Aether Revolt",7,7,partial,"Revolt — As long as a permanent left the battlefield under your control this tur"
"Flesh Reaver",7,7,partial,"Whenever this creature deals damage to a creature or opponent, this creature dea"
"Wrong Turn",7,7,partial,"Target opponent gains control of target creature. (If an attacking or blocking c"
"Callidus Assassin",7,7,partial,"Flash Polymorphine — You may have this creature enter tapped as a copy of any cr"
"Endless Whispers",7,7,partial,"Each creature has ""When this creature dies, choose target opponent. That player "
"Cemetery Illuminator",7,7,partial,"Flying Whenever this creature enters or attacks, exile a card from a graveyard. "
"Fork",7,7,partial,"Copy target instant or sorcery spell, except that the copy is red. You may choos"
"Shay Cormac",7,7,partial,"{1}: Permanents your opponents control lose hexproof, indestructible, protection"
"Cauldron Haze",7,7,partial,"Choose any number of target creatures. Each of those creatures gains persist unt"
"Grappling Hook",7,7,partial,"Equipped creature has double strike. Whenever equipped creature attacks, you may"
"Surgical Extraction",7,7,partial,"({B/P} can be paid with either {B} or 2 life.) Choose target card in a graveyard"
"Rex, Cyber-Hound",7,7,partial,"Whenever Rex deals combat damage to a player, they mill two cards and you get {E"
"Gandalf's Sanction",7,7,partial,"Gandalf's Sanction deals X damage to target creature, where X is the number of i"
"Owlbear Cub",7,7,partial,"Mama's Coming — Whenever this creature attacks a player who controls eight or mo"
"Favored Enemy",7,7,partial,"As this enchantment enters, note the most prevalent creature type in an opponent"
"Frenzied Saddlebrute",7,7,partial,"Haste All creatures can attack your opponents and planeswalkers your opponents c"
"Arvinox, the Mind Flail",7,7,partial,"Arvinox isn't a creature unless you control three or more permanents you don't o"
"Archetype of Courage",7,7,partial,"Creatures you control have first strike. Creatures your opponents control lose f"
"God-Eternal Rhonas",7,7,partial,"Deathtouch When God-Eternal Rhonas enters, double the power of each other creatu"
"Irresistible Prey",7,7,partial,"Target creature must be blocked this turn if able. Draw a card."
"Roar of Challenge",7,7,partial,"All creatures able to block target creature this turn do so. Ferocious — That cr"
"Werewolf Pack Leader",7,7,partial,"Pack tactics — Whenever this creature attacks, if you attacked with creatures wi"
"Sliver Overlord",7,7,partial,"{3}: Search your library for a Sliver card, reveal that card, put it into your h"
"Winged Sliver",7,7,partial,"All Sliver creatures have flying."
"Quest for Ula's Temple",7,7,partial,"At the beginning of your upkeep, you may look at the top card of your library. I"
"Founding the Third Path",7,7,partial,"Read ahead (Choose a chapter and start with that many lore counters. Add one aft"
"Curie, Emergent Intelligence",7,7,partial,"Whenever Curie deals combat damage to a player, draw cards equal to its base pow"
"Browbeat",7,7,partial,"Any player may have Browbeat deal 5 damage to them. If no one does, target playe"
"Gwaihir the Windlord",7,7,partial,"This spell costs {2} less to cast as long as you've drawn two or more cards this"
"Haystack",7,7,partial,"{2}, {T}: Target creature you control phases out. (Treat it and anything attache"
"Ajani Unrelenting",7,7,partial,"Whenever you activate a loyalty ability, create a 2/2 colorless Wizard Soldier c"
"Release to the Wind",7,7,partial,"Exile target nonland permanent. For as long as that card remains exiled, its own"
"Dazzling Sphinx",7,7,partial,"Flying Whenever this creature deals combat damage to a player, that player exile"
"The Motherlode, Excavator",7,7,partial,"When The Motherlode enters, choose target opponent. You get an amount of {E} (en"
"Consulate Turret",7,7,partial,"{T}: You get {E} (an energy counter). {T}, Pay {E}{E}{E}: This artifact deals 2 "
"Esior, Wardwing Familiar",7,7,partial,"Flying Spells your opponents cast that target one or more commanders you control"
"Inspiring Paladin",7,7,partial,"During your turn, this creature has first strike. (It deals combat damage before"
"Collective Voyage",7,7,partial,"Join forces — Starting with you, each player may pay any amount of mana. Each pl"
"Jadzi, Steward of Fate // Oracle's Gift",7,7,partial,"Jadzi enters prepared. (While it's prepared, you may cast a copy of its spell. D"
"Alicia Masters, Skilled Sculptor",7,7,partial,"At the beginning of combat on your turn, if you've cast a noncreature spell this"
"Vadrik, Astral Archmage",7,7,partial,"If it's neither day nor night, it becomes day as Vadrik enters. Instant and sorc"
"Mad Auntie",7,7,partial,"Other Goblin creatures you control get +1/+1. {T}: Regenerate another target Gob"
"Kitsune, Dragon's Daughter",7,7,partial,"Vigilance Whenever Kitsune enters or deals combat damage to a player, you may ex"
"Nylea's Intervention",7,7,partial,"Choose one — • Search your library for up to X land cards, reveal them, put them"
"Sidequest: Raise a Chocobo // Black Chocobo",7,7,partial,"When this enchantment enters, create a 2/2 green Bird creature token with ""Whene"
"Teferi's Talent",7,7,partial,"Enchant planeswalker Enchanted planeswalker has ""[−12]: You get an emblem with '"
"Sidequest: Card Collection // Magicked Card",7,7,partial,"When this enchantment enters, draw three cards, then discard two cards. At the b"
"Wolverine, Claws Out",7,7,partial,"You may have Wolverine assign his combat damage as though he weren't blocked. Wh"
"Bring the Ending",7,7,partial,"Counter target spell unless its controller pays {2}. Corrupted — Counter that sp"
"The Last Ronin's Technique",7,7,partial,"Sneak {1}{W} (You may cast this spell for {1}{W} if you also return an unblocked"
"Stolen Uniform",7,7,partial,"Choose target creature you control and target Equipment. Gain control of that Eq"
"Vaan, Street Thief",7,7,partial,"Whenever one or more Scouts, Pirates, and/or Rogues you control deal combat dama"
"Reno and Rude",7,7,partial,"Menace Whenever Reno and Rude deals combat damage to a player, exile the top car"
"Weatherlight Compleated",7,7,partial,"Flying As long as Weatherlight Compleated has four or more phyresis counters on "
"Su-Chi Cave Guard",7,7,partial,"Vigilance Ward {4} (Whenever this creature becomes the target of a spell or abil"
"False Floor",7,7,partial,"This artifact enters tapped. Creatures enter tapped. {2}, {T}, Exile this artifa"
"Unexpected Fangs",7,7,partial,"Put a +1/+1 counter and a lifelink counter on target creature."
"Don & Raph, Hard Science",7,7,partial,"Menace Whenever Don & Raph attack, the next noncreature spell you cast this turn"
"Adéwalé, Breaker of Chains",7,7,partial,"When Adéwalé enters, reveal the top six cards of your library. Put an Assassin, "
"Orbs of Warding",7,7,partial,"You have hexproof. (You can't be the target of spells or abilities your opponent"
"The Flame of Keld",7,7,partial,"(As this Saga enters and after your draw step, add a lore counter. Sacrifice aft"
"Hercules, Olympian Hero",7,7,partial,"Whenever Hercules attacks, put a +1/+1 counter on him. He gains indestructible u"
"Unesh, Criosphinx Sovereign",7,7,partial,"Flying Sphinx spells you cast cost {2} less to cast. Whenever Unesh or another S"
"Turtles in Time",7,7,partial,"Return all creatures to their owners' hands. Each player may shuffle their hand "
"Callaphe, Beloved of the Sea",7,7,partial,"Callaphe's power is equal to your devotion to blue. (Each {U} in the mana costs "
"Cosmic Sovereign",7,7,partial,"Flying, Haste {R}: This creature gets +1/+0 until end of turn. At the beginning "
"Dragonweave Tapestry",7,7,partial,"When this artifact enters, conjure Dragonweave Tapestry's spellbook into your li"
"Housemeld",7,7,partial,"Exile target creature. The exiled card perpetually becomes an enchantment. At th"
"Pull of the Mist Moon",7,7,partial,"Kicker {1}{U} When Pull of the Mist Moon enters, exile target nonland permanent "
"Blighted Nightmare",7,7,partial,"When this enchantment enters, creature cards in your graveyard perpetually get +"
"Tezzeret's Reckoning",7,7,partial,"Exile three random cards from your library face down and look at them. For as lo"
"Ominous Lockbox",7,7,partial,"As Ominous Lockbox enters, secretly choose a number between 1 and 20. When an op"
"Stasis Field",7,7,partial,"Enchant creature Enchanted creature has base power and toughness 0/2, has defend"
"Nashi, Illusion Gadgeteer",7,7,partial,"Flash Menace, Ward {2} When Nashi enters, secretly choose a card in your graveya"
"Groundswell",7,7,partial,"Target creature gets +2/+2 until end of turn. Landfall — If you had a land enter"
"Cooped Up",7,7,partial,"Enchant creature Enchanted creature can't attack or block. {2}{W}: Exile enchant"
"Leovold, Emissary of Trest",7,7,partial,"Each opponent can't draw more than one card each turn. Whenever you or a permane"
"Freyalise, Skyshroud Partisan",7,7,partial,"+1: Untap up to one target Elf. That Elf and a random Elf creature card in your "
"Limitless Rekindling",7,7,partial,"Conjure a random instant or sorcery card from the Lorwyn Eclipsed expansion into"
"Prairie Survivalist",7,7,partial,"Flying At the beginning of combat on your turn, target creature you control perp"
"Mothlight Processionist",7,7,partial,"Enchantment spells you cast have convoke. Eerie — Whenever an enchantment you co"
"Verdant Dread",7,7,partial,"Whenever Verdant Dread or another permanent you control named Verdant Dread ente"
"Devastating Mastery",7,7,partial,"You may pay {2}{W}{W} rather than pay this spell's mana cost. If the {2}{W}{W} c"
"A-Tyvar Kell",7,7,partial,"Elves you control have ""{T}: Add {B}."" +1: Put two +1/+1 counters on up to one t"
"Turncoat Kunoichi",7,7,partial,"Sneak {2}{W}{B} (You may cast this spell for {2}{W}{B} if you also return an unb"
"Seven Dwarves",7,1,partial,"This creature gets +1/+1 for each other creature named Seven Dwarves you control"
"Social Snub",6,6,partial,"When you cast this spell while you control a creature, you may copy this spell. "
"The Final Days",6,6,partial,"Create two tapped 2/2 black Horror creature tokens. If this spell was cast from "
"Thrull Parasite",6,6,partial,"Extort (Whenever you cast a spell, you may pay {W/B}. If you do, each opponent l"
"Killing Wave",6,6,partial,"For each creature, its controller sacrifices it unless they pay X life."
"Omo, Queen of Vesuva",6,6,partial,"Whenever Omo enters or attacks, put an everything counter on each of up to one t"
"Glittering Frost",6,6,partial,"Enchant land Enchanted land is snow. Whenever enchanted land is tapped for mana,"
"Lapis Orb of Dragonkind",6,6,partial,"{T}: Add {U}. When you spend this mana to cast a Dragon creature spell, scry 2. "
"Shadow Alley Denizen",6,6,partial,"Whenever another black creature you control enters, target creature gains intimi"
"Urge to Feed",6,6,partial,"Target creature gets -3/-3 until end of turn. You may tap any number of untapped"
"Gandalf the Grey",6,6,partial,"Whenever you cast an instant or sorcery spell, choose one that hasn't been chose"
"Alchemist's Gambit",6,6,partial,"Cleave {4}{U}{U}{R} (You may cast this spell for its cleave cost. If you do, rem"
"Behind the Mask",6,6,partial,"As an additional cost to cast this spell, you may collect evidence 6. (Exile car"
"You've Been Caught Stealing",6,6,partial,"Choose one — • Threaten the Merchant — Each creature blocks this turn if able. •"
"Mirrorwing Dragon",6,6,partial,"Flying Whenever a player casts an instant or sorcery spell that targets only thi"
"Seifer Almasy",6,6,partial,"Whenever a creature you control attacks alone, it gains double strike until end "
"Hall of Triumph",6,6,partial,"As Hall of Triumph enters, choose a color. Creatures you control of the chosen c"
"Repeated Reverberation",6,6,partial,"When you next cast an instant spell, cast a sorcery spell, or activate a loyalty"
"Gristle Glutton",6,6,partial,"{T}, Blight 1: Discard a card. If you do, draw a card. (To blight 1, put a -1/-1"
"Hellrider",6,6,partial,"Haste Whenever a creature you control attacks, this creature deals 1 damage to t"
"Quest for Pure Flame",6,6,partial,"Whenever a source you control deals damage to an opponent, you may put a quest c"
"Fall of Cair Andros",6,6,partial,"Whenever a creature an opponent controls is dealt excess noncombat damage, amass"
"Vizier of the Scorpion",6,6,partial,"When this creature enters, amass Zombies 1. (Put a +1/+1 counter on an Army you "
"Lasyd Prowler",6,6,partial,"When this creature enters, you may mill cards equal to the number of lands you c"
"Cursecloth Wrappings",6,6,partial,"Zombies you control get +1/+1. {T}: Target creature card in your graveyard gains"
"Balustrade Spy",6,6,partial,"Flying When this creature enters, target player reveals cards from the top of th"
"Turn the Earth",6,6,partial,"Choose up to three target cards in graveyards. The owners of those cards shuffle"
"Flamescroll Celebrant // Revel in Silence",6,6,partial,"Whenever an opponent activates an ability that isn't a mana ability, this creatu"
"Fisher's Talent",6,6,partial,"(Gain the next level as a sorcery to add its ability.) At the beginning of your "
"Heliod, the Radiant Dawn // Heliod, the Warped Eclipse",6,6,partial,"When Heliod enters, return target enchantment card that isn't a God from your gr"
"Prehistoric Pet",6,6,partial,"This creature can't be blocked by creatures with greater power. {1}{W}, {T}: Ret"
"Hexplate Wallbreaker",6,6,partial,"For Mirrodin! (When this Equipment enters, create a 2/2 red Rebel creature token"
"Ultimate Magic: Meteor",6,6,partial,"Ultimate Magic: Meteor deals 7 damage to each creature. If this spell was cast f"
"Rinoa Heartilly",6,6,partial,"When Rinoa Heartilly enters, create Angelo, a legendary 1/1 green and white Dog "
"Majestic Heliopterus",6,6,partial,"Flying Whenever this creature attacks, another target Dinosaur you control gains"
"Gideon of the Trials",6,6,partial,"+1: Until your next turn, prevent all damage target permanent would deal. 0: Unt"
"Narset Transcendent",6,6,partial,"+1: Look at the top card of your library. If it's a noncreature, nonland card, y"
"Cataclysm",6,6,partial,"Each player chooses from among the permanents they control an artifact, a creatu"
"Norn's Decree",6,6,partial,"Whenever one or more creatures an opponent controls deal combat damage to you, t"
"Perennation",6,6,partial,"Return target permanent card from your graveyard to the battlefield with a hexpr"
"Archangel Avacyn // Avacyn, the Purifier",6,6,partial,"Flash Flying, vigilance When Archangel Avacyn enters, creatures you control gain"
"Rakdos, the Muscle",6,6,partial,"Flying, trample Whenever you sacrifice another creature, exile cards equal to it"
"Shadowgrange Archfiend",6,6,partial,"When this creature enters, each opponent sacrifices a creature with the greatest"
"Ethereal Absolution",6,6,partial,"Creatures you control get +1/+1. Creatures your opponents control get -1/-1. {2}"
"Akroma, Vision of Ixidor",6,6,partial,"Flying, first strike, vigilance, trample At the beginning of each combat, until "
"Demonlord Belzenlok",6,6,partial,"Flying, trample When Demonlord Belzenlok enters, exile cards from the top of you"
"Kamahl's Will",6,6,partial,"Choose one. If you control a commander as you cast this spell, you may choose bo"
"Phyrexian Dreadnought",6,6,partial,"Trample When this creature enters, sacrifice it unless you sacrifice any number "
"Willowdusk, Essence Seer",6,6,partial,"{1}, {T}: Choose another target creature. Put a number of +1/+1 counters on it e"
"The Coming of Galactus",6,6,partial,"(As this Saga enters and after your draw step, add a lore counter. Sacrifice aft"
"Kitsune's Technique",6,6,partial,"Sneak {1}{U} (You may cast this spell for {1}{U} if you also return an unblocked"
"Contaminated Drink",6,6,partial,"Draw X cards, then you get half X rad counters, rounded up."
"Survivor's Med Kit",6,6,partial,"{1}, {T}: Choose one that hasn't been chosen — • Stimpak — Draw a card. • Fancy "
"Shred Memory",6,6,partial,"Exile up to four target cards from a single graveyard. Transmute {1}{B}{B} ({1}{"
"The Mindskinner",6,6,partial,"The Mindskinner can't be blocked. If a source you control would deal damage to a"
"Umbra Mystic",6,6,partial,"Auras attached to permanents you control have umbra armor. (If an enchanted perm"
"Nurgle's Rot",6,6,partial,"Enchant creature an opponent controls When enchanted creature dies, return this "
"Vow of Torment",6,6,partial,"Enchant creature Enchanted creature gets +2/+2, has menace, and can't attack you"
"Runeblade Raiser",6,6,partial,"This creature enters tapped. When this creature dies, return it to the battlefie"
"Wake the Dead",6,6,partial,"Cast this spell only during combat on an opponent's turn. Return X target creatu"
"Gravepurge",6,6,partial,"Put any number of target creature cards from your graveyard on top of your libra"
"Eladamri, Lord of Leaves",6,6,partial,"Other Elf creatures have forestwalk. (They can't be blocked as long as defending"
"Hellish Rebuke",6,6,partial,"Until end of turn, permanents your opponents control gain ""When this permanent d"
"Numa, Joraga Chieftain",6,6,partial,"At the beginning of combat on your turn, you may pay {X}{X}. When you do, distri"
"Zimone, All-Questioning",6,6,partial,"At the beginning of your end step, if a land entered the battlefield under your "
"Vastwood Hydra",6,6,partial,"This creature enters with X +1/+1 counters on it. When this creature dies, you m"
"Wren's Run Hydra",6,6,partial,"Reach This creature enters with X +1/+1 counters on it. Reinforce X—{X}{G}{G} ({"
"Time Spiral",6,6,partial,"Exile Time Spiral. Each player shuffles their hand and graveyard into their libr"
"Wheel and Deal",6,6,partial,"Any number of target opponents each discard their hands, then draw seven cards. "
"Rhys, the Evermore",6,6,partial,"Flash When Rhys enters, another target creature you control gains persist until "
"Decaying Time Loop",6,6,partial,"Discard all the cards in your hand, then draw that many cards. Retrace (You may "
"Grim Poppet",6,6,partial,"This creature enters with three -1/-1 counters on it. Remove a -1/-1 counter fro"
"Ammit Eternal",6,6,partial,"Afflict 3 (Whenever this creature becomes blocked, defending player loses 3 life"
"Darkness Descends",6,6,partial,"Put two -1/-1 counters on each creature."
"Wand of the Worldsoul",6,6,partial,"This artifact enters tapped. {T}: Add {W}. {T}: The next spell you cast this tur"
"Curtains' Call",6,6,partial,"Undaunted (This spell costs {1} less to cast for each opponent.) Destroy two tar"
"Grave Endeavor",6,6,partial,"Roll two d10 and choose one result. Return a creature card from your graveyard t"
"The Fourth Doctor",6,6,partial,"You may look at the top card of your library any time. Would You Like A...? — On"
"The Master, Mesmerist",6,6,partial,"{T}: Target creature an opponent controls with power less than or equal to The M"
"Time Stretch",6,6,partial,"Target player takes two extra turns after this one."
"Duelist's Flame",6,6,partial,"Until end of turn, target blocked creature you control gets +X/+0 and gains tram"
"Djeru and Hazoret",6,6,partial,"As long as you have one or fewer cards in hand, Djeru and Hazoret has vigilance "
"Minsc & Boo, Timeless Heroes",6,6,partial,"When Minsc & Boo enters and at the beginning of your upkeep, you may create Boo,"
"Brilliant Wings",6,6,partial,"Flash Enchant creature you control Enchanted creature has flying and hexproof. W"
"Curse of Exhaustion",6,6,partial,"Enchant player Enchanted player can't cast more than one spell each turn."
"Curse of Hospitality",6,6,partial,"Enchant player Creatures attacking enchanted player have trample. Whenever a cre"
"Nut Collector",6,6,partial,"At the beginning of your upkeep, you may create a 1/1 green Squirrel creature to"
"Glamer Gifter",6,6,partial,"Flash Flying When this creature enters, choose up to one other target creature. "
"Lignify",6,6,partial,"Enchant creature Enchanted creature is a Treefolk with base power and toughness "
"Redtooth Genealogist",6,6,partial,"When this creature enters, create a Royal Role token attached to another target "
"Tackle Artist",6,6,partial,"Trample Opus — Whenever you cast an instant or sorcery spell, put a +1/+1 counte"
"Denry Klin, Editor in Chief",6,6,partial,"Denry Klin enters with your choice of a +1/+1, first strike, or vigilance counte"
"Foot Chopper",6,6,partial,"When this Equipment enters, create a 1/1 black Ninja creature token, then attach"
"Baylen, the Haymaker",6,6,partial,"Tap two untapped tokens you control: Add one mana of any color. Tap three untapp"
"Oko, the Ringleader",6,6,partial,"At the beginning of combat on your turn, Oko becomes a copy of up to one target "
"Repay in Kind",6,6,partial,"Each player's life total becomes the lowest life total among all players."
"Wall of Shards",6,6,partial,"Defender, flying Cumulative upkeep—An opponent gains 1 life. (At the beginning o"
"Sadistic Shell Game",6,6,partial,"Starting with the next opponent in turn order, each player chooses a creature yo"
"Kaito, Dancing Shadow",6,6,partial,"Whenever one or more creatures you control deal combat damage to a player, you m"
"The Cauldron of Eternity",6,6,partial,"This spell costs {2} less to cast for each creature card in your graveyard. When"
"Sanctum Lurker",6,6,partial,"When this creature enters, empower Jace 1. Planeswalkers you control aren't put "
"Thunderous Velocipede",6,6,partial,"Trample Each other Vehicle and creature you control enters with an additional +1"
"Phyrexian Juggernaut",6,6,partial,"Infect (This creature deals damage to creatures in the form of -1/-1 counters an"
"Elder Brain",6,6,partial,"Menace Whenever this creature attacks a player, exile all cards from that player"
"Sungold Sentinel",6,6,partial,"Whenever this creature enters or attacks, exile up to one target card from a gra"
"Cloudsteel Kirin",6,6,partial,"Flying Equipped creature has flying and ""You can't lose the game and your oppone"
"Reinforced Ronin",6,6,partial,"Haste At the beginning of your end step, return this creature to its owner's han"
"Angelic Aberration",6,6,partial,"Devoid (This card has no color.) Flying, vigilance When this creature enters, sa"
"Inversion Behemoth",6,6,partial,"At the beginning of combat on your turn, switch the power and toughness of each "
"Mutated Cultist",6,6,partial,"Devoid (This card has no color.) When you cast this spell, remove all counters f"
"Jirina, Dauntless General",6,6,partial,"When Jirina enters, exile target player's graveyard. Sacrifice Jirina: Humans yo"
"Sméagol, Helpful Guide",6,6,partial,"At the beginning of your end step, if a creature died under your control this tu"
"Lobelia, Defender of Bag End",6,6,partial,"When Lobelia enters, look at the top card of each opponent's library and exile t"
"Orchard Strider",6,6,partial,"When this creature enters, create two Food tokens. (They're artifacts with ""{2},"
"Saradoc, Master of Buckland",6,6,partial,"Whenever Saradoc or another nontoken creature you control with power 2 or less e"
"Merfolk Trickster",6,6,partial,"Flash When this creature enters, tap target creature an opponent controls. It lo"
"Topography Tracker",6,6,partial,"When this creature enters, create a Map token. (It's an artifact with ""{1}, {T},"
"Kick in the Door",6,6,partial,"Put a +1/+1 counter on target creature. That creature gains haste until end of t"
"Bloodthirsty Adversary",6,6,partial,"Haste When this creature enters, you may pay {2}{R} any number of times. When yo"
"Increasing Devotion",6,6,partial,"Create five 1/1 white Human creature tokens. If this spell was cast from a grave"
"Penance",6,6,partial,"Put a card from your hand on top of your library: The next time a black or red s"
"Soulfire Eruption",6,6,partial,"Choose any number of target creatures, planeswalkers, and/or players. For each o"
"Kaheera, the Orphanguard",6,6,partial,"Companion — Each creature card in your starting deck is a Cat, Elemental, Nightm"
"Opportunistic Dragon",6,6,partial,"Flying When this creature enters, choose target Human or artifact an opponent co"
"Territorial Hellkite",6,6,partial,"Flying, haste At the beginning of combat on your turn, choose an opponent at ran"
"Living Laser",6,6,partial,"Haste Whenever Living Laser attacks, for each card you've discarded this turn, c"
"Killmonger, Ruthless Usurper",6,6,partial,"Trample Whenever Killmonger attacks, he gets +1/+0 until end of turn for each ar"
"Silverquill, the Disputant",6,6,partial,"Flying, vigilance Each instant and sorcery spell you cast has casualty 1. (As yo"
"Aurora Awakener",6,6,partial,"Trample Vivid — When this creature enters, reveal cards from the top of your lib"
"Ral Zarek",6,6,partial,"+1: Tap target permanent, then untap another target permanent. −2: Ral Zarek dea"
"Vraska, Relic Seeker",6,6,partial,"+2: Create a 2/2 black Pirate creature token with menace. −3: Destroy target art"
"Vronos, Masked Inquisitor",6,6,partial,"+1: Up to two other target planeswalkers you control phase out at the beginning "
"Ethereal Valkyrie",6,6,partial,"Flying Whenever this creature enters or attacks, draw a card, then exile a card "
"Water Tribe Rallier",6,6,partial,"Waterbend {5}: Look at the top four cards of your library. You may reveal a crea"
"Hama, the Bloodbender",6,6,partial,"When Hama enters, target opponent mills three cards. Exile up to one noncreature"
"Kitnap",6,6,partial,"Gift a card (You may promise an opponent a gift as you cast this spell. If you d"
"Mornsong Aria",6,6,partial,"Players can't draw cards or gain life. At the beginning of each player's draw st"
"Invasion of Amonkhet // Lazotep Convert",6,6,partial,"(As a Siege enters, choose an opponent to protect it. You and others can attack "
"Enhanced Surveillance",6,6,partial,"You may look at an additional two cards each time you surveil. Exile this enchan"
"Insidious Dreams",6,6,partial,"As an additional cost to cast this spell, discard X cards. Search your library f"
"Canopy Cover",6,6,partial,"Enchant creature Enchanted creature can't be blocked except by creatures with fl"
"Ingenuity Engine",6,6,partial,"Cascade (When you cast this spell, exile cards from the top of your library unti"
"Doubling Cube",6,6,partial,"{3}, {T}: Double the amount of each type of unspent mana you have."
"Chance for Glory",6,6,partial,"Creatures you control gain indestructible. Take an extra turn after this one. At"
"Curse of Death's Hold",6,6,partial,"Enchant player Creatures enchanted player controls get -1/-1."
"Popular Entertainer",6,6,partial,"Commander creatures you own have ""Whenever one or more creatures you control dea"
"Battlefield Improvisation",6,6,partial,"Target creature gets +2/+2 until end of turn. If that creature is attacking, you"
"Karlov of the Ghost Council",6,6,partial,"Whenever you gain life, put two +1/+1 counters on Karlov. {W}{B}, Remove six +1/"
"Celestial Mantle",6,6,partial,"Enchant creature Enchanted creature gets +3/+3. Whenever enchanted creature deal"
"Braids's Frightful Return",6,6,partial,"Read ahead (Choose a chapter and start with that many lore counters. Add one aft"
"Nylea's Colossus",6,6,partial,"Constellation — Whenever this creature or another enchantment you control enters"
"Oubliette",6,6,partial,"When this enchantment enters, target creature phases out until this enchantment "
"Aragorn, Company Leader",6,6,partial,"Whenever the Ring tempts you, if you chose a creature other than Aragorn as your"
"Daxos of Meletis",6,6,partial,"Daxos can't be blocked by creatures with power 3 or greater. Whenever Daxos deal"
"Aragorn, Hornburg Hero",6,6,partial,"Attacking creatures you control have first strike and renown 1. (When a creature"
"Bant Charm",6,6,partial,"Choose one — • Destroy target artifact. • Put target creature on the bottom of i"
"Naya Charm",6,6,partial,"Choose one — • Naya Charm deals 3 damage to target creature. • Return target car"
"Éowyn, Shieldmaiden",6,6,partial,"First strike At the beginning of combat on your turn, if another Human entered t"
"Faramir, Field Commander",6,6,partial,"At the beginning of your end step, if a creature died under your control this tu"
"Attempted Murder",6,6,partial,"Choose target creature. Roll X six-sided dice. For each even result, put two -1/"
"Strength-Testing Hammer",6,6,partial,"Whenever equipped creature attacks, roll a six-sided die. That creature gets +X/"
"Swarming Goblins",6,6,partial,"When this creature enters, roll a d20. 1—9 | Create a 1/1 red Goblin creature to"
"Thunderwave",6,6,partial,"Roll a d20. 1—9 | Thunderwave deals 3 damage to each creature. 10—19 | You may c"
"Celebr-8000",6,6,partial,"At the beginning of combat on your turn, roll two six-sided dice. For each resul"
"Circuits Act",6,6,partial,"Roll three six-sided dice. For each different result, create a 1/1 white Clown R"
"Six-Sided Die",6,6,partial,"Choose target creature. Roll a six-sided die. 1 — It has base toughness 1 until "
"Mindless Automaton",6,6,partial,"This creature enters with two +1/+1 counters on it. {1}, Discard a card: Put a +"
"Saheeli, the Gifted",6,6,partial,"+1: Create a 1/1 colorless Servo artifact creature token. +1: The next spell you"
"Squandered Resources",6,6,partial,"Sacrifice a land: Add one mana of any type the sacrificed land could produce."
"Shard of the Nightbringer",6,6,partial,"Flying Drain Life — When this creature enters, if you cast it, target opponent l"
"Flamerush Rider",6,6,partial,"Whenever this creature attacks, create a token that's a copy of another target a"
"Vexing Shusher",6,6,partial,"This spell can't be countered. {R/G}: Target spell can't be countered."
"Spirit Bonds",6,6,partial,"Whenever a nontoken creature you control enters, you may pay {W}. If you do, cre"
"Martyr's Cause",6,6,partial,"Sacrifice a creature: The next time a source of your choice would deal damage to"
"Huatli, Poet of Unity // Roar of the Fifth People",6,6,partial,"When Huatli enters, search your library for a basic land card, reveal it, put it"
"Cleaver Skaab",6,6,partial,"{3}, {T}, Sacrifice another Zombie: Create two tokens that are copies of the sac"
"Ravenous Rotbelly",6,6,partial,"When this creature enters, you may sacrifice up to three Zombies. When you sacri"
"The World Spell",6,6,partial,"Read ahead (Choose a chapter and start with that many lore counters. Add one aft"
"Thrun, Breaker of Silence",6,6,partial,"This spell can't be countered. Trample Thrun can't be the target of nongreen spe"
"Treeshaker Chimera",6,6,partial,"All creatures able to block this creature do so. When this creature dies, draw t"
"Mezzio Mugger",6,6,partial,"Whenever this creature attacks, exile the top card of each player's library. You"
"Protection Racket",6,6,partial,"At the beginning of your upkeep, repeat the following process for each opponent "
"Might Sliver",6,6,partial,"All Sliver creatures get +2/+2."
"Spinneret Sliver",6,6,partial,"All Sliver creatures have reach."
"Imposing Sovereign",6,6,partial,"Creatures your opponents control enter tapped."
"Phyrexian Censor",6,6,partial,"Each player can't cast more than one non-Phyrexian spell each turn. Non-Phyrexia"
"Battle for Bretagard",6,6,partial,"(As this Saga enters and after your draw step, add a lore counter. Sacrifice aft"
"Dwarven Mattock",6,6,partial,"When this Equipment enters, attach it to target Dwarf you control. Equipped crea"
"Out of Time",6,6,partial,"When this enchantment enters, untap all creatures, then those creatures phase ou"
"Frozen Aether",6,6,partial,"Artifacts, creatures, and lands your opponents control enter tapped."
"Vryn Wingmare",6,6,partial,"Flying Noncreature spells cost {1} more to cast."
"Sand Scout",6,6,partial,"When this creature enters, if an opponent controls more lands than you, search y"
"Imskir Iron-Eater",6,6,partial,"Affinity for artifacts (This spell costs {1} less to cast for each artifact you "
"Cemetery Prowler",6,6,partial,"Vigilance Whenever this creature enters or attacks, exile a card from a graveyar"
"Verdurous Gearhulk",6,6,partial,"Trample When this creature enters, distribute four +1/+1 counters among any numb"
"Seasoned Dungeoneer",6,6,partial,"When this creature enters, you take the initiative. Whenever you attack, target "
"Narset, Enlightened Exile",6,6,partial,"Creatures you control have prowess. Whenever Narset attacks, exile target noncre"
"Rune-Tail, Kitsune Ascendant // Rune-Tail's Essence",6,6,partial,"When you have 30 or more life, flip Rune-Tail. // Prevent all damage that would "
"Sphinx of the Revelation",6,6,partial,"Flying, lifelink Whenever you gain life, you get that many {E} (energy counters)"
"Choreographed Sparks",6,6,partial,"This spell can't be copied. Choose one or both — • Copy target instant or sorcer"
"Teferi's Reproach",6,6,partial,"Choose target opponent. Until that player's next turn, they gain protection from"
"Overflowing Insight",6,6,partial,"Target player draws seven cards."
"Invigorate",6,6,partial,"If you control a Forest, rather than pay this spell's mana cost, you may have an"
"Feral Deathgorger // Dusk Sight",6,6,partial,"Flying, deathtouch When this creature enters, exile up to two target cards from "
"Worldgorger Dragon",6,6,partial,"Flying, trample When this creature enters, exile all other permanents you contro"
"Sarkhan, the Dragonspeaker",6,6,partial,"+1: Until end of turn, Sarkhan becomes a legendary 4/4 red Dragon creature with "
"Brood Birthing",6,6,partial,"If you control an Eldrazi Spawn, create three 0/1 colorless Eldrazi Spawn creatu"
"Stonehewer Giant",6,6,partial,"Vigilance {1}{W}, {T}: Search your library for an Equipment card, put it onto th"
"Charitable Levy",6,6,partial,"Noncreature spells cost {1} more to cast. Whenever a player casts a noncreature "
"Anoint with Affliction",6,6,partial,"Exile target creature if it has mana value 3 or less. Corrupted — Exile that cre"
"In Too Deep",6,6,partial,"Split second (As long as this spell is on the stack, players can't cast spells o"
"Mandate of Peace",6,6,partial,"Cast this spell only during combat. Your opponents can't cast spells this turn. "
"Cavern Harpy",6,6,partial,"Flying When this creature enters, return a blue or black creature you control to"
"Torchling",6,6,partial,"{R}: Untap this creature. {R}: Target creature blocks this creature this turn if"
"Deadlock Trap",6,6,partial,"This artifact enters tapped. When this artifact enters, you get {E}{E} (two ener"
"Electrostatic Pummeler",6,6,partial,"When this creature enters, you get {E}{E}{E} (three energy counters). Pay {E}{E}"
"Whirler Virtuoso",6,6,partial,"When this creature enters, you get {E}{E}{E} (three energy counters). Pay {E}{E}"
"Summon Undead",6,6,partial,"You may mill three cards. Then return a creature card from your graveyard to the"
"Bristling Hydra",6,6,partial,"When this creature enters, you get {E}{E}{E} (three energy counters). Pay {E}{E}"
"Proteus Machine",6,6,partial,"Morph {0} (You may cast this card face down as a 2/2 creature for {3}. Turn it f"
"Ugin's Conjurant",6,6,partial,"This creature enters with X +1/+1 counters on it. If damage would be dealt to th"
"Braided Net // Braided Quipu",6,6,partial,"This artifact enters with three net counters on it. {T}, Remove a net counter fr"
"Ghostly Keybearer",6,6,partial,"Flying Whenever this creature deals combat damage to a player, unlock a locked d"
"Vexilus Praetor",6,6,partial,"Flash Vigilance Aegis of the Emperor — Commanders you control have protection fr"
"Beatrix, Loyal General",6,6,partial,"Vigilance (Attacking doesn't cause this creature to tap.) At the beginning of co"
"Wild-Magic Sorcerer",6,6,partial,"The first spell you cast from exile each turn has cascade. (When you cast your f"
"Indomitable Might",6,6,partial,"Flash Enchant creature Enchanted creature gets +3/+3. Enchanted creature's contr"
"Goldberry, River-Daughter",6,6,partial,"{T}: Move a counter of each kind not on Goldberry from another target permanent "
"Ochre Jelly",6,6,partial,"Trample This creature enters with X +1/+1 counters on it. Split — When this crea"
"Coordinated Clobbering",6,6,partial,"Tap one or two target untapped creatures you control. They each deal damage equa"
"Ugin's Nexus",6,6,partial,"If a player would begin an extra turn, that player skips that turn instead. If U"
"Iron Man, Master of Machines",6,6,partial,"Flying, vigilance Iron Man gets +1/+0 for each other artifact you control. Whene"
"Exponential Growth",6,6,partial,"Until end of turn, double target creature's power X times."
"Sedge Sliver",6,6,partial,"All Sliver creatures have ""This creature gets +1/+1 as long as you control a Swa"
"Trial of a Time Lord",6,6,partial,"(As this Saga enters and after your draw step, add a lore counter. Sacrifice aft"
"Breaching Leviathan",6,6,partial,"When this creature enters, if you cast it from your hand, tap all nonblue creatu"
"Shipbreaker Kraken",6,6,partial,"{6}{U}{U}: Monstrosity 4. (If this creature isn't monstrous, put four +1/+1 coun"
"Dance of the Tumbleweeds",6,6,partial,"Spree (Choose one or more additional costs.) + {1} — Search your library for a b"
"Caltrops",6,6,partial,"Whenever a creature attacks, this artifact deals 1 damage to it."
"Hylderblade",6,6,partial,"Equipped creature gets +3/+1. Void — At the beginning of your end step, if a non"
"Chandra, Flamecaller",6,6,partial,"+1: Create two 3/1 red Elemental creature tokens with haste. Exile them at the b"
"Sin Prodder",6,6,partial,"Menace At the beginning of your upkeep, reveal the top card of your library. Any"
"Mass Polymorph",6,6,partial,"Exile all creatures you control, then reveal cards from the top of your library "
"Jace, Cunning Castaway",6,6,partial,"+1: Whenever one or more creatures you control deal combat damage to a player th"
"Orcus, Prince of Undeath",6,6,partial,"Flying, trample When Orcus enters, choose one — • Each other creature gets -X/-X"
"Dream-Thief's Bandana",6,6,partial,"Whenever equipped creature deals combat damage to a player, look at the top card"
"Lovisa Coldeyes",6,6,partial,"Each creature that's a Barbarian, a Warrior, or a Berserker gets +2/+2 and has h"
"Behold the Beyond",6,6,partial,"Discard your hand. Search your library for three cards, put them into your hand,"
"Munitions Expert",6,6,partial,"Flash When this creature enters, you may have it deal damage to target creature "
"Haunted One",6,6,partial,"Commander creatures you own have ""Whenever this creature becomes tapped, it and "
"Krang & Shredder",6,6,partial,"Whenever Krang & Shredder enter or attack, each opponent exiles cards from the t"
"Heart-Shaped Herb",6,6,partial,"If a source an opponent controls would deal damage to you, prevent 1 of that dam"
"Regeneration",6,6,partial,"Enchant creature (Target a creature as you cast this. This card enters attached "
"Entangler",6,6,partial,"Enchant creature Enchanted creature can block any number of creatures."
"Aphelia, Viper Whisperer",6,6,partial,"Deathtouch Whenever Aphelia attacks, you may pay {1}{B/G}. If you do, create a 1"
"Bestial Menace",6,6,partial,"Create a 1/1 green Snake creature token, a 2/2 green Wolf creature token, and a "
"Dire Fleet Ravager",6,6,partial,"Menace, deathtouch When this creature enters, each player loses a third of their"
"Fraying Line",6,6,partial,"When this artifact enters, put a rope counter on target creature you control. At"
"Avengers Assemble!",6,6,partial,"Flash Heroes you control get +2/+2. At the beginning of each end step, if you at"
"Splinter & Leo, Father & Son",6,6,partial,"When Splinter & Leo enter, choose one or both. Each mode must target a different"
"Admonition Angel",6,6,partial,"Flying Landfall — Whenever a land you control enters, you may exile target nonla"
"Workshop Elders",6,6,partial,"Artifact creatures you control have flying. At the beginning of combat on your t"
"Leonin Shikari",6,6,partial,"You may activate equip abilities any time you could cast an instant."
"Jacob Hauken, Inspector // Hauken's Insight",6,6,partial,"{T}: Draw a card, then exile a card from your hand face down. You may look at th"
"Portent Tracker",6,6,partial,"{T}: Untap target land. {T}: Choose target battle. If an opponent protects it, r"
"Admiral Beckett Brass",6,6,partial,"Other Pirates you control get +1/+1. At the beginning of your end step, gain con"
"Narset of the Ancient Way",6,6,partial,"+1: You gain 2 life. Add {U}, {R}, or {W}. Spend this mana only to cast a noncre"
"Adrestia",6,6,partial,"Islandwalk (This creature can't be blocked as long as defending player controls "
"Justice, Vance Astrovik",6,6,partial,"Flying When Justice enters, return up to one target nonland, nontoken permanent "
"Wan Shi Tong, All-Knowing",6,6,partial,"Flying When Wan Shi Tong enters, target nonland permanent's owner puts it into t"
"Servant of the Conduit",6,6,partial,"When this creature enters, you get {E}{E} (two energy counters). {T}, Pay {E}: A"
"Jennika, Bad Apple Big Sister",6,6,partial,"When Jennika enters, create a 2/2 red Mutant creature token. Plainscycling {2} ("
"Kavaron Harrier",6,6,partial,"Whenever this creature attacks, you may pay {2}. If you do, create a 2/2 colorle"
"Loreseeker's Stone",6,6,partial,"{3}, {T}: Draw three cards. This ability costs {1} more to activate for each car"
"Daretti, Rocketeer Engineer",6,6,partial,"Daretti's power is equal to the greatest mana value among artifacts you control."
"Atris, Oracle of Half-Truths",6,6,partial,"Menace When Atris enters, target opponent looks at the top three cards of your l"
"Cruel Ultimatum",6,6,partial,"Target opponent sacrifices a creature of their choice, discards three cards, the"
"Lightmine Field",6,6,partial,"Whenever one or more creatures attack, this enchantment deals damage to each of "
"Battle Screech",6,6,partial,"Create two 1/1 white Bird creature tokens with flying. Flashback—Tap three untap"
"Frost Trickster",6,6,partial,"Flying When this creature enters, tap target creature an opponent controls. That"
"Auditore Ambush",6,6,partial,"Choose one or both — • Return target creature to its owner's hand. • Target play"
"Reckless Pyrosurfer",6,6,partial,"Haste Landfall — Whenever a land you control enters, this creature gains battle "
"Captain America, Unbowed",6,6,partial,"Flash When Captain America enters, Soldiers and Heroes you control gain indestru"
"Ox of Agonas",6,6,partial,"When this creature enters, discard your hand, then draw three cards. Escape—{R}{"
"Mavinda, Students' Advocate",6,6,partial,"Flying {0}: You may cast target instant or sorcery card from your graveyard this"
"Ghitu Firebreathing",6,6,partial,"Flash (You may cast this spell any time you could cast an instant.) Enchant crea"
"Brave the Wilds",6,6,partial,"Bargain (You may sacrifice an artifact, enchantment, or token as you cast this s"
"Unstable Glyphbridge // Sandswirl Wanderglyph",6,6,partial,"When this artifact enters, if you cast it, for each player, choose a creature wi"
"Feed the Bog",6,6,partial,"Replicate {1}{B} Creature cards in your graveyard perpetually get +1/+1. Then re"
"Nashi, Searcher in the Dark",6,6,partial,"Menace Whenever Nashi deals combat damage to a player, you mill that many cards."
"Distracted Botanist",6,6,partial,"Deathtouch Lifelink When this creature dies, permanent cards in your graveyard p"
"Cunning Nightbonder",6,6,partial,"Flash Spells with flash you cast cost {1} less to cast and can't be countered."
"Sanguine Brushstroke",6,6,partial,"When Sanguine Brushstroke enters the battlefield, create a Blood token and conju"
"A-Unholy Heat",6,6,partial,"Unholy Heat deals 2 damage to target creature or planeswalker. Delirium — Unholy"
"Blooming Cactusfolk",6,6,partial,"Trample At the beginning of your end step, nonland cards in your hand perpetuall"
"Surge Engine",6,6,partial,"Defender {U}: This creature loses defender and gains ""This creature can't be blo"
"Renowned Weaponsmith",6,6,partial,"{T}: Add {C}{C}. Spend this mana only to cast artifact spells or activate abilit"
"Nantuko Slicer",6,6,partial,"Kicker {B} When Nantuko Slicer enters, return target card from your graveyard to"
"Bramblearmor Brawler",6,6,partial,"This spell can't be countered. Trample Whenever an opponent casts a noncreature "
"Temporary Lockdown",6,6,partial,"When this enchantment enters, exile each nonland permanent with mana value 2 or "
"Glass Casket",6,6,partial,"When this artifact enters, exile target creature an opponent controls with mana "
"Reasonable Doubt",6,6,partial,"Counter target spell unless its controller pays {2}. Suspect up to one target cr"
"Stalwart Speartail",6,6,partial,"Enrage — Whenever Stalwart Speartail is dealt damage, other Dinosaurs you contro"
"Kamachal, Ship's Mascot",6,6,partial,"Menace {R}: Kamachal, Ship's Mascot gets +1/+0 until end of turn. Whenever Kamac"
"Divine Purge",6,6,partial,"Exile all artifacts and creatures with mana value 3 or less. They perpetually ga"
"Pearl Lake Warden // Nesting Instinct",6,6,partial,"As long as this card is the top card of your library, you may look at it any tim"
"A-Earthquake Dragon",6,6,partial,"This spell costs {X} less to cast, where X is the total mana value of Dragons yo"
"Captain Eberhart",6,6,partial,"Double strike Spells cast from among cards you drew this turn cost {1} less to c"
"Lullmage's Domination",6,6,partial,"This spell costs {3} less to cast if it targets a creature whose controller has "
"Wingbright Thief",6,6,partial,"Flying When Wingbright Thief enters, target opponent reveals each nonland card i"
"Painful Bond",6,6,partial,"Draw two cards, then nonland cards in your hand with mana value 3 or less perpet"
"Solid Footing",6,6,partial,"Flash Enchant creature Enchanted creature gets +1/+1. As long as enchanted creat"
"Tend to the Kiln",6,6,partial,"When this enchantment enters, all non-Elemental instant and sorcery cards you ow"
"A-Phylath, World Sculptor",6,6,partial,"Trample When Phylath, World Sculptor enters, create a 0/1 green Plant creature t"
"Leonardo, the Balance",6,6,partial,"Whenever a token you control enters, you may put a +1/+1 counter on each creatur"
"Tainted Adversary",6,6,partial,"Deathtouch When this creature enters, you may pay {2}{B} any number of times. Wh"
"Pia Nalaar, Consul of Revival",6,6,partial,"Thopters you control have haste. Whenever you play a land from exile or cast a s"
"Pirate's Landing",6,6,partial,"Draw a card. If mana from a Treasure was spent to cast this spell, seek a Pirate"
"Ice Magic",5,5,partial,"Tiered (Choose one additional cost.) • Blizzard — {0} — Return target creature t"
"Blue Mage's Cane",5,5,partial,"Job select Equipped creature gets +0/+2, is a Wizard in addition to its other ty"
"Corpse Dance",5,5,partial,"Buyback {2} (You may pay an additional {2} as you cast this spell. If you do, pu"
"Blech, Loafing Pest",5,5,partial,"Whenever you gain life, put a +1/+1 counter on each Pest, Bat, Insect, Snake, an"
"Karrthus, Tyrant of Jund",5,5,partial,"Flying, haste When Karrthus enters, gain control of all Dragons, then untap all "
"Rith, Liberated Primeval",5,5,partial,"Flying, ward {2} Other Dragons you control have ward {2}. At the beginning of yo"
"Poetic Ingenuity",5,5,partial,"Whenever one or more Dinosaurs you control attack, create that many Treasure tok"
"Vaevictis Asmadi, the Dire",5,5,partial,"Flying Whenever Vaevictis Asmadi attacks, for each player, choose target permane"
"Market Festival",5,5,partial,"Enchant land Whenever enchanted land is tapped for mana, its controller adds an "
"Yosei, the Morning Star",5,5,partial,"Flying When Yosei dies, target player skips their next untap step. Tap up to fiv"
"Clavileño, First of the Blessed",5,5,partial,"Whenever you attack, target attacking Vampire that isn't a Demon becomes a Demon"
"Scapegoat",5,5,partial,"As an additional cost to cast this spell, sacrifice a creature. Return any numbe"
"Stromkirk Noble",5,5,partial,"This creature can't be blocked by Humans. Whenever this creature deals combat da"
"Kindred Boon",5,5,partial,"As this enchantment enters, choose a creature type. {1}{W}: Put a divinity count"
"Vampire Socialite",5,5,partial,"Menace (This creature can't be blocked except by two or more creatures.) When th"
"Seal of the Guildpact",5,5,partial,"As this artifact enters, choose two colors. Each spell you cast costs {1} less t"
"Game of Chaos",5,5,partial,"Flip a coin. If you win the flip, you gain 1 life and target opponent loses 1 li"
"Shaun, Father of Synths",5,5,partial,"Whenever you attack, you may create a tapped and attacking token that's a copy o"
"Rakdos Keyrune",5,5,partial,"{T}: Add {B} or {R}. {B}{R}: This artifact becomes a 3/1 black and red Devil art"
"Collective Defiance",5,5,partial,"Escalate {1} (Pay this cost for each mode chosen beyond the first.) Choose one o"
"Blood Sun",5,5,partial,"When this enchantment enters, draw a card. All lands lose all abilities except m"
"Corsairs of Umbar",5,5,partial,"{2}{U}: Target Goblin, Orc, or Pirate can't be blocked this turn. Whenever this "
"Shagrat, Loot Bearer",5,5,partial,"Whenever Shagrat attacks, attach up to one target Equipment to it. Then amass Or"
"Eternal Skylord",5,5,partial,"When this creature enters, amass Zombies 2. (Put two +1/+1 counters on an Army y"
"Gandalf, Friend of the Shire",5,5,partial,"Flash You may cast sorcery spells as though they had flash. Whenever the Ring te"
"Blight Titan",5,5,partial,"Deathtouch Whenever this creature enters or attacks, mill two cards, then incuba"
"Metamorphosis Fanatic",5,5,partial,"Lifelink When this creature enters, return up to one target creature card from y"
"Trickbind",5,5,partial,"Split second (As long as this spell is on the stack, players can't cast spells o"
"Undercity Informer",5,5,partial,"{1}, Sacrifice a creature: Target player reveals cards from the top of their lib"
"Bloodroot Apothecary",5,5,partial,"Toxic 2 (Players dealt combat damage by this creature also get two poison counte"
"Psychic Possession",5,5,partial,"Enchant opponent Skip your draw step. Whenever enchanted opponent draws a card, "
"Strong Back",5,5,partial,"Enchant creature Equip abilities you activate that target enchanted creature cos"
"Professor Hojo",5,5,partial,"The first activated ability you activate during your turn that targets a creatur"
"Nurturing Bristleback",5,5,partial,"When this creature enters, create a 3/3 green Dinosaur creature token. Forestcyc"
"Cauldron of Souls",5,5,partial,"{T}: Choose any number of target creatures. Each of those creatures gains persis"
"Tamiyo, Compleated Sage",5,5,partial,"Compleated ({G/U/P} can be paid with {G}, {U}, or 2 life. If life was paid, this"
"Omnath, Locus of All",5,5,partial,"If you would lose unspent mana, that mana becomes black instead. At the beginnin"
"Subjugator Angel",5,5,partial,"Flying When this creature enters, tap all creatures your opponents control."
"Angelic Arbiter",5,5,partial,"Flying Each opponent who cast a spell this turn can't attack with creatures. Eac"
"Manascape Refractor",5,5,partial,"This artifact enters tapped. This artifact has all activated abilities of all la"
"Witherbloom, the Balancer",5,5,partial,"Affinity for creatures (This spell costs {1} less to cast for each creature you "
"Excise the Imperfect",5,5,partial,"Exile target nonland permanent. Its controller incubates X, where X is its mana "
"Traumatize",5,5,partial,"Target player mills half their library, rounded down."
"Harold and Bob, First Numens",5,5,partial,"Reach, vigilance When Harold and Bob dies, if it was a creature, return it to th"
"Demonic Covenant",5,5,partial,"Whenever one or more Demons you control attack a player, you draw a card and los"
"Daxos the Returned",5,5,partial,"Whenever you cast an enchantment spell, you get an experience counter. {1}{W}{B}"
"Glistening Oil",5,5,partial,"Enchant creature Enchanted creature has infect. At the beginning of your upkeep,"
"Sigarda's Splendor",5,5,partial,"As this enchantment enters, note your life total. At the beginning of your upkee"
"Tithe",5,5,partial,"Search your library for a Plains card. If target opponent controls more lands th"
"Necrologia",5,5,partial,"Cast this spell only during your end step. As an additional cost to cast this sp"
"Riverchurn Monument",5,5,partial,"{1}, {T}: Any number of target players each mill two cards. (Each of them puts t"
"Zimone's Hypothesis",5,5,partial,"You may put a +1/+1 counter on a creature. Then choose odd or even. Return each "
"Sporocyst",5,5,partial,"Ravenous (This creature enters with X +1/+1 counters on it. If X is 5 or more, d"
"Tyrant Guard",5,5,partial,"Ravenous (This creature enters with X +1/+1 counters on it. If X is 5 or more, d"
"Breakthrough",5,5,partial,"Draw four cards, then choose X cards in your hand and discard the rest."
"Time Reversal",5,5,partial,"Each player shuffles their hand and graveyard into their library, then draws sev"
"Day's Undoing",5,5,partial,"Each player shuffles their hand and graveyard into their library, then draws sev"
"Red Death, Shipwrecker",5,5,partial,"Alluring Eyes — {T}: Goad target creature an opponent controls. That player draw"
"Fateful Tempest",5,5,partial,"Council's dilemma — Starting with you, each player votes for past or present. Yo"
"Fervent Mastery",5,5,partial,"You may pay {2}{R}{R} rather than pay this spell's mana cost. If the {2}{R}{R} c"
"Jaya's Phoenix",5,5,partial,"Flying, haste Whenever this creature deals combat damage to a player or planeswa"
"Hoarder's Greed",5,5,partial,"You lose 2 life and draw two cards, then clash with an opponent. If you win, rep"
"The Sixth Doctor",5,5,partial,"Time Lord's Prerogative — Whenever you cast a historic spell, copy it, except th"
"Greymond, Avacyn's Stalwart",5,5,partial,"As Greymond, Avacyn's Stalwart enters, choose two abilities from among first str"
"Wolverine, Best There Is",5,5,partial,"Unrivaled Lethality — Double all damage Wolverine would deal. At the beginning o"
"Maelstrom Nexus",5,5,partial,"The first spell you cast each turn has cascade. (When you cast your first spell,"
"The Eighth Doctor",5,5,partial,"When The Eighth Doctor enters, mill three cards. Once during each of your turns,"
"Rootcast Apprenticeship",5,5,partial,"Choose three. You may choose the same mode more than once. • Put two +1/+1 count"
"Demonic Bargain",5,5,partial,"Exile the top thirteen cards of your library, then search your library for a car"
"Ecological Appreciation",5,5,partial,"Search your library and graveyard for up to four creature cards with different n"
"Perplexing Chimera",5,5,partial,"Whenever an opponent casts a spell, you may exchange control of this creature an"
"Dovin, Grand Arbiter",5,5,partial,"+1: Until end of turn, whenever a creature you control deals combat damage to a "
"Scavenged Brawler",5,5,partial,"Flying, vigilance, trample, lifelink {5}, Exile this card from your graveyard: C"
"Rushed Rebirth",5,5,partial,"Choose target creature. When that creature dies this turn, search your library f"
"Ruric Thar, the Unbowed",5,5,partial,"Reach, vigilance Ruric Thar attacks each combat if able. Whenever a player casts"
"Braids, Conjurer Adept",5,5,partial,"At the beginning of each player's upkeep, that player may put an artifact, creat"
"Righteous Confluence",5,5,partial,"Choose three. You may choose the same mode more than once. • Create a 2/2 white "
"Backlash",5,5,partial,"Tap target untapped creature. That creature deals damage equal to its power to i"
"Far // Away",5,5,partial,"Return target creature to its owner's hand. Fuse (You may cast one or both halve"
"Echoing Assault",5,5,partial,"Creature tokens you control have menace. Whenever you attack a player, choose ta"
"Alien Invasion",5,5,partial,"At the beginning of combat on your turn, create a 1/1 red Alien creature token w"
"Sublime Archangel",5,5,partial,"Flying Exalted (Whenever a creature you control attacks alone, that creature get"
"Trepanation Blade",5,5,partial,"Whenever equipped creature attacks, defending player reveals cards from the top "
"Ancestral Katana",5,5,partial,"Whenever a Samurai or Warrior you control attacks alone, you may pay {1}. When y"
"Dramatist's Puppet",5,5,partial,"When this creature enters, for each kind of counter on target permanent, put ano"
"Azlask, the Swelling Scourge",5,5,partial,"Whenever Azlask or another colorless creature you control dies, you get an exper"
"Deceiver of Form",5,5,partial,"({C} represents colorless mana.) At the beginning of combat on your turn, reveal"
"Hope-Ender Coatl",5,5,partial,"Devoid (This card has no color.) Flash When you cast this spell, counter target "
"Mog, Moogle Warrior",5,5,partial,"Lifelink Dance — At the beginning of your end step, each player may discard a ca"
"Strago and Relm",5,5,partial,"Sketch and Lore — {2}{R}, {T}: Target opponent exiles cards from the top of thei"
"Fangorn, Tree Shepherd",5,5,partial,"Treefolk you control have vigilance. Whenever one or more Treefolk you control a"
"Landroval, Horizon Witness",5,5,partial,"Flying Whenever two or more creatures you control attack a player, target attack"
"Lord of Atlantis",5,5,partial,"Other Merfolk get +1/+1 and have islandwalk. (They can't be blocked as long as d"
"Toothy, Imaginary Friend",5,5,partial,"Partner with Pir, Imaginative Rascal (When this creature enters, target player m"
"Team Tactics",5,5,partial,"Teamwork 1 (As an additional cost to cast this spell, you may tap any number of "
"Ratcatcher Trainee // Pest Problem",5,5,partial,"During your turn, this creature has first strike. // Create two 1/1 black Rat cr"
"Path of the Ghosthunter",5,5,partial,"Create X 1/1 white Spirit creature tokens with flying. Will of the Planeswalkers"
"Biblioplex Assistant",5,5,partial,"Flying When this creature enters, put up to one target instant or sorcery card f"
"Unexplained Absence",5,5,partial,"For each player, exile up to one target nonland permanent that player controls. "
"Skarrgan Hellkite",5,5,partial,"Riot (This creature enters with your choice of a +1/+1 counter or haste.) Flying"
"Verix Bladewing",5,5,partial,"Kicker {3} (You may pay an additional {3} as you cast this spell.) Flying When V"
"Firkraag, Cunning Instigator",5,5,partial,"Flying, haste Whenever one or more Dragons you control attack an opponent, goad "
"Thundermaw Hellkite",5,5,partial,"Flying Haste (This creature can attack and {T} as soon as it comes under your co"
"The Dragon-Kami Reborn // Dragon-Kami's Egg",5,5,partial,"(As this Saga enters and after your draw step, add a lore counter.) I, II — You "
"Fires of Invention",5,5,partial,"You can cast spells only during your turn and you can cast no more than two spel"
"Zilortha, Strength Incarnate",5,5,partial,"Trample Lethal damage dealt to creatures you control is determined by their powe"
"Humility",5,5,partial,"All creatures lose all abilities and have base power and toughness 1/1."
"Callous Sell-Sword // Burn Together",5,5,partial,"This creature enters with a +1/+1 counter on it for each creature that died unde"
"Portent of Calamity",5,5,partial,"Reveal the top X cards of your library. For each card type, you may exile a card"
"Flexible Waterbender",5,5,partial,"Vigilance Waterbend {3}: This creature has base power and toughness 5/2 until en"
"Foggy Swamp Vinebender",5,5,partial,"This creature can't be blocked by creatures with power 2 or less. Waterbend {5}:"
"Muddle, the Ever-Changing",5,5,partial,"Whenever you cast an instant or sorcery spell, Muddle becomes a copy of up to on"
"Fraying Omnipotence",5,5,partial,"Each player loses half their life, then discards half the cards in their hand, t"
"See the Unwritten",5,5,partial,"Reveal the top eight cards of your library. You may put a creature card from amo"
"Glissa, Herald of Predation",5,5,partial,"At the beginning of combat on your turn, choose one — • Incubate 2 twice. (To in"
"Case of the Shifting Visage",5,5,partial,"At the beginning of your upkeep, surveil 1. To solve — There are fifteen or more"
"Gale's Redirection",5,5,partial,"Exile target spell, then roll a d20 and add that spell's mana value. 1—14 | You "
"Dream Devourer",5,5,partial,"Each nonland card in your hand without foretell has foretell. Its foretell cost "
"The Wedding of River Song",5,5,partial,"Draw two cards, then you may exile a nonland card from your hand with a number o"
"Aradesh, the Founder",5,5,partial,"Enlist (As this creature attacks, you may tap a nonattacking creature you contro"
"Elder Arthur Maxson",5,5,partial,"Creature tokens you control have training. (Whenever a creature token you contro"
"Danse Macabre",5,5,partial,"Each player sacrifices a nontoken creature of their choice. Roll a d20 and add t"
"Vihaan, Goldwaker",5,5,partial,"Other outlaws you control have vigilance and haste. (Assassins, Mercenaries, Pir"
"Abzan Charm",5,5,partial,"Choose one — • Exile target creature with power 3 or greater. • You draw two car"
"Starving Revenant",5,5,partial,"When this creature enters, surveil 2. Then for each card you put on top of your "
"Curious Forager",5,5,partial,"When this creature enters, you may forage. When you do, return target permanent "
"Dire Flail // Dire Blunderbuss",5,5,partial,"Equipped creature gets +2/+0. Equip {1} Craft with artifact {3}{R}{R} ({3}{R}{R}"
"Dosan the Falling Leaf",5,5,partial,"Players can cast spells only during their own turns."
"The Hunger Tide Rises",5,5,partial,"(As this Saga enters and after your draw step, add a lore counter. Sacrifice aft"
"Archetype of Endurance",5,5,partial,"Creatures you control have hexproof. Creatures your opponents control lose hexpr"
"Éomer, King of Rohan",5,5,partial,"Double strike Éomer enters with a +1/+1 counter on it for each other Human you c"
"Belt of Giant Strength",5,5,partial,"Equipped creature has base power and toughness 10/10. Equip {10}. This ability c"
"Cyber Conversion",5,5,partial,"Turn target creature face down. It's a 2/2 Cyberman artifact creature."
"Sound the Trumpets",5,5,partial,"Counter target spell. If that spell's mana value was 2 or less, recruit. (Draw a"
"Berserker's Frenzy",5,5,partial,"Cast this spell only before combat or during combat before blockers are declared"
"Valiant Endeavor",5,5,partial,"Roll two d6 and choose one result. Destroy each creature with power greater than"
"Criminal Past",5,5,partial,"Commander creatures you own have menace and ""This creature gets +X/+0, where X i"
"Chandra, Legacy of Fire",5,5,partial,"At the beginning of your end step, Chandra deals X damage to each opponent, wher"
"Dockworker Drone",5,5,partial,"This creature enters with a +1/+1 counter on it. When this creature dies, put it"
"Warp World",5,5,partial,"Each player shuffles all permanents they own into their library, then reveals th"
"Goblin Charbelcher",5,5,partial,"{3}, {T}: Reveal cards from the top of your library until you reveal a land card"
"Doran, Besieged by Time",5,5,partial,"Each creature spell you cast with toughness greater than its power costs {1} les"
"Betor, Ancestor's Voice",5,5,partial,"Flying, lifelink At the beginning of your end step, put a number of +1/+1 counte"
"Ancient Lumberknot",5,5,partial,"Each creature you control with toughness greater than its power assigns combat d"
"Wall of Nets",5,5,partial,"Defender (This creature can't attack.) At end of combat, exile all creatures blo"
"The Haunt of Hightower",5,5,partial,"Flying, lifelink Whenever The Haunt of Hightower attacks, defending player disca"
"Dead Man's Chest",5,5,partial,"Enchant creature an opponent controls When enchanted creature dies, exile cards "
"Briber's Purse",5,5,partial,"This artifact enters with X gem counters on it. {1}, {T}, Remove a gem counter f"
"Mirror of the Forebears",5,5,partial,"As this artifact enters, choose a creature type. {1}: Until end of turn, this ar"
"Unbreathing Horde",5,5,partial,"This creature enters with a +1/+1 counter on it for each other Zombie you contro"
"Gustha's Scepter",5,5,partial,"{T}: Exile a card from your hand face down. You may look at it for as long as it"
"Radha, Heart of Keld",5,5,partial,"During your turn, Radha has first strike. You may look at the top card of your l"
"Nature's Chosen",5,5,partial,"Enchant creature you control {0}: Untap enchanted creature. Activate only during"
"Mystic Reflection",5,5,partial,"Choose target nonlegendary creature. The next time one or more creatures or plan"
"Belligerent Sliver",5,5,partial,"Sliver creatures you control have menace. (They can't be blocked except by two o"
"Bonesplitter Sliver",5,5,partial,"All Sliver creatures get +2/+0."
"Fire-Belly Changeling",5,5,partial,"Changeling (This card is every creature type.) {R}: This creature gets +1/+0 unt"
"Fungus Sliver",5,5,partial,"All Sliver creatures have ""Whenever this creature is dealt damage, put a +1/+1 c"
"Council of Reeds",5,5,partial,"The ""legend rule"" doesn't apply to creatures you control. At the beginning of co"
"Dwarven Armorer",5,5,partial,"{R}, {T}, Discard a card: Put a +0/+1 counter or a +1/+0 counter on target creat"
"Graaz, Unstoppable Juggernaut",5,5,partial,"Juggernauts you control attack each combat if able. Juggernauts you control can'"
"Barge In",5,5,partial,"Target attacking creature gets +2/+2 until end of turn. Each attacking non-Human"
"Sphere of Resistance",5,5,partial,"Spells cost {1} more to cast."
"Chef's Kiss",5,5,partial,"Gain control of target spell that targets only a single permanent or player. Cop"
"Corrupted Shapeshifter",5,5,partial,"Devoid (This card has no color.) As this creature enters, it becomes your choice"
"Orator of Ojutai",5,5,partial,"As an additional cost to cast this spell, you may reveal a Dragon card from your"
"Rammas Echor, Ancient Shield",5,5,partial,"Whenever you cast your second spell each turn, draw a card, then create a 0/3 wh"
"Crown of Doom",5,5,partial,"Whenever a creature attacks you or a planeswalker you control, it gets +2/+0 unt"
"Colossus of the Blood Age",5,5,partial,"When this creature enters, it deals 3 damage to each opponent and you gain 3 lif"
"Citywide Bust",5,5,partial,"Destroy all creatures with toughness 4 or greater."
"Mangara of Corondor",5,5,partial,"{T}: Exile Mangara and target permanent."
"Venser, Fervent Forger",5,5,partial,"Flash  When Venser enters, choose one — • Copy target instant or sorcery spell a"
"Psychic Paper",5,5,partial,"As this Equipment becomes attached to a creature, choose a creature card name an"
"Footbottom Feast",5,5,partial,"Put any number of target creature cards from your graveyard on top of your libra"
"Threats Undetected",5,5,partial,"Search your library for up to four creature cards with different powers and reve"
"Vivien, Arkbow Ranger",5,5,partial,"+1: Distribute two +1/+1 counters among up to two target creatures. They gain tr"
"Shardless Outlander",5,5,partial,"Trample (This creature can deal excess combat damage to the player or planeswalk"
"Selfless Police Captain",5,5,partial,"This creature enters with a +1/+1 counter on it. When this creature leaves the b"
"War Tax",5,5,partial,"{X}{U}: This turn, creatures can't attack unless their controller pays {X} for e"
"Anvil of Bogardan",5,5,partial,"Players have no maximum hand size. At the beginning of each player's draw step, "
"Scion of Halaster",5,5,partial,"Commander creatures you own have ""The first time you would draw a card each turn"
"Gloomfang Mauler",5,5,partial,"Swampcycling {2} ({2}, Discard this card: Search your library for a Swamp card, "
"Canyon Crawler",5,5,partial,"Deathtouch When this creature enters, create a Food token. (It's an artifact wit"
"Rescue from the Underworld",5,5,partial,"As an additional cost to cast this spell, sacrifice a creature. Choose target cr"
"Sami, Wildcat Captain",5,5,partial,"Double strike, vigilance Spells you cast have affinity for artifacts. (They cost"
"Taigam, Ojutai Master",5,5,partial,"Instant, sorcery, and Dragon spells you control can't be countered. Whenever you"
"Monk Class",5,5,partial,"(Gain the next level as a sorcery to add its ability.) The second spell you cast"
"Kain, Traitorous Dragoon",5,5,partial,"Jump — During your turn, Kain has flying. Whenever Kain deals combat damage to a"
"Forgotten Creation",5,5,partial,"Skulk (This creature can't be blocked by creatures with greater power.) At the b"
"Sanctum Prelate",5,5,partial,"As this creature enters, choose a number. Noncreature spells with mana value equ"
"Instrument of the Bards",5,5,partial,"At the beginning of your upkeep, you may put a harmony counter on Instrument of "
"Winter Soldier, Reborn Avenger",5,5,partial,"Whenever Winter Soldier attacks, return target creature card with mana value les"
"Secret Invasion",5,5,partial,"Enchant creature you control When this Aura enters, exile up to one target creat"
"Extraction Specialist",5,5,partial,"Lifelink When this creature enters, return target creature card with mana value "
"Caress of Phyrexia",5,5,partial,"Target player draws three cards, loses 3 life, and gets three poison counters."
"Reaper of Sheoldred",5,5,partial,"Infect (This creature deals damage to creatures in the form of -1/-1 counters an"
"Phyrexian Vatmother",5,5,partial,"Infect (This creature deals damage to creatures in the form of -1/-1 counters an"
"Blinding Angel",5,5,partial,"Flying (This creature can't be blocked except by creatures with flying or reach."
"Precursor Golem",5,5,partial,"When this creature enters, create two 3/3 colorless Golem artifact creature toke"
"Enervate",5,5,partial,"Tap target artifact, creature, or land. Draw a card at the beginning of the next"
"Relic's Roar",5,5,partial,"Until end of turn, target artifact or creature becomes a Dinosaur artifact creat"
"Theorist's Proxy",5,5,partial,"Flash When this creature enters, empower Jace 3. (Put three loyalty counters on "
"Treachery",5,5,partial,"Enchant creature When this Aura enters, untap up to five lands. You control ench"
"Diluvian Primordial",5,5,partial,"Flying When this creature enters, for each opponent, you may cast up to one targ"
"Argothian Elder",5,5,partial,"{T}: Untap two target lands."
"Blaster Hulk",5,5,partial,"This spell costs {1} less to cast for each {E} (energy counter) you've paid or l"
"Dynavolt Tower",5,5,partial,"Whenever you cast an instant or sorcery spell, you get {E}{E} (two energy counte"
"Evil Eye of Urborg",5,5,partial,"Non-Eye creatures you control can't attack. Whenever this creature becomes block"
"Modify Memory",5,5,partial,"Exchange control of two target creatures controlled by different players. If you"
"Thought Eater",5,5,partial,"Flying Your maximum hand size is reduced by three."
"Make an Example",5,5,partial,"Each opponent separates the creatures they control into two piles. For each oppo"
"The Trickster-God's Heist",5,5,partial,"(As this Saga enters and after your draw step, add a lore counter. Sacrifice aft"
"Innocuous Researcher",5,5,partial,"Parley — Whenever this creature attacks, each player reveals the top card of the"
"Hauntwoods Shrieker",5,5,partial,"Whenever this creature attacks, manifest dread. (Look at the top two cards of yo"
"Verdant Mastery",5,5,partial,"You may pay {3}{G} rather than pay this spell's mana cost. Search your library f"
"Timin, Youthful Geist",5,5,partial,"Partner with Rhoda, Geist Avenger (When this creature enters, target player may "
"Spirit of the Labyrinth",5,5,partial,"Each player can't draw more than one card each turn."
"Otherworldly Escort",5,5,partial,"Flash When this creature dies, if it's not a Spirit, return it to the battlefiel"
"Liliana's Contract",5,5,partial,"When this enchantment enters, you draw four cards and you lose 4 life. At the be"
"Armed with Proof",5,5,partial,"When this enchantment enters, investigate twice. (To investigate, create a Clue "
"Serene Sleuth",5,5,partial,"When this creature enters, investigate. (Create a Clue token. It's an artifact w"
"Ransom Note",5,5,partial,"When this artifact enters, surveil 1. {2}, Sacrifice this artifact: Choose one —"
"Share the Spoils",5,5,partial,"When this enchantment enters and whenever an opponent loses the game, exile the "
"Jaya, Venerated Firemage",5,5,partial,"If another red source you control would deal damage to a permanent or player, it"
"Ward of Bones",5,5,partial,"Each opponent who controls more creatures than you can't cast creature spells. T"
"Slicer, Hired Muscle // Slicer, High-Speed Antagonist",5,5,partial,"More Than Meets the Eye {2}{R} (You may cast this card converted for {2}{R}.) Do"
"Grave Betrayal",5,5,partial,"Whenever a creature you don't control dies, return it to the battlefield under y"
"White Tiger, Ava Ayala",5,5,partial,"Power-up — {5}{G}: Put a +1/+1 counter on White Tiger and create The Tiger God, "
"Alania, Divergent Storm",5,5,partial,"Whenever you cast a spell, if it's the first instant spell, the first sorcery sp"
"Step Between Worlds",5,5,partial,"Each player may shuffle their hand and graveyard into their library. Each player"
"Ruxa, Patient Professor",5,5,partial,"Whenever Ruxa enters or attacks, return target creature card with no abilities f"
"Convenient Target",5,5,partial,"Enchant creature When this Aura enters, suspect enchanted creature. (It has mena"
"Coronation of Chaos",5,5,partial,"Up to three target creatures can't block this turn. Goad them. (Until your next "
"The Spear of Leonidas",5,5,partial,"Whenever equipped creature attacks, choose one — • Bull Rush — It gains double s"
"Lavaleaper",5,5,partial,"All creatures have haste. Whenever a player taps a basic land for mana, that pla"
"Tamiyo, Upriser Crowned",5,5,partial,"Flying, double strike, haste When Tamiyo enters, you become the monarch. Wheneve"
"Ajani Goldmane",5,5,partial,"+1: You gain 2 life. −1: Put a +1/+1 counter on each creature you control. Those"
"Quakebringer",5,5,partial,"Your opponents can't gain life. At the beginning of your upkeep, Quakebringer de"
"Prowling Geistcatcher",5,5,partial,"Whenever you sacrifice another creature, exile it. If that creature was a token,"
"Feast of the Victorious Dead",5,5,partial,"At the beginning of your end step, if one or more creatures died this turn, you "
"Longstalk Brawl",5,5,partial,"Gift a tapped Fish (You may promise an opponent a gift as you cast this spell. I"
"Phyrexian Ironworks",5,5,partial,"Whenever you attack, you get {E} (an energy counter). {T}, Pay {E}{E}{E}: Create"
"Compelled Duel",5,5,partial,"Target creature gets +3/+3 until end of turn and must be blocked this turn if ab"
"Goblin Boarders",5,5,partial,"Raid — This creature enters with a +1/+1 counter on it if you attacked this turn"
"Enlarge",5,5,partial,"Target creature gets +7/+7 and gains trample until end of turn. It must be block"
"Airtight Alibi",5,5,partial,"Flash Enchant creature When this Aura enters, untap enchanted creature. It gains"
"Extract the Truth",5,5,partial,"Choose one — • Target opponent reveals their hand. You may choose a creature, en"
"Horned Sliver",5,5,partial,"All Sliver creatures have trample."
"Crypt Sliver",5,5,partial,"All Slivers have ""{T}: Regenerate target Sliver."""
"Opaline Sliver",5,5,partial,"All Slivers have ""Whenever this permanent becomes the target of a spell an oppon"
"Ward Sliver",5,5,partial,"As this creature enters, choose a color. All Slivers have protection from the ch"
"Leeching Sliver",5,5,partial,"Whenever a Sliver you control attacks, defending player loses 1 life."
"Sliver Gravemother",5,5,partial,"The ""legend rule"" doesn't apply to Slivers you control. Each Sliver creature car"
"Battle at the Helvault",5,5,partial,"(As this Saga enters and after your draw step, add a lore counter. Sacrifice aft"
"Vault 13: Dweller's Journey",5,5,partial,"(As this Saga enters and after your draw step, add a lore counter. Sacrifice aft"
"Reservoir Kraken",5,5,partial,"Trample, ward {2} At the beginning of each combat, if this creature is untapped,"
"Hymn of the Faller",5,5,partial,"Surveil 1, then you draw a card and lose 1 life. (To surveil 1, look at the top "
"Voidslime",5,5,partial,"Counter target spell, activated ability, or triggered ability. (Mana abilities c"
"Burn from Within",5,5,partial,"Burn from Within deals X damage to any target. If a creature is dealt damage thi"
"Magus of the Moat",5,5,partial,"Creatures without flying can't attack."
"Plan for All Outcomes",5,5,partial,"When this enchantment enters, the owner of up to one other target nonland perman"
"Kaya, Spirits' Justice",5,5,partial,"Whenever one or more creatures you control and/or creature cards in your graveya"
"Ranar the Ever-Watchful",5,5,partial,"Flying, vigilance The first card you foretell each turn costs {0} to foretell. W"
"Armor Wars",5,5,partial,"(As this Saga enters and after your draw step, add a lore counter. Sacrifice aft"
"Robobrain War Mind",5,5,partial,"Robobrain War Mind's power is equal to the number of cards in your hand. When th"
"Robe of the Archmagi",5,5,partial,"Whenever equipped creature deals combat damage to a player, you draw that many c"
"Zurgo Bellstriker",5,5,partial,"Zurgo can't block creatures with power 2 or greater. Dash {1}{R} (You may cast t"
"Guff Rewrites History",5,5,partial,"For each player, choose target nonenchantment, nonland permanent that player con"
"Voldaren Bloodcaster // Bloodbat Summoner",5,5,partial,"Flying Whenever this creature or another nontoken creature you control dies, cre"
"New Frontiers",5,5,partial,"Each player may search their library for up to X basic land cards and put them o"
"Vedalken Squirrel-Whacker",5,5,partial,"As this creature enters, roll a six-sided die twice. Its base power becomes the "
"Aurelia's Fury",5,5,partial,"Aurelia's Fury deals X damage divided as you choose among any number of targets."
"Ukkima, Stalking Shadow",5,5,partial,"Partner with Cazur, Ruthless Stalker (When this creature enters, target player m"
"Pia's Revolution",5,5,partial,"Whenever a nontoken artifact is put into your graveyard from the battlefield, re"
"Vanille, Cheerful l'Cie",5,5,partial,"When Vanille enters, mill two cards, then return a permanent card from your grav"
"Masako the Humorless",5,5,partial,"Flash Tapped creatures you control can block as though they were untapped."
"Peri Brown",5,5,partial,"The first historic spell you cast each turn has convoke. (Your creatures can hel"
"Mogg Mob",5,5,partial,"Sacrifice this creature: It deals 3 damage divided as you choose among one, two,"
"Whiplash, Vengeful Engineer",5,5,partial,"Whiplash enters tapped. Whenever Whiplash attacks, if he's equipped, each oppone"
"Namor the Sub-Mariner",5,5,partial,"Flying Namor's power is equal to the number of Merfolk you control. Whenever you"
"Katara's Reversal",5,5,partial,"Counter up to four target spells and/or abilities. Untap up to four target artif"
"Dusk Legion Sergeant",5,5,partial,"Menace {1}{B}, Sacrifice this creature: Each nontoken Vampire creature you contr"
"Morality Shift",5,5,partial,"Exchange your graveyard and library. Then shuffle your library."
"Debt to the Kami",5,5,partial,"Choose one — • Target opponent exiles a creature they control. • Target opponent"
"Cazur, Ruthless Stalker",5,5,partial,"Partner with Ukkima, Stalking Shadow (When this creature enters, target player m"
"Ramirez DePietro, Pillager",5,5,partial,"When Ramirez DePietro enters, you lose 2 life and create two Treasure tokens. Wh"
"Zara, Renegade Recruiter",5,5,partial,"Flying Whenever Zara attacks, look at defending player's hand. You may put a cre"
"Triumphant Reckoning",5,5,partial,"Return all artifact, enchantment, and planeswalker cards from your graveyard to "
"Zhao, the Moon Slayer",5,5,partial,"Menace Nonbasic lands enter tapped. {7}: Put a conqueror counter on Zhao. As lon"
"Smuggler's Buggy",5,5,partial,"Hideaway 4 (When this artifact enters, look at the top four cards of your librar"
"Elvish Aberration",5,5,partial,"{T}: Add {G}{G}{G}. Forestcycling {2} ({2}, Discard this card: Search your libra"
"God-Eternal Kefnet",5,5,partial,"Flying You may reveal the first card you draw each turn as you draw it. Whenever"
"Greenbelt Rampager",5,5,partial,"When this creature enters, pay {E}{E} (two energy counters). If you can't, retur"
"Longtusk Cub",5,5,partial,"Whenever this creature deals combat damage to a player, you get {E}{E} (two ener"
"Cryptoplasm",5,5,partial,"At the beginning of your upkeep, you may have this creature become a copy of ano"
"Khârn the Betrayer",5,5,partial,"Berzerker — Khârn the Betrayer attacks or blocks each combat if able. Sigil of C"
"Intrepid Adversary",5,5,partial,"Lifelink When this creature enters, you may pay {1}{W} any number of times. When"
"Sanctifier en-Vec",5,5,partial,"Protection from black and from red When this creature enters, exile all cards th"
"Visions of Dread",5,5,partial,"Target opponent puts a creature card of their choice from their graveyard onto t"
"Skull Storm",5,5,partial,"When you cast this spell, copy it for each time you've cast your commander from "
"Kyoshi Battle Fan",5,5,partial,"When this Equipment enters, create a 1/1 white Ally creature token, then attach "
"Beastmaster's Magemark",5,5,partial,"Enchant creature Creatures you control that are enchanted get +1/+1. Whenever a "
"Garruk Relentless // Garruk, the Veil-Cursed",5,5,partial,"When Garruk has two or fewer loyalty counters on him, transform him. 0: Garruk d"
"Dark Sphere",5,5,partial,"{T}, Sacrifice this artifact: The next time a source of your choice would deal d"
"Ash, Party Crasher",5,5,partial,"Haste Celebration — Whenever Ash attacks, if two or more nonland permanents ente"
"Heroic Sacrifice",5,5,partial,"Choose target creature you control. Until end of turn, all damage that would be "
"Juvenile Mist Dragon",5,5,partial,"Flying Confounding Clouds — When this creature enters, for each opponent, tap up"
"Demonic Vigor",5,5,partial,"Enchant creature Enchanted creature gets +1/+1. When enchanted creature dies, re"
"The Night of the Doctor",5,5,partial,"(As this Saga enters and after your draw step, add a lore counter. Sacrifice aft"
"Archive Trap",5,5,partial,"If an opponent searched their library this turn, you may pay {0} rather than pay"
"Ashes of the Abhorrent",5,5,partial,"Players can't cast spells from graveyards or activate abilities of cards in grav"
"Battletide Alchemist",5,5,partial,"If a source would deal damage to a player, you may prevent X of that damage, whe"
"Guul Draz Assassin",5,5,partial,"Level up {1}{B} ({1}{B}: Put a level counter on this. Level up only as a sorcery"
"One-Clown Band",5,5,partial,"{2}{R}: Target Robot gets +2/+0 until end of turn."
"Trove of Temptation",5,5,partial,"Each opponent must attack you or a planeswalker you control with at least one cr"
"Illuminate History",5,5,partial,"Discard any number of cards, then draw that many cards. Then if there are seven "
"Captain Marvel, Shooting Star",5,5,partial,"Flying Whenever Captain Marvel enters or attacks, exile up to one target creatur"
"Detention Vortex",5,5,partial,"Enchant nonland permanent Enchanted permanent can't attack or block, and its act"
"Rem Karolus, Stalwart Slayer",5,5,partial,"Flying, haste If a spell would deal damage to you or another permanent you contr"
"Ormos, Archive Keeper",5,5,partial,"Flying If you would draw a card while your library has no cards in it, instead p"
"Sphinx of Foresight",5,5,partial,"You may reveal this card from your opening hand. If you do, scry 3 at the beginn"
"Whirlwind Technique",5,5,partial,"Target player draws two cards, then discards a card. Airbend up to two target cr"
"Group Project",5,5,partial,"Create a 2/2 red and white Spirit creature token. Flashback—Tap three untapped c"
"Monoist Gravliner",5,5,partial,"Whenever a creature stations this Spacecraft, that creature perpetually gains de"
"Sapphire Collector",5,5,partial,"Prowess When you cast your second noncreature spell in a turn, conjure a card na"
"Saint Elenda",5,5,partial,"Lifelink When Saint Elenda enters, conjure a card of your choice from Saint Elen"
"Torsten, Founder of Benalia",5,5,partial,"When Torsten enters, reveal the top seven cards of your library. Put any number "
"Dungeon Geists",5,5,partial,"Flying When this creature enters, tap target creature an opponent controls. That"
"Norn's Fetchling",5,5,partial,"Toxic 1 Corrupted — When Norn's Fetchling enters, conjure a card named Plains in"
"Tamiyo, Collector of Tales",5,5,partial,"Spells and abilities your opponents control can't cause you to discard cards or "
"Tasha, Unholy Archmage",5,5,partial,"+1: Until your next turn, whenever a creature attacks you or Tasha, Unholy Archm"
"Replicating Terror",5,5,partial,"Each opponent sacrifices a nontoken creature. For each creature sacrificed this "
"Quicksilver Lapidary",5,5,partial,"When Quicksilver Lapidary enters, conjure a card named Mox Opal into your hand."
"Fiery Impulse",5,5,partial,"Fiery Impulse deals 2 damage to target creature. Spell mastery — If there are tw"
"Chronicler of Worship",5,5,partial,"When Chronicler of Worship enters the battlefield, put a random Shrine card from"
"Ant-Man's Army",5,5,partial,"When this creature enters, create a Food token or a Treasure token. (A Food toke"
"Nissa's Triumph",5,5,partial,"Search your library for up to two basic Forest cards. If you control a Nissa pla"
"Trial of Ambition",5,5,partial,"When this enchantment enters, target opponent sacrifices a creature of their cho"
"Angel of Grace",5,5,partial,"Flash Flying When this creature enters, until end of turn, damage that would red"
"By Elspeth's Command",5,5,partial,"At the beginning of combat on your turn, choose one that wasn't chosen during yo"
"Champions of Tyr",5,5,partial,"Flying Double team When this creature enters, you get a one-time boon with ""When"
"Roots of Wisdom",5,5,partial,"Mill three cards, then return a land card or Elf card from your graveyard to you"
"Chittering Illuminator",5,5,partial,"As long as Chittering Illuminator is at the top of your library, you may look at"
"Trackhand Trainer",5,5,partial,"{3}{U}{U}: Draw a card. Exhaust — {U}: Conjure a card named Training Grounds ont"
"Break Expectations",5,5,partial,"Target player reveals all cards with mana value 2 or greater in their hand. You "
"Warzone Duplicator",5,5,partial,"Prototype {3}{U} — 3/3 When this creature enters, return target creature an oppo"
"Case of the Lost Witness",5,5,partial,"When this Case enters, conjure four cards named Fblthp, the Lost into your libra"
"Giant Ox",5,5,partial,"This creature crews Vehicles using its toughness rather than its power."
"Pampered Loamfrill",5,5,partial,"Deathtouch Renew — {1}{G}, Exile this card from your graveyard: Conjure a duplic"
"Devouring Tendrils",5,5,partial,"Target creature you control deals damage equal to its power to target creature o"
"Eidolon of Obstruction",5,5,partial,"First strike Loyalty abilities of planeswalkers your opponents control cost {1} "
"Kor Blademaster",5,5,partial,"Double strike Equipped Warriors you control have double strike."
"Clone Crafter",5,5,partial,"When Clone Crafter enters the battlefield, conjure a duplicate of a random creat"
"Raging Battle Mouse",5,5,partial,"The second spell you cast each turn costs {1} less to cast. Celebration — At the"
"A-Gnarlid Colony",5,5,partial,"Kicker {2}{G} (You may pay an additional {2}{G} as you cast this spell.) If Gnar"
"Mistbind Clique",5,5,partial,"Flash Flying Champion a Faerie (When this enters, sacrifice it unless you exile "
"Cottontail Caretaker",5,5,partial,"When Cottontail Caretaker enters, choose a white creature card in your hand. Tha"
"Realmbreaker's Grasp",5,5,partial,"Enchant artifact or creature Enchanted permanent can't attack or block, and its "
"Demotion",5,5,partial,"Enchant creature Enchanted creature can't block, and its activated abilities can"
"Spellchain Scatter",5,5,partial,"Kicker {U} When you next cast an instant or sorcery spell this turn, conjure a d"
"Michelangelo's Technique",5,5,partial,"Sneak {3}{G} (You may cast this spell for {3}{G} if you also return an unblocked"
"Purphoros's Intervention",5,5,partial,"Choose one — • Create an X/1 red Elemental creature token with trample and haste"
"Tocatli Honor Guard",5,5,partial,"Creatures entering don't cause abilities to trigger."
"Toralf's Disciple",5,5,partial,"Haste Whenever Toralf's Disciple attacks, conjure four cards named Lightning Bol"
"Brave Meadowguard",5,5,partial,"When Brave Meadowguard enters, conjure a card named Might of the Meek into your "
"Emmara, Voice of the Conclave",5,5,partial,"Convoke When Emmara, Voice of the Conclave enters, draft a card from Emmara, Voi"
"Estinien Varlineau",4,4,partial,"Whenever you cast a noncreature spell, put a +1/+1 counter on Estinien Varlineau"
"Uneasy Partings",4,4,partial,"This spell costs {1} less to cast if it targets an attacking nontoken creature. "
"Redirect",4,4,partial,"You may choose new targets for target spell."
"Praetor's Counsel",4,4,partial,"Return all cards from your graveyard to your hand. Exile Praetor's Counsel. You "
"Lorehold, the Historian",4,4,partial,"Flying, haste Each instant and sorcery card in your hand has miracle {2}. (You m"
"Feisty Spikeling",4,4,partial,"Changeling (This card is every creature type.) During your turn, this creature h"
"Shapesharer",4,4,partial,"Changeling (This card is every creature type.) {2}{U}: Target Shapeshifter becom"
"Widespread Brutality",4,4,partial,"Amass Zombies 2, then the Army you amassed deals damage equal to its power to ea"
"Olivia, Mobilized for War",4,4,partial,"Flying Whenever another creature you control enters, you may discard a card. If "
"Vampire Nocturnus",4,4,partial,"Play with the top card of your library revealed. As long as the top card of your"
"Falkenrath Gorger",4,4,partial,"Each Vampire creature card you own that isn't on the battlefield has madness. Th"
"Bloodlord of Vaasgoth",4,4,partial,"Bloodthirst 3 (If an opponent was dealt damage this turn, this creature enters w"
"Order of Sacred Dusk",4,4,partial,"Convoke (Your creatures can help cast this spell. Each creature you tap while ca"
"Festival of Embers",4,4,partial,"During your turn, you may cast instant and sorcery spells from your graveyard by"
"Polymorph",4,4,partial,"Destroy target creature. It can't be regenerated. Its controller reveals cards f"
"Reality Scramble",4,4,partial,"Put target permanent you own on the bottom of your library. Reveal cards from th"
"Elemental Mascot",4,4,partial,"Flying, vigilance Opus — Whenever you cast an instant or sorcery spell, this cre"
"Light of Judgment",4,4,partial,"Light of Judgment deals 6 damage to target creature. Destroy up to one Equipment"
"Goblin Diplomats",4,4,partial,"{T}: Each creature attacks this turn if able."
"Invade the City",4,4,partial,"Amass Zombies X, where X is the number of instant and sorcery cards in your grav"
"Fires of Mount Doom",4,4,partial,"When Fires of Mount Doom enters, it deals 2 damage to target creature an opponen"
"Steward of the Harvest",4,4,partial,"When this creature enters, exile up to three target land cards from your graveya"
"Akawalli, the Seething Tower",4,4,partial,"Descend 4 — As long as there are four or more permanent cards in your graveyard,"
"Join the Dead",4,4,partial,"Target creature gets -5/-5 until end of turn. Descend 4 — That creature gets -10"
"Ursine Monstrosity",4,4,partial,"Trample At the beginning of combat on your turn, mill a card and choose an oppon"
"Hogaak, Arisen Necropolis",4,4,partial,"You can't spend mana to cast this spell. Convoke, delve (Each creature you tap w"
"Shadow Kin",4,4,partial,"Flash At the beginning of your upkeep, each player mills three cards. You may ex"
"Serum Powder",4,4,partial,"{T}: Add {C}. Any time you could mulligan and this card is in your hand, you may"
"Lord Windgrace",4,4,partial,"+2: Discard a card, then draw a card. If a land card is discarded this way, draw"
"Reed Richards, Smartest Man",4,4,partial,"Reach You have no maximum hand size. The first time you would draw a card each t"
"Intellectual Offering",4,4,partial,"Choose an opponent. You and that player each draw three cards. Choose an opponen"
"Mabel, Heir to Cragflame",4,4,partial,"Other Mice you control get +1/+1. When Mabel enters, create Cragflame, a legenda"
"Curator of Sun's Creation",4,4,partial,"Whenever you discover, discover again for the same value. This ability triggers "
"Wayta, Trainer Prodigy",4,4,partial,"Haste {2}{G}, {T}: Target creature you control fights another target creature. T"
"Ajani Unyielding",4,4,partial,"+2: Reveal the top three cards of your library. Put all nonland permanent cards "
"Mirrorweave",4,4,partial,"Each other creature becomes a copy of target nonlegendary creature until end of "
"Solidarity of Heroes",4,4,partial,"Strive — This spell costs {1}{G} more to cast for each target beyond the first. "
"Succumb to the Cold",4,4,partial,"Tap one or two target creatures an opponent controls. Put a stun counter on each"
"Necrogen Rotpriest",4,4,partial,"Toxic 2 (Players dealt combat damage by this creature also get two poison counte"
"Dreamshackle Geist",4,4,partial,"Flying At the beginning of combat on your turn, choose up to one — • Tap target "
"Whisperwood Elemental",4,4,partial,"At the beginning of your end step, manifest the top card of your library. (Put i"
"Malignus",4,4,partial,"Malignus's power and toughness are each equal to half the highest life total amo"
"Gisa's Favorite Shovel",4,4,partial,"Equipped creature gets +2/+0 and has menace. Whenever equipped creature attacks,"
"Megaton's Fate",4,4,partial,"Choose one — • Disarm — Destroy target artifact. Create four Treasure tokens. • "
"Pattern of Rebirth",4,4,partial,"Enchant creature When enchanted creature dies, that creature's controller may se"
"Rampant Frogantua",4,4,partial,"Trample This creature gets +10/+10 for each player who has lost the game. Whenev"
"Glimpse the Unthinkable",4,4,partial,"Target player mills ten cards."
"Vault 87: Forced Evolution",4,4,partial,"(As this Saga enters and after your draw step, add a lore counter. Sacrifice aft"
"Dimir Machinations",4,4,partial,"Look at the top three cards of target player's library. Exile any number of thos"
"Spirit-Sister's Call",4,4,partial,"At the beginning of your end step, choose target permanent card in your graveyar"
"Oppressive Rays",4,4,partial,"Enchant creature Enchanted creature can't attack or block unless its controller "
"Wizard's Spellbook",4,4,partial,"{T}: Exile target instant or sorcery card from a graveyard. Roll a d20. Activate"
"Tinybones, Trinket Thief",4,4,partial,"At the beginning of each end step, if an opponent discarded a card this turn, yo"
"Extract a Confession",4,4,partial,"As an additional cost to cast this spell, you may collect evidence 6. (Exile car"
"Voice of the Woods",4,4,partial,"Tap five untapped Elves you control: Create a 7/7 green Elemental creature token"
"Garruk Wildspeaker",4,4,partial,"+1: Untap two target lands. −1: Create a 3/3 green Beast creature token. −4: Cre"
"Even the Score",4,4,partial,"This spell costs {U}{U}{U} less to cast if an opponent has drawn four or more ca"
"Not Forgotten",4,4,partial,"Put target card from a graveyard on your choice of the top or bottom of its owne"
"Onakke Oathkeeper",4,4,partial,"Creatures can't attack planeswalkers you control unless their controller pays {1"
"Hei Bai, Spirit of Balance",4,4,partial,"Whenever Hei Bai enters or attacks, you may sacrifice another creature or artifa"
"Afterlife Insurance",4,4,partial,"Creatures you control gain afterlife 1 until end of turn. Draw a card. (When a c"
"Hex",4,4,partial,"Destroy six target creatures."
"Wurmcoil Larva",4,4,partial,"Deathtouch, lifelink When this creature dies, create a 1/2 black Phyrexian Wurm "
"Casal, Lurkwood Pathfinder // Casal, Pathbreaker Owlbear",4,4,partial,"Vigilance When Casal enters, search your library for a Forest card, put it onto "
"Ephara, God of the Polis",4,4,partial,"Indestructible As long as your devotion to white and blue is less than seven, Ep"
"Jackal, Genius Geneticist",4,4,partial,"Trample Whenever you cast a creature spell with mana value equal to Jackal's pow"
"Clara Oswald",4,4,partial,"Impossible Girl — If Clara Oswald is your commander, choose a color before the g"
"The Eleventh Doctor",4,4,partial,"I. AM. TALKING! — Whenever The Eleventh Doctor deals combat damage to a player, "
"The First Doctor",4,4,partial,"When The First Doctor enters, search your library and/or graveyard for a card na"
"Setzer, Wandering Gambler",4,4,partial,"When Setzer enters, create The Blackjack, a legendary 3/3 colorless Vehicle arti"
"Aminatou, Veil Piercer",4,4,partial,"At the beginning of your upkeep, surveil 2. (Look at the top two cards of your l"
"Cruel Reality",4,4,partial,"Enchant player At the beginning of enchanted player's upkeep, that player sacrif"
"Faithbound Judge // Sinner's Judgment",4,4,partial,"Defender, flying, vigilance At the beginning of your upkeep, if this creature ha"
"Nevermore",4,4,partial,"As this enchantment enters, choose a nonland card name. Spells with the chosen n"
"Radiant Grace // Radiant Restraints",4,4,partial,"Enchant creature Enchanted creature gets +1/+0 and has vigilance. When enchanted"
"Ares, God of War",4,4,partial,"Ares attacks each combat if able. Whenever an attacking creature you control die"
"Sword of the Squeak",4,4,partial,"Equipped creature gets +1/+1 for each creature you control with base power or to"
"Rootweaver Druid",4,4,partial,"When this creature enters, each opponent may search their library for up to thre"
"Círdan the Shipwright",4,4,partial,"Vigilance Secret council — Whenever Círdan enters or attacks, each player secret"
"Taunting Elf",4,4,partial,"All creatures able to block this creature do so."
"Highspire Bell-Ringer",4,4,partial,"Flying The second spell you cast each turn costs {1} less to cast."
"Gilanra, Caller of Wirewood",4,4,partial,"{T}: Add {G}. When you spend this mana to cast a spell with mana value 6 or grea"
"Knacksaw Clique",4,4,partial,"Flying {1}{U}, {Q}: Target opponent exiles the top card of their library. Until "
"Mordenkainen",4,4,partial,"+2: Draw two cards, then put a card from your hand on the bottom of your library"
"Sparkshaper Visionary",4,4,partial,"At the beginning of combat on your turn, choose any number of target planeswalke"
"Slippery Bogbonder",4,4,partial,"Flash Hexproof When this creature enters, put a hexproof counter on target creat"
"Double Jump // Flying Kick",4,4,partial,"Put a flying counter on target creature you control. Until end of turn, it has b"
"Pir's Whim",4,4,partial,"For each player, choose friend or foe. Each friend searches their library for a "
"Trade Routes",4,4,partial,"{1}: Return target land you control to its owner's hand. {1}, Discard a land car"
"Verdant Confluence",4,4,partial,"Choose three. You may choose the same mode more than once. • Put two +1/+1 count"
"Elephant Grass",4,4,partial,"Cumulative upkeep {1} (At the beginning of your upkeep, put an age counter on th"
"Triskaidekaphobia",4,4,partial,"At the beginning of your upkeep, choose one — • Each player with exactly 13 life"
"Ignis Scientia",4,4,partial,"When Ignis Scientia enters, look at the top six cards of your library. You may p"
"Walker of Secret Ways",4,4,partial,"Ninjutsu {1}{U} ({1}{U}, Return an unblocked attacker you control to hand: Put t"
"Mindlink Mech",4,4,partial,"Flying Whenever this Vehicle becomes crewed for the first time each turn, until "
"Zareth San, the Trickster",4,4,partial,"Flash {2}{U}{B}, Return an unblocked attacking Rogue you control to its owner's "
"Siege Behemoth",4,4,partial,"Hexproof As long as this creature is attacking, for each creature you control, y"
"Grothama, All-Devouring",4,4,partial,"Other creatures have ""Whenever this creature attacks, you may have it fight Grot"
"Ghost-Spider, Gwen Stacy",4,4,partial,"Menace (This creature can't be blocked except by two or more creatures.) Wheneve"
"Discerning Financier",4,4,partial,"At the beginning of your upkeep, if an opponent controls more lands than you, cr"
"Kunoros, Hound of Athreos",4,4,partial,"Vigilance, menace, lifelink Creature cards in graveyards can't enter the battlef"
"Eldrazi Mimic",4,4,partial,"Whenever another colorless creature you control enters, you may change this crea"
"Spawnsire of Ulamog",4,4,partial,"Annihilator 1 (Whenever this creature attacks, defending player sacrifices a per"
"Abigale, Eloquent First-Year",4,4,partial,"Flying, first strike, lifelink When Abigale enters, up to one other target creat"
"Phantom Train",4,4,partial,"Trample Sacrifice another artifact or creature: Put a +1/+1 counter on this Vehi"
"Sabin, Master Monk",4,4,partial,"Double strike Blitz—{2}{R}{R}, Discard a card. (If you cast this spell for its b"
"Coralhelm Commander",4,4,partial,"Level up {1} ({1}: Put a level counter on this. Level up only as a sorcery.) LEV"
"Empress Galina",4,4,partial,"{U}{U}, {T}: Gain control of target legendary permanent. (This effect lasts inde"
"Tilonalli's Summoner",4,4,partial,"Ascend (If you control ten or more permanents, you get the city's blessing for t"
"Empty City Ruse",4,4,partial,"Target opponent skips all combat phases of their next turn."
"Second Sunrise",4,4,partial,"Each player returns to the battlefield all artifact, creature, enchantment, and "
"Hungry Lynx",4,4,partial,"Cats you control have protection from Rats. (They can't be blocked, targeted, or"
"Tesak, Judith's Hellhound",4,4,partial,"Unleash (You may have this creature enter with a +1/+1 counter on it. It can't b"
"Stalking Leonin",4,4,partial,"When this creature enters, secretly choose an opponent. Reveal the player you ch"
"Klaw, Master of Sound",4,4,partial,"Deathtouch Whenever you play a card from exile, Klaw gains indestructible until "
"Impossible Man",4,4,partial,"Flying {2}{U}: Impossible Man becomes a copy of another target permanent until e"
"Minion of the Mighty",4,4,partial,"Menace Pack tactics — Whenever this creature attacks, if you attacked with creat"
"Nimbleclaw Adept",4,4,partial,"Bigby's Hand — {T}: Untap two other target permanents. Activate only as a sorcer"
"Tempt with Mayhem",4,4,partial,"Tempting offer — Choose target instant or sorcery spell. Each opponent may copy "
"Hashaton, Scarab's Fist",4,4,partial,"Whenever you discard a creature card, you may pay {2}{U}. If you do, create a ta"
"Ashiok, Sculptor of Fears",4,4,partial,"+2: Draw a card. Each player mills two cards. −5: Put target creature card from "
"Delirium",4,4,partial,"Cast this spell only during an opponent's turn. Tap target creature that player "
"Keruga, the Macrosage",4,4,partial,"Companion — Your starting deck contains only cards with mana value 3 or greater "
"Deploy the Gatewatch",4,4,partial,"Look at the top seven cards of your library. Put up to two planeswalker cards fr"
"Woodland Acolyte // Mend the Wilds",4,4,partial,"When this creature enters, draw a card. // Put target permanent card from your g"
"Boiling Rock Rioter",4,4,partial,"Firebending 1 (Whenever this creature attacks, add {R}. This mana lasts until en"
"Sokka's Charge",4,4,partial,"During your turn, Allies you control have double strike and lifelink."
"Cruel Administrator",4,4,partial,"Raid — This creature enters with a +1/+1 counter on it if you attacked this turn"
"Bristlebane Battler",4,4,partial,"Trample, ward {2} This creature enters with five -1/-1 counters on it. Whenever "
"Polymorphist's Jest",4,4,partial,"Until end of turn, each creature target player controls loses all abilities and "
"Karn's Sylex",4,4,partial,"Karn's Sylex enters tapped. Players can't pay life to cast spells or to activate"
"Omarthis, Ghostfire Initiate",4,4,partial,"Omarthis enters with X +1/+1 counters on it. Whenever you put one or more +1/+1 "
"Kaito's Pursuit",4,4,partial,"Target player discards two cards. Ninjas and Rogues you control gain menace unti"
"Blade of the Oni",4,4,partial,"Menace Equipped creature has base power and toughness 5/5, has menace, and is a "
"Living End",4,4,partial,"Suspend 3—{2}{B}{B} Each player exiles all creature cards from their graveyard, "
"Braulios of Pheres Band",4,4,partial,"Braulios's power and toughness are each equal to the number of lands you control"
"Desdemona, Freedom's Edge",4,4,partial,"Vigilance Whenever Desdemona attacks, target creature card in your graveyard tha"
"Thrill-Kill Disciple",4,4,partial,"Squad—{1}, Discard a card. (As an additional cost to cast this spell, you may pa"
"Twisted Sewer-Witch",4,4,partial,"When this creature enters, create a 1/1 black Rat creature token with ""This crea"
"Infernal Sovereign",4,4,partial,"Flying, trample Skip your draw step. Whenever you play a land or cast a spell, y"
"Mister Negative",4,4,partial,"Vigilance, lifelink Darkforce Inversion — When Mister Negative enters, you may e"
"Felidar Umbra",4,4,partial,"Enchant creature Enchanted creature has lifelink. {1}{W}: Attach this Aura to ta"
"Displaced Dinosaurs",4,4,partial,"As a historic permanent you control enters, it becomes a 7/7 Dinosaur creature i"
"Fallaji Wayfarer",4,4,partial,"Fallaji Wayfarer is all colors. This ability doesn't affect its color identity. "
"Mind Bend",4,4,partial,"Change the text of target permanent by replacing all instances of one color word"
"Trait Doctoring",4,4,partial,"Change the text of target permanent by replacing all instances of one color word"
"Rally the Righteous",4,4,partial,"Radiance — Untap target creature and each other creature that shares a color wit"
"Celebrate the Mountain-king",4,4,partial,"When this enchantment enters, for each opponent, exile up to one target nonland "
"Priority Boarding",4,4,partial,"Whenever you roll a die, you may reveal the top card of your library. Do this on"
"Path of the Pyromancer",4,4,partial,"Discard all the cards in your hand. Add {R} for each card discarded this way, th"
"Acererak the Archlich",4,4,partial,"When Acererak enters, if you haven't completed Tomb of Annihilation, return Acer"
"Neerdiv, Devious Diver",4,4,partial,"Whenever Neerdiv becomes tapped, target player mills cards equal to its power. W"
"Dawn's Reflection",4,4,partial,"Enchant land Whenever enchanted land is tapped for mana, its controller adds an "
"Dictate of Karametra",4,4,partial,"Flash Whenever a player taps a land for mana, that player adds one mana of any t"
"Choco, Seeker of Paradise",4,4,partial,"Whenever one or more Birds you control attack, look at that many cards from the "
"Ghalta the Immovable",4,4,partial,"This spell costs {X} less to cast, where X is the greatest toughness among creat"
"Skeleton Key",4,4,partial,"Equipped creature has skulk. (It can't be blocked by creatures with greater powe"
"Ozox, the Clattering King",4,4,partial,"Ozox can't block. When Ozox dies, create Jumblebones, a legendary 2/1 black Skel"
"Savanti Romero, Time's Exile",4,4,partial,"Trample At the beginning of combat on your turn, put a +1/+1 counter on Savanti "
"Back to Basics",4,4,partial,"Nonbasic lands don't untap during their controllers' untap steps."
"Bone Devourer",4,4,partial,"Flash Flying This creature enters with a number of +1/+1 counters on it equal to"
"Cadric, Soul Kindler",4,4,partial,"The ""legend rule"" doesn't apply to tokens you control. Whenever another nontoken"
"Biophagus",4,4,partial,"Genomic Enhancement — {T}: Add one mana of any color. If this mana is spent to c"
"Domri Rade",4,4,partial,"+1: Look at the top card of your library. If it's a creature card, you may revea"
"Cantankerous Keepers",4,4,partial,"Affinity for Elves (This spell costs {1} less to cast for each Elf you control.)"
"Ground Seal",4,4,partial,"When this enchantment enters, draw a card. Cards in graveyards can't be the targ"
"Geralf, Visionary Stitcher",4,4,partial,"Zombies you control have flying. {U}, {T}, Sacrifice another nontoken creature: "
"Poppet Stitcher // Poppet Factory",4,4,partial,"Whenever you cast an instant or sorcery spell, create a 2/2 black Zombie creatur"
"Corpse Harvester",4,4,partial,"{1}{B}, {T}, Sacrifice a creature: Search your library for a Zombie card and a S"
"Palinchron",4,4,partial,"Flying When this creature enters, untap up to seven lands. {2}{U}{U}: Return thi"
"Overcharged Amalgam",4,4,partial,"Flash Flying Exploit (When this creature enters, you may sacrifice a creature.) "
"Aether Flash",4,4,partial,"Whenever a creature enters, this enchantment deals 2 damage to it."
"Battering Sliver",4,4,partial,"All Sliver creatures have trample."
"Fury Sliver",4,4,partial,"All Sliver creatures have double strike."
"Lancer Sliver",4,4,partial,"Sliver creatures you control have first strike."
"Tempered Sliver",4,4,partial,"Sliver creatures you control have ""Whenever this creature deals combat damage to"
"Case of the Shattered Pact",4,4,partial,"When this Case enters, search your library for a basic land card, reveal it, put"
"Demon of Fate's Design",4,4,partial,"Flying, trample Once during each of your turns, you may cast an enchantment spel"
"Dwarven Recruiter",4,4,partial,"When this creature enters, search your library for any number of Dwarf cards, re"
"Last Light of Durin's Day",4,4,partial,"Whenever a Mountain you control enters, put a quest counter on this enchantment."
"Protean Hydra",4,4,partial,"This creature enters with X +1/+1 counters on it. If damage would be dealt to th"
"Rolling Stones",4,4,partial,"Wall creatures can attack as though they didn't have defender."
"Dormant Grove // Gnarled Grovestrider",4,4,partial,"At the beginning of combat on your turn, put a +1/+1 counter on target creature "
"Sunder",4,4,partial,"Return all lands to their owners' hands."
"Aerial Surveyor",4,4,partial,"Flying Whenever this Vehicle attacks, if defending player controls more lands th"
"Agrus Kos, Eternal Soldier",4,4,partial,"Vigilance Whenever Agrus Kos becomes the target of an ability that targets only "
"Fear of Being Hunted",4,4,partial,"Haste This creature must be blocked if able."
"The Brothers' War",4,4,partial,"(As this Saga enters and after your draw step, add a lore counter. Sacrifice aft"
"Assassin's Blade",4,4,partial,"Cast this spell only during the declare attackers step and only if you've been a"
"RMS Titanic",4,4,partial,"Flying, trample When RMS Titanic deals combat damage to a player, sacrifice it a"
"Patron of the Orochi",4,4,partial,"Snake offering (You may cast this spell any time you could cast an instant by sa"
"Skullwinder",4,4,partial,"Deathtouch When this creature enters, return target card from your graveyard to "
"Daring Waverider",4,4,partial,"When this creature enters, you may cast target instant or sorcery card with mana"
"Become Anonymous",4,4,partial,"Exile target nontoken creature you own and the top two cards of your library in "
"Cryptic Coat",4,4,partial,"When this Equipment enters, cloak the top card of your library, then attach this"
"Colossus of Akros",4,4,partial,"Defender, indestructible {10}: Monstrosity 10. (If this creature isn't monstrous"
"Spectral Snatcher",4,4,partial,"Ward—Discard a card. (Whenever this creature becomes the target of a spell or ab"
"Whispersteel Dagger",4,4,partial,"Equipped creature gets +2/+0. Whenever equipped creature deals combat damage to "
"Station Monitor",4,4,partial,"Whenever you cast your second spell each turn, create a 1/1 colorless Drone arti"
"Rest for the Weary",4,4,partial,"Target player gains 4 life. Landfall — If you had a land enter the battlefield u"
"Soulfire Grand Master",4,4,partial,"Lifelink Instant and sorcery spells you control have lifelink. {2}{U/R}{U/R}: Th"
"Flamehold Grappler",4,4,partial,"First strike When this creature enters, copy the next spell you cast this turn w"
"Wildfire Devils",4,4,partial,"When this creature enters and at the beginning of your upkeep, choose a player a"
"Pyre Rhymer // Molten Tide",4,4,partial,"Prowess This creature enters prepared. (While it's prepared, you may cast a copy"
"Sphinx of Uthuun",4,4,partial,"Flying When this creature enters, reveal the top five cards of your library. An "
"Bogardan Hellkite",4,4,partial,"Flash Flying When this creature enters, it deals 5 damage divided as you choose "
"Kratos, Stoic Father",4,4,partial,"Whenever you attack with one or more Gods and whenever a God dies, you get an ex"
"Trostani Discordant",4,4,partial,"Other creatures you control get +1/+1. When Trostani enters, create two 1/1 whit"
"Fall of the Impostor",4,4,partial,"(As this Saga enters and after your draw step, add a lore counter. Sacrifice aft"
"Phyrexian Processor",4,4,partial,"As this artifact enters, pay any amount of life. {4}, {T}: Create an X/X black P"
"Silver Sable, Mercenary Leader",4,4,partial,"When Silver Sable enters, put a +1/+1 counter on another target creature. Whenev"
"Captain America, Wings of Freedom",4,4,partial,"Flying, first strike, ward {1} Whenever Captain America attacks, each other Hero"
"Crackdown",4,4,partial,"Nonwhite creatures with power 3 or greater don't untap during their controllers'"
"Infernal Darkness",4,4,partial,"Cumulative upkeep—Pay {B} and 1 life. (At the beginning of your upkeep, put an a"
"O-Naginata",4,4,partial,"This Equipment can be attached only to a creature with power 3 or greater. Equip"
"Amorphous Axe",4,4,partial,"Equipped creature gets +3/+0 and is every creature type. Equip {3} ({3}: Attach "
"Wrexial, the Risen Deep",4,4,partial,"Islandwalk, swampwalk (This creature can't be blocked as long as defending playe"
"Naiad of Hidden Coves",4,4,partial,"During turns other than yours, spells you cast cost {1} less to cast."
"Artisan of Forms",4,4,partial,"Heroic — Whenever you cast a spell that targets this creature, you may have this"
"Ever After",4,4,partial,"Return up to two target creature cards from your graveyard to the battlefield. E"
"Shaman of Forgotten Ways",4,4,partial,"{T}: Add two mana in any combination of colors. Spend this mana only to cast cre"
"Mercurial Chemister",4,4,partial,"{U}, {T}: Draw two cards. {R}, {T}, Discard a card: This creature deals damage t"
"Demon of Dark Schemes",4,4,partial,"Flying When this creature enters, all other creatures get -2/-2 until end of tur"
"Multiform Wonder",4,4,partial,"When this creature enters, you get {E}{E}{E} (three energy counters). Pay {E}: T"
"Domineering Will",4,4,partial,"Target player gains control of up to three target nonattacking creatures until e"
"Phyrexian Negator",4,4,partial,"Trample Whenever this creature is dealt damage, sacrifice that many permanents."
"Plague Reaver",4,4,partial,"At the beginning of your end step, sacrifice each other creature you control. Di"
"Thought Devourer",4,4,partial,"Flying Your maximum hand size is reduced by four."
"Puca's Mischief",4,4,partial,"At the beginning of your upkeep, you may exchange control of target nonland perm"
"Sly Instigator",4,4,partial,"{U}, {T}: Until your next turn, target creature an opponent controls can't be bl"
"Exchange of Words",4,4,partial,"When this enchantment enters, choose two target creatures. For as long as this e"
"Ambush Commander",4,4,partial,"Forests you control are 1/1 green Elf creatures that are still lands. {1}{G}, Sa"
"Experiment Twelve",4,4,partial,"Trample Whenever this creature or another creature you control is turned face up"
"Living Lands",4,4,partial,"All Forests are 1/1 creatures that are still lands."
"Noxious Assault",4,4,partial,"Creatures you control get +2/+2 until end of turn. Whenever a creature blocks th"
"Tunnel Tipster",4,4,partial,"At the beginning of your end step, if a face-down creature entered the battlefie"
"Spectral Shepherd",4,4,partial,"Flying {1}{U}: Return target Spirit you control to its owner's hand."
"Ascendant Spirit",4,4,partial,"{S}{S}: This creature becomes a Spirit Warrior with base power and toughness 2/3"
"Scourge of the Skyclaves",4,4,partial,"Kicker {4}{B} When you cast this spell, if it was kicked, each player loses half"
"Xathrid Gorgon",4,4,partial,"Deathtouch (Any amount of damage this deals to a creature is enough to destroy i"
"Demon Wall",4,4,partial,"Defender Menace (This creature can't be blocked except by two or more creatures."
"Esix, Fractal Bloom",4,4,partial,"Flying The first time you would create one or more tokens during each of your tu"
"Case of the Trampled Garden",4,4,partial,"When this Case enters, distribute two +1/+1 counters among one or two target cre"
"Embermaw Hellion",4,4,partial,"Trample (This creature can deal excess combat damage to the player or planeswalk"
"Dauthi Trapper",4,4,partial,"{T}: Target creature gains shadow until end of turn. (It can block or be blocked"
"Will Kenrith",4,4,partial,"+2: Until your next turn, up to two target creatures each have base power and to"
"Bello, Bard of the Brambles",4,4,partial,"During your turn, each non-Equipment artifact and non-Aura enchantment you contr"
"Cramped Vents // Access Maze",4,4,partial,"When you unlock this door, this Room deals 6 damage to target creature an oppone"
"Besmirch",4,4,partial,"Until end of turn, gain control of target creature and it gains haste. Untap and"
"Farid, Enterprising Salvager",4,4,partial,"Whenever a nontoken artifact you control is put into a graveyard from the battle"
"Saving Grace",4,4,partial,"Flash Enchant creature you control When this Aura enters, all damage that would "
"Starforged Sword",4,4,partial,"Gift a tapped Fish (You may promise an opponent a gift as you cast this spell. I"
"Disciple of Perdition",4,4,partial,"When this creature dies, choose one. If you have exactly 13 life, you may choose"
"Gauntlets of Light",4,4,partial,"Enchant creature Enchanted creature gets +0/+2 and assigns combat damage equal t"
"Ajani, Mentor of Heroes",4,4,partial,"+1: Distribute three +1/+1 counters among one, two, or three target creatures yo"
"Crystal Dragon // Rob the Hoard",4,4,partial,"Flying, vigilance // Return target artifact, enchantment, or legendary card from"
"Pentarch Ward",4,4,partial,"Enchant creature As this Aura enters, choose a color. When this Aura enters, dra"
"Vines of Vastwood",4,4,partial,"Kicker {G} (You may pay an additional {G} as you cast this spell.) Target creatu"
"Hellcat, Undying Vigilante",4,4,partial,"Haste When Hellcat dies, return her to the battlefield under her owner's control"
"Saheeli's Directive",4,4,partial,"Improvise (Each artifact you tap after you're done activating mana abilities pay"
"Confiscation Coup",4,4,partial,"Choose target artifact or creature. You get {E}{E}{E}{E} (four energy counters),"
"Pit Fight",4,4,partial,"Target creature you control fights another target creature. (Each deals damage e"
"Invasion Plans",4,4,partial,"All creatures block each combat if able. The attacking player chooses how each c"
"March of the World Ooze",4,4,partial,"Creatures you control have base power and toughness 6/6 and are Oozes in additio"
"Ill-Tempered Loner // Howlpack Avenger",4,4,partial,"Whenever this creature is dealt damage, it deals that much damage to any target."
"Tovolar's Huntmaster // Tovolar's Packleader",4,4,partial,"When this creature enters, create two 2/2 green Wolf creature tokens. Daybound ("
"Colossal Collision",4,4,partial,"Put a +1/+1 counter on target creature you control. Then that creature deals dam"
"Shadow Sliver",4,4,partial,"All Sliver creatures have shadow. (They can block or be blocked by only creature"
"Judgment of Alexander",4,4,partial,"Prevent all damage that would be dealt to you this turn by sources your opponent"
"Intercessor's Arrest",4,4,partial,"Enchant permanent Enchanted permanent can't attack, block, or crew Vehicles. Its"
"Trench Behemoth",4,4,partial,"Return a land you control to its owner's hand: Untap this creature. It gains hex"
"Unexpected Results",4,4,partial,"Shuffle your library, then reveal the top card. If it's a nonland card, you may "
"Choose Your Weapon",4,4,partial,"Choose one — • Two-Weapon Fighting — Double target creature's power and toughnes"
"Voidforged Titan",4,4,partial,"Void — At the beginning of your end step, if a nonland permanent left the battle"
"Kiora, Sovereign of the Deep",4,4,partial,"Vigilance, ward {3} Whenever you cast a Kraken, Leviathan, Octopus, or Serpent s"
"The Temporal Anchor",4,4,partial,"At the beginning of your upkeep, scry 2. Whenever you choose to put one or more "
"Vesuvan Drifter",4,4,partial,"Flying You may look at the top card of your library any time. At the beginning o"
"Pyromancer's Gauntlet",4,4,partial,"If a red instant or sorcery spell you control or a red planeswalker you control "
"Chandra, Fire of Kaladesh // Chandra, Roaring Flame",4,4,partial,"Whenever you cast a red spell, untap Chandra. {T}: Chandra deals 1 damage to tar"
"Connecting the Dots",4,4,partial,"Whenever a creature you control attacks, exile the top card of your library face"
"Jhoira, Weatherlight Corsair",4,4,partial,"Whenever Jhoira enters or attacks, target opponent reveals cards from the top of"
"Mu Yanling, Sky Dancer",4,4,partial,"+2: Until your next turn, up to one target creature gets -2/-0 and loses flying."
"Overwrite the Multiverse",4,4,partial,"Exile all creatures. Empower Jace X, where X is the number of creatures exiled t"
"Jace, the Living Guildpact",4,4,partial,"+1: Look at the top two cards of your library. Put one of them into your graveya"
"Thing in the Ice // Awoken Horror",4,4,partial,"Defender This creature enters with four ice counters on it. Whenever you cast an"
"Cryptolith Fragment // Aurora of Emrakul",4,4,partial,"This artifact enters tapped. {T}: Add one mana of any color. Each player loses 1"
"Ob Nixilis, the Adversary",4,4,partial,"Casualty X. The copy isn't legendary and has starting loyalty X. (As you cast th"
"Cuboid Colony",4,4,partial,"Flash Flying, trample Increment (Whenever you cast a spell, if the amount of man"
"Barrenton Medic",4,4,partial,"{T}: Prevent the next 1 damage that would be dealt to any target this turn. Put "
"Consulate Surveillance",4,4,partial,"When this enchantment enters, you get {E}{E}{E}{E} (four energy counters). Pay {"
"March of Progress",4,4,partial,"Choose target artifact creature you control. For each creature chosen this way, "
"Rosnakht, Heir of Rohgahh",4,4,partial,"Battle cry (Whenever this creature attacks, each other attacking creature gets +"
"Mutiny",4,4,partial,"Target creature an opponent controls deals damage equal to its power to another "
"Boggart Mob",4,4,partial,"Champion a Goblin (When this enters, sacrifice it unless you exile another Gobli"
"Extract from Darkness",4,4,partial,"Each player mills two cards. Then you put a creature card from a graveyard onto "
"Court of Cunning",4,4,partial,"When this enchantment enters, you become the monarch. At the beginning of your u"
"Iron Man, Armored Avenger",4,4,partial,"Flying Whenever you draw a card, put a +1/+1 counter on target creature. Wheneve"
"Forging the Tyrite Sword",4,4,partial,"(As this Saga enters and after your draw step, add a lore counter. Sacrifice aft"
"Koll, the Forgemaster",4,4,partial,"Whenever another nontoken creature you control dies, if it was enchanted or equi"
"Swallowed by Leviathan",4,4,partial,"Choose target spell. Surveil 2, then counter the chosen spell unless its control"
"Nadu, Winged Wisdom",4,4,partial,"Flying Creatures you control have ""Whenever this creature becomes the target of "
"Needle Drop",4,4,partial,"Needle Drop deals 1 damage to any target that was dealt damage this turn. Draw a"
"Nahiri, the Lithomancer",4,4,partial,"+2: Create a 1/1 white Kor Soldier creature token. You may attach an Equipment y"
"Fiendslayer Paladin",4,4,partial,"First strike (This creature deals combat damage before creatures without first s"
"Immortus, Master of Eternity",4,4,partial,"{T}: Add {U} for each card you've drawn this turn. Spend this mana only to cast "
"Sidewinder Sliver",4,4,partial,"All Sliver creatures have flanking. (Whenever a creature without flanking blocks"
"Celestial Crusader",4,4,partial,"Flash Split second (As long as this spell is on the stack, players can't cast sp"
"Tamiyo Meets the Story Circle",4,4,partial,"(As this Saga enters and after your draw step, add a lore counter. Sacrifice aft"
"Distended Mindbender",4,4,partial,"Emerge {5}{B}{B} (You may cast this spell by sacrificing a creature and paying t"
"Hydraulic Helper",4,4,partial,"Defender {T}: Add {U}. This mana can't be spent to cast a nonartifact spell."
"Crater's Claws",4,4,partial,"Crater's Claws deals X damage to any target. Ferocious — Crater's Claws deals X "
"Light Up the Night",4,4,partial,"Light Up the Night deals X damage to any target. It deals X plus 1 damage instea"
"Kaya, Orzhov Usurper",4,4,partial,"+1: Exile up to two target cards from a single graveyard. You gain 2 life if at "
"Elspeth, Sun's Nemesis",4,4,partial,"−1: Up to two target creatures you control each get +2/+1 until end of turn. −2:"
"March of the Machines",4,4,partial,"Each noncreature artifact is an artifact creature with power and toughness each "
"Veteran Explorer",4,4,partial,"When this creature dies, each player may search their library for up to two basi"
"Geth, Lord of the Vault",4,4,partial,"Intimidate (This creature can't be blocked except by artifact creatures and/or c"
"Departed Deckhand",4,4,partial,"When this creature becomes the target of a spell, sacrifice it. This creature ca"
"Baral and Kari Zev",4,4,partial,"First strike, menace Whenever you cast your first instant or sorcery spell each "
"Mai, Jaded Edge",4,4,partial,"Prowess (Whenever you cast a noncreature spell, this creature gets +1/+1 until e"
"Silver Surfer, Cosmic Voyager",4,4,partial,"Flash Flying When Silver Surfer enters, exile any number of other target permane"
"Moat",4,4,partial,"Creatures without flying can't attack."
"Oath of Lieges",4,4,partial,"At the beginning of each player's upkeep, that player chooses target player who "
"Awaken the Erstwhile",4,4,partial,"Each player discards all the cards in their hand, then creates that many 2/2 bla"
"Faith's Fetters",4,4,partial,"Enchant permanent When this Aura enters, you gain 4 life. Enchanted permanent ca"
"Nascent Metamorph",4,4,partial,"Whenever this creature attacks or blocks, target opponent reveals cards from the"
"Confession Dial",4,4,partial,"When this artifact enters, surveil 3. {T}: Target legendary creature card in you"
"Second Wind",4,4,partial,"Enchant creature {T}: Tap enchanted creature. {T}: Untap enchanted creature."
"Invasion of Arcavios // Invocation of the Founders",4,4,partial,"(As a Siege enters, choose an opponent to protect it. You and others can attack "
"Uneasy Alliance",4,4,partial,"Enchant creature Enchanted creature can't attack or block. {5}, Sacrifice this A"
"Fleeting Effigy",4,4,partial,"Haste At the beginning of your end step, return this creature to its owner's han"
"Scout's Warning",4,4,partial,"The next creature card you play this turn can be played as though it had flash. "
"Flickerform",4,4,partial,"Enchant creature {2}{W}{W}: Exile enchanted creature and all Auras attached to i"
"Grim Wanderer",4,4,partial,"Flash Tragic Backstory — Cast this spell only if a creature died this turn."
"Pact Weapon",4,4,partial,"As long as this Equipment is attached to a creature, you don't lose the game for"
"Levitating Statue",4,4,partial,"Flying Whenever you cast a noncreature spell, put a +1/+1 counter on this artifa"
"Asinine Antics",4,4,partial,"You may cast this spell as though it had flash if you pay {2} more to cast it. F"
"Declare Dominance",4,4,partial,"Target creature gets +3/+3 until end of turn. All creatures able to block it thi"
"Fork in the Road",4,4,partial,"Search your library for up to two basic land cards and reveal them. Put one into"
"Phosphorescent Feast",4,4,partial,"Chroma — Reveal any number of cards in your hand. You gain 2 life for each green"
"Pistus Strike",4,4,partial,"Destroy target creature with flying. Its controller gets a poison counter."
"Sylvan Bounty",4,4,partial,"Target player gains 8 life. Basic landcycling {1}{G} ({1}{G}, Discard this card:"
"Verdant Crescendo",4,4,partial,"Search your library for a basic land card and put it onto the battlefield tapped"
"Bookwurm",4,4,partial,"Trample When this creature enters, you gain 3 life and draw a card. {2}{G}: Put "
"Detention Sphere",4,4,partial,"When this enchantment enters, you may exile target nonland permanent not named D"
"Kudo, King Among Bears",4,4,partial,"Other creatures have base power and toughness 2/2 and are Bears in addition to t"
"High Noon",4,4,partial,"Each player can't cast more than one spell each turn. {4}{R}, Sacrifice this enc"
"Calamity's Wake",4,4,partial,"Exile all graveyards. Players can't cast noncreature spells this turn. Exile Cal"
"Amulet of Safekeeping",4,4,partial,"Whenever you become the target of a spell or ability an opponent controls, count"
"Return Triumphant",4,4,partial,"Return target creature card with mana value 3 or less from your graveyard to the"
"Icingdeath, Frost Tyrant",4,4,partial,"Flying, vigilance When Icingdeath, Frost Tyrant dies, create Icingdeath, Frost T"
"Illness in the Ranks",4,4,partial,"Creature tokens get -1/-1."
"Fathom Fleet Swordjack",4,4,partial,"Whenever this creature attacks, it deals damage to the player or planeswalker it"
"Coveted Falcon",4,4,partial,"Flying Whenever this creature attacks, gain control of target permanent you own "
"Medomai's Prophecy",4,4,partial,"(As this Saga enters and after your draw step, add a lore counter. Sacrifice aft"
"Grafted Skullcap",4,4,partial,"At the beginning of your draw step, draw an additional card. At the beginning of"
"Transcendence",4,4,partial,"You don't lose the game for having 0 or less life. When you have 20 or more life"
"Fifty Feet of Rope",4,4,partial,"Climb Over — {T}: Target Wall can't block this turn. Tie Up — {3}, {T}: Target c"
"Romana II",4,4,partial,"Vigilance {1}, {T}: Create a tapped token that's a copy of target token that ent"
"Yotia Declares War",4,4,partial,"Read ahead (Choose a chapter and start with that many lore counters. Add one aft"
"Sonorous Howlbonder",4,4,partial,"Menace Each creature you control with menace can't be blocked except by three or"
"This Is How It Ends",4,4,partial,"Target creature's owner shuffles it into their library, then faces a villainous "
"Jo Grant",4,4,partial,"Each historic card in your hand has cycling {2}{W}. ({2}{W}, Discard that card: "
"Blitz of the Thunder-Raptor",4,4,partial,"Blitz of the Thunder-Raptor deals damage to target creature or planeswalker equa"
"Descendant of Storms",4,4,partial,"Whenever this creature attacks, you may pay {1}{W}. If you do, it endures 1. (Pu"
"Murdock's Crusade",4,4,partial,"Teamwork 4 (As an additional cost to cast this spell, you may tap any number of "
"Dreadful Apathy",4,4,partial,"Enchant creature Enchanted creature can't attack or block. {2}{W}: Exile enchant"
"Blood Age Muster",4,4,partial,"Whenever one or more cards leave your graveyard, conjure a random card from Bloo"
"Suspend Aggression",4,4,partial,"Exile target nonland permanent and the top card of your library. For each of tho"
"A-Rowan, Scholar of Sparks // A-Will, Scholar of Frost",4,4,partial,"Instant and sorcery spells you cast cost {1} less to cast. +1: Rowan, Scholar of"
"Porcine Portent // Lend a Ham",4,4,partial,"When Porcine Portent enters, conjure a card of your choice from the Three Pigs s"
"Plague Nurse",4,4,partial,"Toxic 2 {2}{G}: Each other creature you control with toxic gains toxic 1 until e"
"Viral Spawning",4,4,partial,"Create a 3/3 green Phyrexian Beast creature token with toxic 1. (Players dealt c"
"A-Fall of the Impostor",4,4,partial,"(As this Saga enters and after your draw step, add a lore counter. Sacrifice aft"
"Leaf-Leap Guide",4,4,partial,"Vigilance Whenever another creature you control enters, Leaf-Leap Guide and that"
"Paths of Tuinvale",4,4,partial,"Choose one or both — • Return target creature you control to its owner's hand. T"
"Set Adrift",4,4,partial,"Delve (Each card you exile from your graveyard while casting this spell pays for"
"Grenzo, Crooked Jailer",4,4,partial,"When Grenzo enters and at the beginning of your upkeep, heist target opponent's "
"Kalain, Reclusive Painter",4,4,partial,"When Kalain enters, create a Treasure token. (It's an artifact with ""{T}, Sacrif"
"Accident-Prone Apprentice // Amphibian Accident",4,4,partial,"Whenever you cast a noncreature spell, Accident-Prone Apprentice perpetually get"
"Shellfish Scholar",4,4,partial,"Whenever Shellfish Scholar or another Rat you control enters, conjure a card nam"
"Jessie Zane, Fangbringer",4,4,partial,"Deathtouch When Jessie Zane enters and whenever you cast a Snake spell, conjure "
"Flood the Engine",4,4,partial,"Enchant creature or Vehicle When this Aura enters, tap enchanted permanent. Ench"
"Legion's End",4,4,partial,"Exile target creature an opponent controls with mana value 2 or less and all oth"
"The End",4,4,partial,"This spell costs {2} less to cast if your life total is 5 or less. Exile target "
"Plunderer's Prize",4,4,partial,"Seek a nonland artifact card with mana value X or less and put it onto the battl"
"Tawnos Endures",4,4,partial,"Exile target creature. It gains ""At the beginning of your upkeep, if this card i"
"Angel of Eternal Dawn",4,4,partial,"Flying When this creature enters, it becomes day. It can't become night. Your op"
"Plow Through",4,4,partial,"Choose one — • Target creature you control fights target creature an opponent co"
"Wingbane Vantasaur",4,4,partial,"Reach When Wingbane Vantasaur enters, choose one — • Conjure a card named Savage"
"Emperor Apatzec Intli IV",4,4,partial,"Whenever another creature enters under your control, that creature perpetually g"
"In Bolas's Clutches",4,4,partial,"Enchant permanent You control enchanted permanent. Enchanted permanent is legend"
"A-Urza's Command",4,4,partial,"Choose two — • Creatures you don't control get -3/-0 until end of turn. • Create"
"Rip, Spawn Hunter",4,4,partial,"Survival — At the beginning of your second main phase, if Rip is tapped, reveal "
"White Dragon",4,4,partial,"Flying Cold Breath — When this creature enters, tap target creature an opponent "
"Sarkhan, Wanderer to Shiv",4,4,partial,"+1: Dragon cards in your hand perpetually gain ""This spell costs {1} less to cas"
"Vv'viza, Orbital Overseer",4,4,partial,"Flying, Vigilance When Vv'viza enters, conjure a card of your choice from the Pl"
"Spreading Seas",4,4,partial,"Enchant land When this Aura enters, draw a card. Enchanted land is an Island."
"Bind the Monster",4,4,partial,"Enchant creature When this Aura enters, tap enchanted creature. It deals damage "
"Shattering Finale",4,4,partial,"Casualty 1 (As you cast this spell, you may sacrifice a creature with power 1 or"
"Argivian Welcome",4,4,partial,"Destroy up to one target creature with power 4 or greater. Choose a nonland card"
"Over the Edge",4,4,partial,"Choose one — • Destroy target artifact or enchantment. • Target creature you con"
"Tasteful Offering",4,4,partial,"You get a two-time boon with ""Whenever you sacrifice one or more permanents, see"
"Solitary Study // Endless Corridor",4,4,partial,"Creatures you control get +1/+0. // When you unlock this door, conjure a duplica"
"Silkwrap",4,4,partial,"When this enchantment enters, exile target creature with mana value 3 or less an"
"Albiorix, Goose Tyrant // Wild Goose Chase",4,4,partial,"Flying, Trample, Ward {1} Whenever you sacrifice a token, Albiorix perpetually g"
"Tempest Trapper",4,4,partial,"{T}: Add two mana in any combination of colors. Spend this mana only to cast ins"
"Pit Automaton",4,4,partial,"Defender {T}: Add {C}{C}. Spend this mana only to activate abilities. {2}, {T}: "
"Lonely End",4,4,partial,"Choose one — • Target creature get -3/-3 until end of turn. • Remove three loyal"
"Grub, Storied Matriarch // Grub, Notorious Auntie",4,4,partial,"Menace Whenever this creature enters or transforms into Grub, Storied Matriarch,"
"Ambling Stormshell",4,4,partial,"Ward {2} Whenever this creature attacks, put three stun counters on it and draw "
"Flame-Blessed Bolt",4,4,partial,"Flame-Blessed Bolt deals 2 damage to target creature or planeswalker. If that cr"
"Candletrap",4,4,partial,"Enchant creature Enchanted creature has defender. Prevent all combat damage that"
"A-Triumphant Adventurer",4,4,partial,"Deathtouch As long as it's your turn, Triumphant Adventurer has first strike. Wh"
"Rasaad, Monk of Selûne",4,4,partial,"Specialize {5} When Rasaad, Monk of Selûne enters, exile target creature an oppo"
"A-Alrund, God of the Cosmos // A-Hakka, Whispering Raven",4,4,partial,"Alrund gets +1/+1 for each card in your hand and each foretold card you own in e"
"Arvad, Weatherlight Smuggler",4,4,partial,"Deathtouch, lifelink At the beginning of your end step, if a creature died this "
"Ether",4,4,partial,"{T}, Exile this artifact: Add {U}. When you next cast an instant or sorcery spel"
"A-Harald, King of Skemfar",4,4,partial,"Menace (This creature can't be blocked except by two or more creatures.) When Ha"
"Davriel, Rogue Shadowmage",4,4,partial,"At the beginning of each opponent's upkeep, if that player has one or fewer card"
"Confiscate",3,3,partial,"Enchant permanent You control enchanted permanent."
"Biogenic Upgrade",3,3,partial,"Distribute three +1/+1 counters among one, two, or three target creatures, then "
"Oko, Lorwyn Liege // Oko, Shadowmoor Scion",3,3,partial,"At the beginning of your first main phase, you may pay {G}. If you do, transform"
"Niv-Mizzet Reborn",3,3,partial,"Flying When Niv-Mizzet enters, reveal the top ten cards of your library. For eac"
"Ojutai, Soul of Winter",3,3,partial,"Flying, vigilance Whenever a Dragon you control attacks, tap target nonland perm"
"Duskborne Skymarcher",3,3,partial,"Flying {W}, {T}: Target attacking Vampire gets +1/+1 until end of turn."
"Olivia's Bloodsworn",3,3,partial,"Flying This creature can't block. {R}: Target Vampire gains haste until end of t"
"Olivia's Attendants",3,3,partial,"Menace Whenever this creature deals damage, create that many Blood tokens. (They"
"Voldaren Stinger",3,3,partial,"This creature has first strike as long as it's attacking. {2}{R}: This creature "
"Diviner's Portent",3,2,partial,"Roll a d20 and add the number of cards in your hand. 1—14 | Draw X cards. 15+ | "
"Bonus Round",3,3,partial,"Until end of turn, whenever a player casts an instant or sorcery spell, that pla"
"Savor the Moment",3,3,partial,"Take an extra turn after this one. Skip the untap step of that turn."
"Divergent Transformations",3,3,partial,"Undaunted (This spell costs {1} less to cast for each opponent.) Exile two targe"
"Lukka, Coppercoat Outcast",3,3,partial,"+1: Exile the top three cards of your library. Creature cards exiled this way ga"
"Transmogrify",3,3,partial,"Exile target creature. That creature's controller reveals cards from the top of "
"Winged Hive Tyrant",3,3,partial,"Flying, haste The Will of the Hive Mind — Other creatures you control with count"
"Krenko's Buzzcrusher",3,3,partial,"Flying, trample When this creature enters, for each player, destroy up to one no"
"Tuktuk the Explorer",3,3,partial,"Haste When Tuktuk the Explorer dies, create Tuktuk the Returned, a legendary 5/5"
"Skirk Fire Marshal",3,3,partial,"Protection from red Tap five untapped Goblins you control: This creature deals 1"
"Last-Ditch Effort",3,3,partial,"Sacrifice any number of creatures. Last-Ditch Effort deals that much damage to a"
"Enchanter's Bane",3,3,partial,"At the beginning of your end step, target enchantment deals damage equal to its "
"Decree of Annihilation",3,3,partial,"Exile all artifacts, creatures, and lands from the battlefield, all cards from a"
"Isildur's Fateful Strike",3,3,partial,"(You may cast a legendary instant only if you control a legendary creature or pl"
"Nazgûl Battle-Mace",3,3,partial,"Equipped creature has menace, deathtouch, annihilator 1, and ""Whenever an oppone"
"Breaking of the Fellowship",3,3,partial,"Target creature an opponent controls deals damage equal to its power to another "
"Shelob, Dread Weaver",3,3,partial,"Whenever a nontoken creature an opponent controls dies, exile it. {2}{B}, Put a "
"Subjugate the Hobbits",3,3,partial,"Gain control of each noncommander creature with mana value 3 or less."
"Undead Alchemist",3,3,partial,"If a Zombie you control would deal combat damage to a player, instead that playe"
"The Wise Mothman",3,3,partial,"Flying Whenever The Wise Mothman enters or attacks, each player gets a rad count"
"Scourge of Nel Toth",3,3,partial,"Flying You may cast this creature from your graveyard by paying {B}{B} and sacri"
"Cabal Therapy",3,3,partial,"Choose a nonland card name. Target player reveals their hand and discards all ca"
"Chancellor of the Annex",3,3,partial,"You may reveal this card from your opening hand. If you do, when each opponent c"
"Recoup",3,3,partial,"Target sorcery card in your graveyard gains flashback until end of turn. The fla"
"Eye of the Storm",3,3,partial,"Whenever a player casts an instant or sorcery card, exile it. Then that player c"
"Storm, Windrider",3,3,partial,"Flying Creatures with flying can't attack you or block creatures you control. Wh"
"Savage Summoning",3,3,partial,"This spell can't be countered. The next creature spell you cast this turn can be"
"Balan, Wandering Knight",3,3,partial,"First strike Balan has double strike as long as two or more Equipment are attach"
"Dragonwing Glider",3,3,partial,"For Mirrodin! (When this Equipment enters, create a 2/2 red Rebel creature token"
"Inventory Management",3,3,partial,"Split second (As long as this spell is on the stack, players can't cast spells o"
"Soaring Sandwing",3,3,partial,"Flying When this creature enters, you gain 3 life. Plainscycling {2} ({2}, Disca"
"Soul Foundry",3,3,partial,"Imprint — When this artifact enters, you may exile a creature card from your han"
"Carth the Lion",3,3,partial,"Whenever Carth enters or a planeswalker you control dies, look at the top seven "
"Dovin Baan",3,3,partial,"+1: Until your next turn, up to one target creature gets -3/-0 and its activated"
"Sorin, Grim Nemesis",3,3,partial,"+1: Reveal the top card of your library and put that card into your hand. Each o"
"Cone of Cold",3,3,partial,"Roll a d20. 1—9 | Tap all creatures your opponents control. 10—19 | Tap all crea"
"Natural Affinity",3,3,partial,"All lands become 2/2 creatures until end of turn. They're still lands."
"Ixhel, Scion of Atraxa",3,3,partial,"Flying, vigilance, toxic 2 Corrupted — At the beginning of your end step, each o"
"Grave Sifter",3,3,partial,"When this creature enters, each player chooses a creature type and returns any n"
"Signal the Clans",3,3,partial,"Search your library for three creature cards and reveal them. If you reveal thre"
"Firja's Retribution",3,3,partial,"(As this Saga enters and after your draw step, add a lore counter. Sacrifice aft"
"Dread Cacodemon",3,3,partial,"When this creature enters, if you cast it from your hand, destroy all creatures "
"Mana-Charged Dragon",3,3,partial,"Flying, trample Join forces — Whenever this creature attacks or blocks, each pla"
"Reiver Demon",3,3,partial,"Flying When this creature enters, if you cast it from your hand, destroy all non"
"Adarkar Valkyrie",3,3,partial,"Flying, vigilance {T}: When target creature other than this creature dies this t"
"Resolute Archangel",3,3,partial,"Flying When this creature enters, if your life total is less than your starting "
"Rabaroo Troop",3,3,partial,"Landfall — Whenever a land you control enters, this creature gains flying until "
"Alchemist's Vial",3,3,partial,"When this artifact enters, draw a card. {1}, {T}, Sacrifice this artifact: Targe"
"Forcefield",3,3,partial,"{1}: The next time an unblocked creature of your choice would deal combat damage"
"Blanket of Night",3,3,partial,"Each land is a Swamp in addition to its other land types."
"Revival // Revenge",3,3,partial,"Return target creature card with mana value 3 or less from your graveyard to the"
"Young Deathclaws",3,3,partial,"Menace (This creature can't be blocked except by two or more creatures.) Each cr"
"Abolish",3,3,partial,"You may discard a Plains card rather than pay this spell's mana cost. Destroy ta"
"Ashling the Pilgrim",3,3,partial,"{1}{R}: Put a +1/+1 counter on Ashling. If this is the third time this ability h"
"Blood Spatter Analysis",3,3,partial,"When this enchantment enters, it deals 3 damage to target creature an opponent c"
"Wheel of Potential",3,3,partial,"You get {E}{E}{E} (three energy counters), then you may pay any amount of {E}. E"
"Khorvath's Fury",3,3,partial,"For each player, choose friend or foe. Each friend discards all cards from their"
"Weftwalking",3,3,partial,"When this enchantment enters, if you cast it, shuffle your hand and graveyard in"
"Izoni, Center of the Web",3,3,partial,"Menace Whenever Izoni enters or attacks, you may collect evidence 4. If you do, "
"Nullmage Advocate",3,3,partial,"{T}: Return two target cards from an opponent's graveyard to their hand. Destroy"
"The Serpent Society",3,3,partial,"Deathtouch Ward—Get five poison counters. (A player with ten or more poison coun"
"Diregraf Horde",3,3,partial,"When this creature enters, create two 2/2 black Zombie creature tokens with deca"
"Gnarlroot Trapper",3,3,partial,"{T}, Pay 1 life: Add {G}. Spend this mana only to cast an Elf creature spell. {T"
"Grafted Wargear",3,3,partial,"Equipped creature gets +3/+2. Whenever this Equipment becomes unattached from a "
"Serpent's Soul-Jar",3,3,partial,"Whenever an Elf you control dies, exile it. {T}, Pay 2 life: Until end of turn, "
"Dominate",3,3,partial,"Gain control of target creature with mana value X or less."
"Capricopian",3,3,partial,"This creature enters with X +1/+1 counters on it. {2}: Put a +1/+1 counter on th"
"Dream Halls",3,3,partial,"Rather than pay the mana cost for a spell, its controller may discard a card tha"
"Price of Knowledge",3,3,partial,"Players have no maximum hand size. At the beginning of each opponent's upkeep, t"
"Urza's Guilt",3,3,partial,"Each player draws two cards, then discards three cards, then loses 4 life."
"Rowan's Talent",3,3,partial,"Enchant planeswalker Enchanted planeswalker has ""[+1]: Up to one target creature"
"Corrosive Mentor",3,3,partial,"Black creatures you control have wither. (They deal damage to creatures in the f"
"Settle Beyond Reality",3,3,partial,"Choose one or both — • Exile target creature you don't control. • Exile target c"
"Ria Ivor, Bane of Bladehold",3,3,partial,"Battle cry (Whenever this creature attacks, each other attacking creature gets +"
"Chorale of the Void",3,3,partial,"Enchant creature you control Whenever enchanted creature attacks, put target cre"
"Optimus Prime, Hero // Optimus Prime, Autobot Leader",3,3,partial,"More Than Meets the Eye {2}{U}{R}{W} (You may cast this card converted for {2}{U"
"Rocco, Street Chef",3,3,partial,"At the beginning of your end step, each player exiles the top card of their libr"
"Loki Laufeyson",3,3,partial,"{1}, {T}: When you next cast an instant or sorcery spell with mana value less th"
"The Kingpin of Crime",3,3,partial,"Extort (Whenever you cast a spell, you may pay {W/B}. If you do, each opponent l"
"The Spot, Living Portal",3,3,partial,"When The Spot enters, exile up to one target nonland permanent and up to one tar"
"Parallel Thoughts",3,3,partial,"When this enchantment enters, search your library for seven cards, exile them in"
"The Ninth Doctor",3,3,partial,"Haste Into the TARDIS — Whenever The Ninth Doctor becomes untapped during your u"
"The Seventh Doctor",3,3,partial,"Whenever The Seventh Doctor attacks, choose a card in your hand. Defending playe"
"The Tenth Doctor",3,3,partial,"Allons-y! — Whenever you attack, exile cards from the top of your library until "
"The Third Doctor",3,3,partial,"Trample The Third Doctor gets +1/+1 for each noncreature token you control. When"
"Accursed Witch // Infectious Curse",3,3,partial,"Spells your opponents cast that target this creature cost {1} less to cast. When"
"Curse of Conformity",3,3,partial,"Enchant player Nonlegendary creatures enchanted player controls have base power "
"Curse of Shaken Faith",3,3,partial,"Enchant player Whenever enchanted player casts a spell other than the first spel"
"Leyline of Singularity",3,3,partial,"If this card is in your opening hand, you may begin the game with it on the batt"
"Serene Remembrance",3,3,partial,"Shuffle Serene Remembrance and up to three target cards from a single graveyard "
"Thranduil, the Elvenking",3,3,partial,"Thranduil has all activated abilities of all Elf cards in your graveyard. Whenev"
"Dream Seizer",3,3,partial,"Flying When this creature enters, you may blight 1. If you do, each opponent dis"
"Vinebred Brawler",3,3,partial,"This creature must be blocked if able. Whenever this creature attacks, another t"
"Lantern of Insight",3,3,partial,"Players play with the top card of their libraries revealed. {T}, Sacrifice this "
"Archmage's Newt",3,3,partial,"Whenever this creature deals combat damage to a player, target instant or sorcer"
"Epic Experiment",3,3,partial,"Exile the top X cards of your library. You may cast instant and sorcery spells w"
"Eyes Everywhere",3,3,partial,"At the beginning of your upkeep, scry 1. {5}{U}: Exchange control of this enchan"
"Agent's Toolkit",3,3,partial,"This artifact enters with a +1/+1 counter, a flying counter, a deathtouch counte"
"Avenging Huntbonder",3,3,partial,"Double strike Whenever this creature attacks, put a double strike counter on ano"
"Pir, Imaginative Rascal",3,3,partial,"Partner with Toothy, Imaginary Friend (When this creature enters, target player "
"Electric Seaweed",3,3,partial,"Defender, haste When this creature enters, until end of turn, whenever another c"
"Academic Dispute",3,3,partial,"Target creature blocks this turn if able. You may have it gain reach until end o"
"Break Ties",3,3,partial,"Choose one — • Destroy target artifact. • Destroy target enchantment. • Exile ta"
"Cut Propulsion",3,3,partial,"Target creature deals damage to itself equal to its power. If that creature has "
"Nikya of the Old Ways",3,3,partial,"You can't cast noncreature spells. Whenever you tap a land for mana, add one man"
"Kynaios and Tiro of Meletis",3,3,partial,"At the beginning of your end step, draw a card. Each player may put a land card "
"Archmage Ascension",3,3,partial,"At the beginning of each end step, if you drew two or more cards this turn, you "
"Noble Benefactor",3,3,partial,"When this creature dies, each player may search their library for a card and put"
"Serene Master",3,3,partial,"Whenever this creature blocks, exchange its power and the power of target creatu"
"Magebane Lizard",3,3,partial,"Whenever a player casts a noncreature spell, this creature deals damage to that "
"The Creation of Avacyn",3,3,partial,"(As this Saga enters and after your draw step, add a lore counter. Sacrifice aft"
"Mana Web",3,3,partial,"Whenever a land an opponent controls is tapped for mana, tap all lands that play"
"Rags // Riches",3,3,partial,"All creatures get -2/-2 until end of turn. // Aftermath (Cast this spell only fr"
"Primal Surge",3,3,partial,"Exile the top card of your library. If it's a permanent card, you may put it ont"
"Leyline of Punishment",3,3,partial,"If this card is in your opening hand, you may begin the game with it on the batt"
"Peerless Samurai",3,3,partial,"Menace (This creature can't be blocked except by two or more creatures.) Wheneve"
"Hand of Emrakul",3,3,partial,"You may sacrifice four Eldrazi Spawn rather than pay this spell's mana cost. Ann"
"Haunted Screen",3,3,partial,"{T}: Add {W} or {B}. {T}, Pay 1 life: Add {G}, {U}, or {R}. {7}: Put seven +1/+1"
"Coin of Fate",3,3,partial,"When this artifact enters, surveil 1. {3}{W}, {T}, Exile two creature cards from"
"Sage of Fables",3,3,partial,"Each other Wizard creature you control enters with an additional +1/+1 counter o"
"Fall of the Hammer",3,3,partial,"Target creature you control deals damage equal to its power to another target cr"
"Quick Draw",3,3,partial,"Target creature you control gets +1/+1 and gains first strike until end of turn."
"Loxodon Gatekeeper",3,3,partial,"Artifacts, creatures, and lands your opponents control enter tapped."
"Boros Keyrune",3,3,partial,"{T}: Add {R} or {W}. {R}{W}: This artifact becomes a 1/1 red and white Soldier a"
"Wild Ricochet",3,3,partial,"You may choose new targets for target instant or sorcery spell. Then copy that s"
"Reverse the Sands",3,3,partial,"Redistribute any number of players' life totals. (Each of those players gets one"
"Lady Loki, Agent of Chaos",3,3,partial,"Whenever you cast your first instant, sorcery, or Villain spell each turn, exile"
"Highcliff Felidar",3,3,partial,"Vigilance When this creature enters, for each opponent, choose a creature with t"
"Helmut Zemo, Mastermind",3,3,partial,"Whenever Helmut Zemo attacks, you may cast target instant or sorcery card with m"
"Titania, Proud Pummeler",3,3,partial,"First strike Melee (Whenever this creature attacks, it gets +1/+1 until end of t"
"Archfiend of Spite",3,3,partial,"Flying Whenever a source an opponent controls deals damage to this creature, tha"
"Draconic Roar",3,3,partial,"As an additional cost to cast this spell, you may reveal a Dragon card from your"
"Genku, Future Shaper",3,3,partial,"Whenever another nontoken permanent you control leaves the battlefield, choose o"
"Obosh, the Preypiercer",3,3,partial,"Companion — Your starting deck contains only cards with odd mana values and land"
"Winota, Joiner of Forces",3,3,partial,"Whenever a non-Human creature you control attacks, look at the top six cards of "
"Dovin, Hand of Control",3,3,partial,"Artifact, instant, and sorcery spells your opponents cast cost {1} more to cast."
"Rockslide Sorcerer",3,3,partial,"Whenever you cast an instant, sorcery, or Wizard spell, this creature deals 1 da"
"Garland, Knight of Cornelia // Chaos, the Endless",3,3,partial,"Whenever you cast a noncreature spell, surveil 1. (Look at the top card of your "
"Kasmina, Enigma Sage",3,3,partial,"Each other planeswalker you control has the loyalty abilities of Kasmina. +2: Sc"
"Kellan, Daring Traveler // Journey On",3,3,partial,"Whenever Kellan attacks, reveal the top card of your library. If it's a creature"
"Earth Kingdom Jailer",3,3,partial,"When this creature enters, exile up to one target artifact, creature, or enchant"
"Guru Pathik",3,3,partial,"When Guru Pathik enters, look at the top five cards of your library. You may rev"
"General Tazri",3,3,partial,"When General Tazri enters, you may search your library for an Ally creature card"
"Trusty Boomerang",3,3,partial,"Equipped creature has ""{1}, {T}: Tap target creature. Return Trusty Boomerang to"
"Ruthless Waterbender",3,3,partial,"Waterbend {2}: This creature gets +1/+1 until end of turn. Activate only during "
"Dose of Dawnglow",3,3,partial,"Return target creature card from your graveyard to the battlefield. Then if it i"
"Lead the Stampede",3,3,partial,"Look at the top five cards of your library. You may reveal any number of creatur"
"Mistbreath Elder",3,3,partial,"At the beginning of your upkeep, return another creature you control to its owne"
"Tatsunari, Toad Rider",3,3,partial,"Whenever you cast an enchantment spell, if you don't control a creature named Ke"
"Throne of the Grim Captain // The Grim Captain",3,3,partial,"{T}: Mill two cards. Craft with a Dinosaur, a Merfolk, a Pirate, and a Vampire {"
"Fear",3,3,partial,"Enchant creature (Target a creature as you cast this. This card enters attached "
"Nature's Revolt",3,3,partial,"All lands are 2/2 creatures that are still lands."
"Protector of the Crown",3,3,partial,"When this creature enters, you become the monarch. All damage that would be deal"
"Curse of Vitality",3,3,partial,"Enchant player Whenever enchanted player is attacked, you gain 2 life. Each oppo"
"Demonic Pact",3,3,partial,"At the beginning of your upkeep, choose one that hasn't been chosen — • This enc"
"Glorious End",3,3,partial,"End the turn. (Exile all spells and abilities from the stack, including this car"
"Havoc Festival",3,3,partial,"Players can't gain life. At the beginning of each player's upkeep, that player l"
"Scheming Fence",3,3,partial,"As this creature enters, you may choose a nonland permanent. Activated abilities"
"Leadership Vacuum",3,3,partial,"Target player returns each commander they control from the battlefield to the co"
"Space-Time Anomaly",3,3,partial,"Target player mills cards equal to your life total."
"Selenia, the Cursed Heart",3,3,partial,"Flying, lifelink If you would gain life, you gain twice that much life instead. "
"Varina, Lich Queen",3,3,partial,"Whenever you attack with one or more Zombies, draw that many cards, then discard"
"Chronomantic Escape",3,3,partial,"Until your next turn, creatures can't attack you. Exile Chronomantic Escape with"
"Land Grant",3,3,partial,"If you have no land cards in hand, you may reveal your hand rather than pay this"
"Colonel Autumn",3,3,partial,"Lifelink Exploit (When this creature enters, you may sacrifice a creature.) Othe"
"Mr. House, President and CEO",3,3,partial,"Whenever you roll a 4 or higher, create a 3/3 colorless Robot artifact creature "
"Ruthless Radrat",3,3,partial,"Squad—Exile four cards from your graveyard. (As an additional cost to cast this "
"Vault 11: Voter's Dilemma",3,3,partial,"(As this Saga enters and after your draw step, add a lore counter. Sacrifice aft"
"Company Commander",3,3,partial,"Command Section — When this creature enters, create a number of 1/1 white Soldie"
"MJ, Rising Star",3,3,partial,"Vigilance (Attacking doesn't cause this creature to tap.) Whenever you gain life"
"Uncivil Unrest",3,3,partial,"Nontoken creatures you control have riot. (They enter with your choice of a +1/+"
"Jolene, the Plunder Queen",3,3,partial,"Whenever a player attacks one or more of your opponents, that attacking player c"
"The Binding of the Titans",3,3,partial,"(As this Saga enters and after your draw step, add a lore counter. Sacrifice aft"
"Keranos, God of Storms",3,3,partial,"Indestructible As long as your devotion to blue and red is less than seven, Kera"
"Shielding Plax",3,3,partial,"({G/U} can be paid with either {G} or {U}.) Enchant creature When this Aura ente"
"Taii Wakeen, Perfect Shot",3,3,partial,"Whenever a source you control deals noncombat damage to a creature equal to that"
"Alter Reality",3,3,partial,"Change the text of target spell or permanent by replacing all instances of one c"
"Glamerdye",3,3,partial,"Change the text of target spell or permanent by replacing all instances of one c"
"Sleight of Mind",3,3,partial,"Change the text of target spell or permanent by replacing all instances of one c"
"Sorcerer Class",3,3,partial,"(Gain the next level as a sorcery to add its ability.) When this Class enters, d"
"Bard's Company",3,3,partial,"You may cast this spell as though it had flash if you control a Human. Other cre"
"Call for Aid",3,3,partial,"Gain control of all creatures target opponent controls until end of turn. Untap "
"Lake-town Lookout",3,3,partial,"When this creature dies, recruit. (Draw a card, then discard a card. If you disc"
"Complaints Clerk",3,3,partial,"When this creature enters, open an Attraction. (Put the top card of your Attract"
"Rad Rascal",3,3,partial,"When this creature enters, open an Attraction. (Put the top card of your Attract"
"Soul Swindler",3,3,partial,"As long as you've visited an Attraction this turn, this creature has indestructi"
"Clowning Around",3,3,partial,"Create two 1/1 white Clown Robot artifact creature tokens, then roll a six-sided"
"Monoxa, Midway Manager",3,3,partial,"Whenever you roll a 3 or higher, Monoxa gains first strike until end of turn. If"
"Shadow the Hedgehog",3,3,partial,"Haste Whenever Shadow the Hedgehog or another creature you control with flash or"
"Slight Malfunction",3,3,partial,"Choose one — • Destroy target artifact. • Roll a six-sided die. When you do, Sli"
"Gollum, Scheming Guide",3,3,partial,"Whenever Gollum attacks, look at the top two cards of your library, put them bac"
"Forging the Anchor",3,3,partial,"Look at the top five cards of your library. You may reveal any number of artifac"
"Gideon, Martial Paragon",3,3,partial,"+2: Untap all creatures you control. Those creatures get +1/+1 until end of turn"
"Bond of Agony",3,3,partial,"As an additional cost to cast this spell, pay X life. Each other player loses X "
"Anje's Ravager",3,3,partial,"This creature attacks each combat if able. Whenever this creature attacks, disca"
"Zenos yae Galvus // Shinryu, Transcendent Rival",3,3,partial,"My First Friend — When Zenos yae Galvus enters, choose a creature an opponent co"
"Vizier of Remedies",3,3,partial,"If one or more -1/-1 counters would be put on a creature you control, that many "
"Bark of Doran",3,3,partial,"Equipped creature gets +0/+1. As long as equipped creature's toughness is greate"
"Doran, the Siege Tower",3,3,partial,"Each creature assigns combat damage equal to its toughness rather than its power"
"Nethroi, Apex of Death",3,3,partial,"Mutate {4}{G/W}{B}{B} (If you cast this spell for its mutate cost, put it over o"
"Taunting Challenge",3,3,partial,"All creatures able to block target creature this turn do so."
"Eliminate the Competition",3,3,partial,"As an additional cost to cast this spell, sacrifice X creatures. Destroy X targe"
"Zoanthrope",3,3,partial,"Ravenous (This creature enters with X +1/+1 counters on it. If X is 5 or more, d"
"Runadi, Behemoth Caller",3,3,partial,"Whenever you cast a creature spell with mana value 5 or greater, that creature e"
"Charging Tuskodon",3,3,partial,"Trample If this creature would deal combat damage to a player, it deals double t"
"Zameck Guildmage",3,3,partial,"{G}{U}: This turn, each creature you control enters with an additional +1/+1 cou"
"Escape Velocity",3,3,partial,"Enchant creature Enchanted creature gets +1/+0 and has haste. Escape—{1}{R}, Exi"
"Living Twister",3,3,partial,"{1}{R}, Discard a land card: This creature deals 2 damage to any target. {G}: Re"
"Plagon, Lord of the Beach",3,3,partial,"When Plagon enters, draw a card for each creature you control with toughness gre"
"Sister of Silence",3,3,partial,"Flash Psychic Abomination — When this creature enters, counter target instant sp"
"Hulk, Always Angry",3,3,partial,"Trample When Hulk enters, destroy all artifacts. Hulk attacks each combat if abl"
"Riveteers Confluence",3,3,partial,"Choose three. You may choose the same mode more than once. • You draw a card and"
"Vivien on the Hunt",3,3,partial,"+2: You may sacrifice a creature. If you do, search your library for a creature "
"Enduring Sliver",3,3,partial,"Outlast {2} ({2}, {T}: Put a +1/+1 counter on this creature. Outlast only as a s"
"Watcher Sliver",3,3,partial,"All Sliver creatures get +0/+2."
"Oath of Druids",3,3,partial,"At the beginning of each player's upkeep, that player chooses target player who "
"Rhet-Tomb Mystic",3,3,partial,"Flying Each creature card in your hand has cycling {1}{U}. ({1}{U}, Discard that"
"Magister Sphinx",3,3,partial,"Flying When this creature enters, target player's life total becomes 10."
"Sphinx Ambassador",3,3,partial,"Flying Whenever this creature deals combat damage to a player, search that playe"
"The Master of Keys",3,3,partial,"Flying When The Master of Keys enters, put X +1/+1 counters on it and mill twice"
"Searing Blood",3,3,partial,"Searing Blood deals 2 damage to target creature. When that creature dies this tu"
"Draconic Visitor",3,3,partial,"Flying If one or more artifact tokens would be created under your control, that "
"Helix Pinnacle",3,3,partial,"Shroud (This enchantment can't be the target of spells or abilities.) {X}: Put X"
"Vessel of Endless Rest",3,3,partial,"When this artifact enters, put target card from a graveyard on the bottom of its"
"Gatecreeper Vine",3,3,partial,"Defender When this creature enters, you may search your library for a basic land"
"Armed and Armored",3,3,partial,"Vehicles you control become artifact creatures until end of turn. Choose a Dwarf"
"Kotori, Pilot Prodigy",3,3,partial,"Vehicles you control have crew 2. At the beginning of combat on your turn, targe"
"Sanwell, Avenger Ace",3,3,partial,"As long as an artifact creature you control is attacking, prevent all damage tha"
"Helm of Obedience",3,3,partial,"{X}, {T}: Target opponent mills a card, then repeats this process until a creatu"
"Hushwing Gryff",3,3,partial,"Flash Flying Creatures entering don't cause abilities to trigger."
"Icy Manipulator",3,3,partial,"{1}, {T}: Tap target artifact, creature, or land."
"Kismet",3,3,partial,"Artifacts, creatures, and lands your opponents control enter tapped."
"Spectral Searchlight",3,3,partial,"{T}: Choose a player. That player adds one mana of any color they choose."
"Vesuvan Shapeshifter",3,3,partial,"As this creature enters or is turned face up, you may choose another creature on"
"Darksteel Splicer",3,3,partial,"Whenever this creature or another nontoken Phyrexian you control enters, create "
"Arcbound Reclaimer",3,3,partial,"Remove a +1/+1 counter from this creature: Put target artifact card from your gr"
"Hulk, Gamma Goliath",3,3,partial,"Reach, trample Power-up abilities of other creatures you control cost {3} less t"
"Parker Luck",3,3,partial,"At the beginning of your end step, two target players each reveal the top card o"
"Mortuary",3,3,partial,"Whenever a creature is put into your graveyard from the battlefield, put that ca"
"Covetous Elegy",3,3,partial,"Each player chooses up to two creatures they control, then sacrifices the rest. "
"Bound in Gold",3,3,partial,"Enchant permanent Enchanted permanent can't attack, block, or crew Vehicles, and"
"Goblin Assault",3,3,partial,"At the beginning of your upkeep, create a 1/1 red Goblin creature token with has"
"Kamber, the Plunderer",3,3,partial,"Partner with Laurine, the Diversion (When this creature enters, target player ma"
"Laurine, the Diversion",3,3,partial,"Partner with Kamber, the Plunderer (When this creature enters, target player may"
"We Ride at Dawn",3,3,partial,"Legendary creature spells you cast have convoke. (Your creatures can help cast t"
"Silver Surfer, Galactus's Herald",3,3,partial,"Flying When Silver Surfer enters, you may search your library for a card named G"
"Fell Gravship",3,3,partial,"When this Spacecraft enters, mill three cards, then return a creature or Spacecr"
"Rampaging Spiketail",3,3,partial,"When this creature enters, target creature you control gets +2/+0 and gains inde"
"Twisted Abomination",3,3,partial,"{B}: Regenerate this creature. (The next time this creature would be destroyed t"
"Valiant Changeling",3,3,partial,"This spell costs {1} less to cast for each creature type among creatures you con"
"Scholarship Sponsor",3,3,partial,"When this creature enters, each player who controls fewer lands than the player "
"Calamity Bearer",3,3,partial,"If a Giant source you control would deal damage to a permanent or player, it dea"
"Courageous Resolve",3,3,partial,"Up to one target creature you control gains protection from each of your opponen"
"Nighthaze",3,3,partial,"Target creature gains swampwalk until end of turn. (It can't be blocked as long "
"Alhammarret, High Arbiter",3,3,partial,"Flying As Alhammarret enters, each opponent reveals their hand. You choose the n"
"Loxodon Lifechanter",3,3,partial,"When this creature enters, you may have your life total become the total toughne"
"Mirkwood Channeler",3,3,partial,"At the beginning of combat on your turn, target Elf you control gains trample an"
"Sarkhan the Mad",3,3,partial,"0: Reveal the top card of your library and put it into your hand. Sarkhan deals "
"Bonder's Ornament",3,3,partial,"{T}: Add one mana of any color. {4}, {T}: Each player who controls a permanent n"
"Rise from the Grave",3,3,partial,"Put target creature card from a graveyard onto the battlefield under your contro"
"Teeka's Dragon",3,3,partial,"Flying; trample; rampage 4 (Whenever this creature becomes blocked, it gets +4/+"
"Atreus, Impulsive Son",3,3,partial,"Reach {3}, {T}: Draw a card for each experience counter you have, then discard a"
"Gaddock Teeg",3,3,partial,"Noncreature spells with mana value 4 or greater can't be cast. Noncreature spell"
"Selesnya Keyrune",3,3,partial,"{T}: Add {G} or {W}. {G}{W}: This artifact becomes a 3/3 green and white Wolf ar"
"Septic Rats",3,3,partial,"Infect (This creature deals damage to creatures in the form of -1/-1 counters an"
"Grafted Butcher",3,3,partial,"When this creature enters, Phyrexians you control gain menace until end of turn."
"Cephalid Constable",3,3,partial,"Whenever this creature deals combat damage to a player, return up to that many t"
"Dimir Cutpurse",3,3,partial,"Whenever this creature deals combat damage to a player, that player discards a c"
"Jailbreak",3,3,partial,"Return target permanent card in an opponent's graveyard to the battlefield under"
"Skyway Robber",3,3,partial,"Flying Escape—{3}{U}, Exile five other cards from your graveyard. (You may cast "
"Flensing Raptor",3,3,partial,"Flying Toxic 1 (Players dealt combat damage by this creature also get a poison c"
"Predators' Hour",3,3,partial,"Until end of turn, creatures you control gain menace and ""Whenever this creature"
"String of Disappearances",3,3,partial,"Return target creature to its owner's hand. Then that creature's controller may "
"Moonlace",3,3,partial,"Target spell or permanent becomes colorless."
"Goblin Flectomancer",3,3,partial,"Sacrifice this creature: You may change the targets of target instant or sorcery"
"Patron of the Moon",3,3,partial,"Moonfolk offering (You may cast this spell any time you could cast an instant by"
"Shield of Kaldra",3,3,partial,"Equipment named Sword of Kaldra, Shield of Kaldra, and Helm of Kaldra have indes"
"Neurok Stealthsuit",3,3,partial,"Equipped creature has shroud. (It can't be the target of spells or abilities.) {"
"Embodiment of Insight",3,3,partial,"Vigilance Land creatures you control have vigilance. Landfall — Whenever a land "
"Gutter Grime",3,3,partial,"Whenever a nontoken creature you control dies, put a slime counter on this encha"
"Master Chef",3,3,partial,"Commander creatures you own have ""This creature enters with an additional +1/+1 "
"Thelonite Hermit",3,3,partial,"All Saprolings get +1/+1. Morph {3}{G}{G} (You may cast this card face down as a"
"Gate to the Afterlife",3,3,partial,"Whenever a nontoken creature you control dies, you gain 1 life. Then you may dra"
"Boreas Charger",3,3,partial,"Flying When this creature leaves the battlefield, choose an opponent who control"
"Geistlight Snare",3,3,partial,"This spell costs {1} less to cast if you control a Spirit. It also costs {1} les"
"Great Unclean One",3,3,partial,"Reverberating Summons — At the beginning of your end step, each opponent loses 2"
"Plague Drone",3,3,partial,"Flying Rot Fly — If an opponent would gain life, that player loses that much lif"
"Bloated Processor",3,3,partial,"Sacrifice another Phyrexian: Put a +1/+1 counter on this creature. When this cre"
"Shrouded Lore",3,3,partial,"Target opponent chooses a card in your graveyard. You may pay {B}. If you do, re"
"Private Eye",3,3,partial,"Other Detectives you control get +1/+1. Whenever you draw your second card each "
"Sakashima's Will",3,3,partial,"Choose one. If you control a commander as you cast this spell, you may choose bo"
"Chance Encounter",3,3,partial,"Whenever you win a coin flip, put a luck counter on this enchantment. At the beg"
"Goblin Game",3,3,partial,"Each player hides at least one item, then all players reveal them simultaneously"
"Omen Machine",3,3,partial,"Players can't draw cards. At the beginning of each player's draw step, that play"
"Ancient Runes",3,3,partial,"At the beginning of each player's upkeep, this enchantment deals damage to that "
"Mob Verdict",3,3,partial,"Secret council — Each player secretly votes for another player, then those votes"
"Scythe of the Wretched",3,3,partial,"Equipped creature gets +2/+2. Whenever a creature dealt damage by equipped creat"
"Aether Snap",3,3,partial,"Remove all counters from all permanents and exile all tokens."
"Chains of Mephistopheles",3,3,partial,"If a player would draw a card except the first one they draw in each of their dr"
"Elbrus, the Binding Blade // Withengar Unbound",3,3,partial,"Equipped creature gets +1/+0. When equipped creature deals combat damage to a pl"
"Lethal Vapors",3,3,partial,"Whenever a creature enters, destroy it. {0}: Destroy this enchantment. You skip "
"Jiang Yanggu",3,3,partial,"+1: Target creature gets +2/+2 until end of turn. −1: If you don't control a cre"
"Tolsimir, Friend to Wolves",3,3,partial,"When Tolsimir enters, create Voja, Friend to Elves, a legendary 3/3 green and wh"
"Fateful Showdown",3,3,partial,"Fateful Showdown deals damage to any target equal to the number of cards in your"
"Rowan Kenrith",3,3,partial,"+2: During target player's next turn, each creature that player controls attacks"
"Fear of the Dark",3,3,partial,"Whenever this creature attacks, if defending player controls no Glimmer creature"
"Kamahl's Summons",3,3,partial,"Each player may reveal any number of creature cards from their hand. Then each p"
"Words of Wilding",3,3,partial,"{1}: The next time you would draw a card this turn, create a 2/2 green Bear crea"
"Circle of the Moon Druid",3,3,partial,"Bear Form — During your turn, this creature is a Bear with base power and toughn"
"Sparring Dummy",3,3,partial,"Defender {T}: Mill a card. You may put a land card milled this way into your han"
"Acquired Mutation",3,3,partial,"Enchant creature Enchanted creature gets +2/+2 and is goaded. (It attacks each c"
"Sontaran General",3,3,partial,"Trample, haste Battalion — Whenever this creature and at least two other creatur"
"Noosegraf Mob",3,3,partial,"This creature enters with five +1/+1 counters on it. Whenever a player casts a s"
"Urban Burgeoning",3,3,partial,"Enchant land Enchanted land has ""Untap this land during each other player's unta"
"Catapult Master",3,3,partial,"Tap five untapped Soldiers you control: Exile target creature."
"Ancestral Blade",3,3,partial,"When this Equipment enters, create a 1/1 white Soldier creature token, then atta"
"Esgaroth Garrison",3,3,partial,"Esgaroth Garrison's power is equal to the number of creatures you control. When "
"Sheltering Ancient",3,3,partial,"Trample Cumulative upkeep—Put a +1/+1 counter on a creature an opponent controls"
"Living Brain, Mechanical Marvel",3,3,partial,"At the beginning of combat on your turn, target non-Equipment artifact you contr"
"Mister Hyde, Monster Within",3,3,partial,"At the beginning of your upkeep, choose one — • Put a +1/+1 counter on Mister Hy"
"Unravel",3,3,partial,"Counter target spell. If the amount of mana spent to cast that spell was less th"
"Prototype Portal",3,3,partial,"Imprint — When this artifact enters, you may exile an artifact card from your ha"
"Arcum Dagsson",3,3,partial,"{T}: Target artifact creature's controller sacrifices it. That player may search"
"Getaway Barrel",3,3,partial,"When this artifact is put into a graveyard from the battlefield, reveal the top "
"Aurora Shifter",3,3,partial,"Whenever this creature deals combat damage to a player, you get that many {E}. A"
"Overclocked Electromancer",3,3,partial,"At the beginning of combat on your turn, you may pay {E}{E}{E}. If you do, put a"
"Adaptive Training Post",3,3,partial,"Whenever you cast an instant or sorcery spell, if this artifact has fewer than t"
"Null Group Biological Assets",3,3,partial,"During your turn, this creature has first strike. Whenever this creature attacks"
"Family's Favor",3,3,partial,"Whenever you attack, put a shield counter on target attacking creature. Until en"
"Mayor of Avabruck // Howlpack Alpha",3,3,partial,"Other Human creatures you control get +1/+1. At the beginning of each upkeep, if"
"Moonlight Hunt",3,3,partial,"Choose target creature you don't control. Each creature you control that's a Wol"
"Spined Sliver",3,3,partial,"Whenever a Sliver becomes blocked, that Sliver gets +1/+1 until end of turn for "
"Taunting Sliver",3,3,partial,"Sliver creatures you control have ""When this creature enters, goad target creatu"
"Rukarumel, Biologist",3,3,partial,"As Rukarumel enters, choose a creature type. Slivers you control and nontoken cr"
"Thorncaster Sliver",3,3,partial,"Sliver creatures you control have ""Whenever this creature attacks, it deals 1 da"
"Hunter Sliver",3,3,partial,"All Sliver creatures have provoke. (Whenever a Sliver attacks, its controller ma"
"Dormant Sliver",3,3,partial,"All Sliver creatures have defender. All Slivers have ""When this permanent enters"
"Invasion of New Phyrexia // Teferi Akosa of Zhalfir",3,3,partial,"(As a Siege enters, choose an opponent to protect it. You and others can attack "
"The Sea Devils",3,3,partial,"(As this Saga enters and after your draw step, add a lore counter. Sacrifice aft"
"Benevolent Blessing",3,3,partial,"Flash Enchant creature As this Aura enters, choose a color. Enchanted creature h"
"Wilt-Leaf Liege",3,3,partial,"({G/W} can be paid with either {G} or {W}.) Other green creatures you control ge"
"Trench Gorger",3,3,partial,"Trample When this creature enters, you may search your library for any number of"
"Tidal Terror",3,3,partial,"Whenever this creature attacks, you may tap two other untapped creatures you con"
"Insidious Will",3,3,partial,"Choose one — • Counter target spell. • You may choose new targets for target spe"
"Redshift, Rocketeer Chief",3,3,partial,"Vigilance {T}: Add X mana of any one color, where X is Redshift's power. Spend t"
"Jeska, Thrice Reborn",3,3,partial,"Jeska enters with a loyalty counter on her for each time you've cast a commander"
"Invasion of New Capenna // Holy Frazzle-Cannon",3,3,partial,"(As a Siege enters, choose an opponent to protect it. You and others can attack "
"Alpharael, Stonechosen",3,3,partial,"Ward—Discard a card at random. Void — Whenever Alpharael attacks, if a nonland p"
"Slaying Fire",3,3,partial,"Slaying Fire deals 3 damage to any target. Adamant — If at least three red mana "
"Chandra, Fire Artisan",3,3,partial,"Whenever one or more loyalty counters are removed from Chandra, she deals that m"
"Aboleth Spawn",3,3,partial,"Flash Ward {2} Probing Telepathy — Whenever a creature entering under an opponen"
"Gravitational Shift",3,3,partial,"Creatures with flying get +2/+0. Creatures without flying get -2/-0."
"Soulcatchers' Aerie",3,3,partial,"Whenever a Bird is put into your graveyard from the battlefield, put a feather c"
"Vanish into Memory",3,3,partial,"Exile target creature. You draw cards equal to that creature's power. At the beg"
"Dack Fayden, Helping Hand",3,3,partial,"When Dack Fayden enters, reveal cards from the top of your library until you rev"
"The Ur-Sphinx",3,3,partial,"Eminence — As long as The Ur-Sphinx is in the command zone or on the battlefield"
"Jace's Machinations",3,3,partial,"Until end of turn, you may activate loyalty abilities of Jace planeswalkers you "
"Jace, Reality Sculptor",3,3,partial,"+1: Empower Jace X, where X is the number of Islands you control. −3: Until your"
"Pieces of the Puzzle",3,3,partial,"Reveal the top five cards of your library. Put up to two instant and/or sorcery "
"The Elderspell",3,3,partial,"Destroy any number of target planeswalkers. Choose a planeswalker you control. P"
"Herald of Slaanesh",3,3,partial,"Locus of Slaanesh — Demon spells you cast cost {2} less to cast. Other Demons yo"
"Rakdos, the Showstopper",3,3,partial,"Flying, trample When Rakdos enters, flip a coin for each creature that isn't a D"
"Bontu's Last Reckoning",3,3,partial,"Destroy all creatures. Lands you control don't untap during your next untap step"
"Tatyova, Steward of Tides",3,3,partial,"Land creatures you control have flying. Whenever a land you control enters, if y"
"Aethergeode Miner",3,3,partial,"Whenever this creature attacks, you get {E}{E} (two energy counters). Pay {E}{E}"
"Gerrard's Hourglass Pendant",3,3,partial,"Flash If a player would begin an extra turn, that player skips that turn instead"
"Starscream, Power Hungry // Starscream, Seeker Leader",3,3,partial,"More Than Meets the Eye {2}{B} (You may cast this card converted for {2}{B}.) Fl"
"Test of Talents",3,3,partial,"Counter target instant or sorcery spell. Search its controller's graveyard, hand"
"Spiral into Solitude",3,3,partial,"Enchant creature Enchanted creature can't attack or block. {1}{W}, Blight 1, Sac"
"Radha's Firebrand",3,3,partial,"Whenever this creature attacks, target creature defending player controls with p"
"Deep Freeze",3,3,partial,"Enchant creature Enchanted creature has base power and toughness 0/4, has defend"
"Brilliance Unleashed",3,3,partial,"Choose one or both — • Brilliance Unleashed deals 5 damage to target creature. •"
"Kenku Artificer",3,3,partial,"Homunculus Servant — When this creature enters, put three +1/+1 counters on up t"
"Mightstone's Animation",3,3,partial,"Enchant artifact When this Aura enters, draw a card. Enchanted artifact is a cre"
"Sword of Dungeons & Dragons",3,3,partial,"Equipped creature gets +2/+2 and has protection from Rogues and from Clerics. Wh"
"Descent of the Dragons",3,3,partial,"Destroy any number of target creatures. For each creature destroyed this way, it"
"Hate Mirage",3,3,partial,"Choose up to two target creatures you don't control. For each of those creatures"
"Taster of Wares",3,3,partial,"When this creature enters, target opponent reveals X cards from their hand, wher"
"Chaos Spewer",3,3,partial,"When this creature enters, you may pay {2}. If you don't, blight 2. (To blight 2"
"Sting-Slinger",3,3,partial,"{1}{R}, {T}, Blight 1: This creature deals 2 damage to each opponent. (To blight"
"Invasion of Eldraine // Prickle Faeries",3,3,partial,"(As a Siege enters, choose an opponent to protect it. You and others can attack "
"Renegade Silent",3,3,partial,"At the beginning of your end step, goad up to one target creature you don't cont"
"Sugar Coat",3,3,partial,"Flash Enchant creature or Food Enchanted permanent is a colorless Food artifact "
"The Eleventh Hour",3,3,partial,"(As this Saga enters and after your draw step, add a lore counter. Sacrifice aft"
"Vedalken Shackles",3,3,partial,"You may choose not to untap this artifact during your untap step. {2}, {T}: Gain"
"Callous Oppressor",3,3,partial,"You may choose not to untap this creature during your untap step. As this creatu"
"Spinal Embrace",3,3,partial,"Cast this spell only during combat. Untap target creature you don't control and "
"Ashiok's Erasure",3,3,partial,"Flash When this enchantment enters, exile target spell. Your opponents can't cas"
"Tamiyo, the Moon Sage",3,3,partial,"+1: Tap target permanent. It doesn't untap during its controller's next untap st"
"Archelos, Lagoon Mystic",3,3,partial,"As long as Archelos is tapped, other permanents enter tapped. As long as Archelo"
"Ultimecia, Time Sorceress // Ultimecia, Omnipotent",3,3,partial,"Whenever Ultimecia enters or attacks, surveil 2. (Look at the top two cards of y"
"Exterminatus",3,3,partial,"Nonland permanents your opponents control lose indestructible until end of turn."
"Fumiko the Lowblood",3,3,partial,"Fumiko has bushido X, where X is the number of attacking creatures. (Whenever th"
"Karma",3,3,partial,"At the beginning of each player's upkeep, this enchantment deals damage to that "
"Reckoner Shakedown",3,3,partial,"Target opponent reveals their hand. You may choose a nonland card from it. If yo"
"Acquire",3,3,partial,"Search target opponent's library for an artifact card and put that card onto the"
"Transplant Theorist",3,3,partial,"Whenever this creature or another artifact you control enters, you may draw a ca"
"Winter Soldier, Icy Assassin",3,3,partial,"Vigilance, menace Winter Soldier gets +2/+0 for each Equipment attached to him. "
"Unnatural Selection",3,3,partial,"{1}: Choose a creature type other than Wall. Target creature becomes that type u"
"Aether Shockwave",3,3,partial,"Choose one — • Tap all Spirits. • Tap all non-Spirit creatures."
"Infernal Kirin",3,3,partial,"Flying Whenever you cast a Spirit or Arcane spell, target player reveals their h"
"Moira, Urborg Haunt",3,3,partial,"Menace Whenever Moira deals combat damage to a player, return to the battlefield"
"Tribute to Horobi // Echo of Death's Wail",3,3,partial,"(As this Saga enters and after your draw step, add a lore counter.) I, II — Each"
"Etherium Pteramander",3,3,partial,"Flying This creature can block only creatures with flying. {6}{B}: Adapt 4. This"
"Waterlogged Hulk // Watertight Gondola",3,3,partial,"{T}: Mill a card. (Put the top card of your library into your graveyard.) Craft "
"Clairvoyance",3,3,partial,"Look at target player's hand. Draw a card at the beginning of the next turn's up"
"Admiral Brass, Unsinkable",3,3,partial,"When Admiral Brass enters, mill four cards. At the beginning of combat on your t"
"Merchant Raiders",3,3,partial,"Whenever this creature or another Pirate you control enters, tap up to one targe"
"Warkite Marauder",3,3,partial,"Flying Whenever this creature attacks, target creature defending player controls"
"Intellect Devourer",3,3,partial,"Devour Intellect — When this creature enters, each opponent exiles a card from t"
"Cyclone Summoner",3,3,partial,"When this creature enters, if you cast it from your hand, return all permanents "
"Kaza, Roil Chaser",3,3,partial,"Flying, haste {T}: The next instant or sorcery spell you cast this turn costs {X"
"Stenn, Paranoid Partisan",3,3,partial,"As Stenn enters, choose a card type other than creature or land. Spells you cast"
"Windrider Wizard",3,3,partial,"Flying Whenever you cast an instant, sorcery, or Wizard spell, you may draw a ca"
"Lo and Li, Twin Tutors",3,3,partial,"When Lo and Li enter, search your library for a Lesson or Noble card, reveal it,"
"Cindering Cutthroat",3,3,partial,"This creature enters with a +1/+1 counter on it if an opponent lost life this tu"
"Discover the Impossible",3,3,partial,"Look at the top five cards of your library. Exile one of them face down and put "
"Ley Weaver",3,3,partial,"Partner with Lore Weaver (When this creature enters, target player may put Lore "
"Diligent Zookeeper",3,3,partial,"Each non-Human creature you control gets +1/+1 for each of its creature types, t"
"The Mirari Conjecture",3,3,partial,"(As this Saga enters and after your draw step, add a lore counter. Sacrifice aft"
"Dragon Turtle",3,3,partial,"Flash Drag Below — When this creature enters, tap it and up to one target creatu"
"Circle of Protection: Black",3,3,partial,"{1}: The next time a black source of your choice would deal damage to you this t"
"Balamb T-Rexaur",3,3,partial,"Trample When this creature enters, you gain 3 life. Forestcycling {2} ({2}, Disc"
"Brass Herald",3,3,partial,"As this creature enters, choose a creature type. When this creature enters, reve"
"Draugr Necromancer",3,3,partial,"If a nontoken creature an opponent controls would die, exile that card with an i"
"Tidewater Minion",3,3,partial,"Defender (This creature can't attack.) {4}: This creature loses defender until e"
"Mizzium Meddler",3,3,partial,"Flash (You may cast this spell any time you could cast an instant.) When this cr"
"Skill Borrower",3,3,partial,"Play with the top card of your library revealed. As long as the top card of your"
"Tandem Takedown",3,3,partial,"Up to two target creatures you control each get +1/+0 until end of turn. They ea"
"Don't Blink",3,3,partial,"Until end of turn, if one or more creatures would enter from exile or after bein"
"Feed the Infection",3,3,partial,"You draw three cards and you lose 3 life. Corrupted — Each opponent who has thre"
"Varchild, Betrayer of Kjeldor",3,3,partial,"Whenever Varchild deals combat damage to a player, that player creates that many"
"What Must Be Done",3,3,partial,"Choose one — • Let the World Burn — Destroy all artifacts and creatures. • Relea"
"Fell Horseman // Deathly Ride",3,3,partial,"When this creature dies, put it on the bottom of its owner's library. // Return "
"Isareth the Awakener",3,3,partial,"Deathtouch Whenever Isareth attacks, you may pay {X}. When you do, return target"
"Tractor Beam",3,3,partial,"Enchant creature or Spacecraft When this Aura enters, tap enchanted permanent. Y"
"Ensoul Artifact",3,3,partial,"Enchant artifact Enchanted artifact is a creature with base power and toughness "
"Chimeric Mass",3,3,partial,"This artifact enters with X charge counters on it. {1}: Until end of turn, this "
"Stuffed Bear",3,3,partial,"{2}: This artifact becomes a 4/4 green Bear artifact creature until end of turn."
"Kalonian Twingrove",3,3,partial,"Kalonian Twingrove's power and toughness are each equal to the number of Forests"
"Coming Attraction",3,3,partial,"Search your library for a basic land card, put it onto the battlefield tapped, t"
"Entourage of Trest",3,3,partial,"When this creature enters, you become the monarch. This creature can block an ad"
"Fa'adiyah Seer",3,3,partial,"{T}: Draw a card and reveal it. If it isn't a land card, discard it."
"Nath's Elite",3,3,partial,"All creatures able to block this creature do so. When this creature enters, clas"
"Revealing Wind",3,3,partial,"Prevent all combat damage that would be dealt this turn. You may look at each fa"
"Salvager of Ruin",3,3,partial,"Sacrifice this creature: Choose target permanent card in your graveyard that was"
"Angelic Armaments",3,3,partial,"Equipped creature gets +2/+2, has flying, and is a white Angel in addition to it"
"Toggo, Goblin Weaponsmith",3,3,partial,"Landfall — Whenever a land you control enters, create a colorless Equipment arti"
"Gonti's Machinations",3,3,partial,"Whenever you lose life for the first time each turn, you get {E}. (You get an en"
"Valor Made Real",3,3,partial,"Target creature can block any number of creatures this turn."
"Palisade Giant",3,3,partial,"All damage that would be dealt to you and other permanents you control is dealt "
"Ascendant Evincar",3,3,partial,"Flying (This creature can't be blocked except by creatures with flying or reach."
"Break Through the Line",3,3,partial,"{R}: Target creature with power 2 or less gains haste until end of turn and can'"
"Kaya, Bane of the Dead",3,3,partial,"Your opponents and permanents your opponents control with hexproof can be the ta"
"Invigorating Hot Spring",3,3,partial,"This enchantment enters with four +1/+1 counters on it. Modified creatures you c"
"Machine Man, Model X-51",3,3,partial,"Whenever you cast a noncreature spell, put a +1/+1 counter on Machine Man and he"
"Victor Mancha, Runaway",3,3,partial,"When Victor Mancha enters, exile target card from your graveyard. You may play i"
"Eccentric Apprentice",3,3,partial,"Flying When this creature enters, venture into the dungeon. (Enter the first roo"
"Primal Adversary",3,3,partial,"Trample When this creature enters, you may pay {1}{G} any number of times. When "
"Clockwork Droid",3,3,partial,"You may exert this creature as it attacks. When you do, it can't be blocked this"
"Inner Demon",3,3,partial,"Enchant creature Enchanted creature gets +2/+2, has flying, and is a Demon in ad"
"Viper, Cruel Conspirator",3,3,partial,"{B}: Target creature that's attacking alone gets +1/+1 until end of turn. {B}: T"
"Crafty Cutpurse",3,3,partial,"Flash When this creature enters, each token that would be created under an oppon"
"Urza's Armor",3,3,partial,"If a source would deal damage to you, prevent 1 of that damage."
"Bronze Bombshell",3,3,partial,"When a player other than this creature's owner controls it, that player sacrific"
"Jinxed Choker",3,3,partial,"At the beginning of your end step, target opponent gains control of this artifac"
"Rasaad yn Bashir",3,3,partial,"Each creature you control assigns combat damage equal to its toughness rather th"
"Treefolk Umbra",3,3,partial,"Enchant creature Enchanted creature gets +0/+2 and assigns combat damage equal t"
"Sigarda, Heron's Grace",3,3,partial,"Flying You and Humans you control have hexproof. {2}, Exile a card from your gra"
"Timeless Dragon",3,3,partial,"Flying Plainscycling {2} ({2}, Discard this card: Search your library for a Plai"
"Nyssa of Traken",3,3,partial,"You have no maximum hand size. Sonic Booster — Whenever Nyssa of Traken attacks,"
"Kuroki, Thief of Talents",3,3,partial,"Menace At the beginning of your end step, target opponent may draw four cards. I"
"Reito Sentinel",3,3,partial,"Defender When this creature enters, target player mills three cards. (They put t"
"Akroma's Devoted",3,3,partial,"Cleric creatures have vigilance."
"Uvilda, Dean of Perfection // Nassari, Dean of Expression",3,3,partial,"{T}: You may exile an instant or sorcery card from your hand and put three refin"
"Band Together",3,3,partial,"Up to two target creatures you control each deal damage equal to their power to "
"Labyrinth Raptor",3,3,partial,"Menace Whenever a creature you control with menace becomes blocked, defending pl"
"Fractured Sanity",3,3,partial,"Each opponent mills fourteen cards. Cycling {1}{U} ({1}{U}, Discard this card: D"
"Mascot Exhibition",3,3,partial,"Create a 2/1 white and black Inkling creature token with flying, a 3/2 red and w"
"Zarda, the Power Princess",3,3,partial,"Flying Other Heroes you control have exalted. (Whenever a creature you control a"
"Helicarrier Strike",3,3,partial,"Teamwork 2 (As an additional cost to cast this spell, you may tap any number of "
"Spawn of Thraxes",3,3,partial,"Flying When this creature enters, it deals damage to any target equal to the num"
"Scent of Brine",3,3,partial,"Reveal any number of blue cards in your hand. Counter target spell unless its co"
"Scrap Mastery",3,3,partial,"Each player exiles all artifact cards from their graveyard, then sacrifices all "
"Dancing Sword",3,3,partial,"Equipped creature gets +2/+1. When equipped creature dies, you may have this Equ"
"Corroding Dragonstorm",3,3,partial,"When this enchantment enters, each opponent loses 2 life and you gain 2 life. Su"
"Lukka, Bound to Ruin",3,3,partial,"Compleated ({R/G/P} can be paid with {R}, {G}, or 2 life. If life was paid, this"
"Patchplate Resolute",3,3,partial,"When Patchplate Resolute enters or leaves the battlefield, you get a one-time bo"
"Archaeomancer's Spade",3,3,partial,"When this artifact enters, seek two cards with flashback and put them into your "
"Gale, Conduit of the Arcane",3,3,partial,"Specialize {2} When Gale, Conduit of the Arcane enters, if you cast it, return t"
"Najal, the Storm Runner",3,3,partial,"You may cast sorcery spells as though they had flash. Whenever Najal attacks, yo"
"Absorb Energy",3,3,partial,"Counter target spell. Cards in your hand that share a card type with that spell "
"Dazzling Flameweaver",3,3,partial,"Menace Ward—Pay 3 life. Whenever one or more creatures you control deal combat d"
"Skullpiercer Gnat",3,3,partial,"Flying Toxic 1 Whenever Skullpiercer Gnat deals combat damage to a player, a ran"
"Infestation",3,3,partial,"Wither When this creature enters, conjure a card named Blowfly Infestation onto "
"Piece It Together",3,3,partial,"Starting intensity 1 Draw a card. If Piece It Together's intensity is 4, instead"
"Axavar, Fate Thief",3,3,partial,"Void — At the beginning of your end step, if a nonland permanent left the battle"
"Triumphant Getaway",3,3,partial,"Flash When Triumphant Getaway enters, heist target opponent's library twice. Whe"
"District Guide",3,3,partial,"When this creature enters, you may search your library for a basic land card or "
"Mild-Mannered Librarian",3,3,partial,"{3}{G}: This creature becomes a Werewolf. Put two +1/+1 counters on it and you d"
"Garruk, Wrath of the Wilds",3,3,partial,"+1: Choose a creature card in your hand. It perpetually gets +1/+1 and perpetual"
"Spinewoods Armadillo",3,3,partial,"Reach Ward {3} (Whenever this creature becomes the target of a spell or ability "
"Faerie Slumber Party",3,3,partial,"Return all creatures to their owners' hands. For each opponent who controlled a "
"Gollum the Abandoned",3,3,partial,"Gollum can't block. When Gollum enters, exile up to one target card from an oppo"
"Cackling Observer",3,3,partial,"Flying When Cackling Observer enters, target opponent reveals each nonland card "
"Galuf's Final Act",3,3,partial,"Until end of turn, target creature gets +1/+0 and gains ""When this creature dies"
"Silken Strength",3,3,partial,"Flash Enchant creature or Vehicle When this Aura enters, untap enchanted permane"
"Angel of Unity",3,3,partial,"Flying, lifelink Whenever this creature enters and whenever you cast a party spe"
"Bushy Bodyguard",3,3,partial,"Offspring {2} (You may pay an additional {2} as you cast this spell. If you do, "
"Rally the Ancestors",3,3,partial,"Return each creature card with mana value X or less from your graveyard to the b"
"Fallaji Archaeologist",3,3,partial,"When this creature enters, mill three cards. You may put a noncreature, nonland "
"Mardu Thunderkite",3,3,partial,"Flying Mobilize 1 When this creature enters, creatures you control perpetually g"
"Racketeer Boss",3,3,partial,"When Racketeer Boss enters, choose up to two creature and/or planeswalker cards "
"Putrid Hexhag",3,3,partial,"Whenever one or more counters are put on this creature, target creature an oppon"
"Gixian Recycler",3,3,partial,"When Gixian Recycler dies or is put into your graveyard from your hand or librar"
"Ghalma the Shaper",3,3,partial,"Vigilance Whenever Ghalma the Shaper attacks, conjure a card named Tempered Stee"
"Reezug, the Bonecobbler",3,3,partial,"{T}: Target creature card in your graveyard perpetually becomes an artifact. You"
"Fear of Change",3,3,partial,"When this creature enters or dies, exile another creature you control. If you do"
"Ursine Guide // Ranger's Merit",3,3,partial,"This creature enters prepared. Whenever you cast a spell that isn't from your st"
"Hexgold Sledge",3,3,partial,"For Mirrodin! When Hexgold Sledge enters, conjure a card named Goblin Gaveleer o"
"Gnawing Crescendo",3,3,partial,"Creatures you control get +2/+0 until end of turn. Whenever a nontoken creature "
"By Force",3,3,partial,"Destroy X target artifacts."
"Goblin Influx Array",3,3,partial,"Goblin spells you cast cost {R} less to cast. (If it doesn't require {R}, it cos"
"Ominous Traveler",3,3,partial,"When Ominous Traveler enters the battlefield, draft a card from Ominous Traveler"
"Runaway Growth",3,3,partial,"Starting intensity 1 Enchant land Whenever enchanted land is tapped for mana, it"
"Kraul Harpooner",3,3,partial,"Reach Undergrowth — When this creature enters, choose up to one target creature "
"Spark Rupture",3,3,partial,"When this enchantment enters, draw a card. Each planeswalker with one or more lo"
"Golden-Tail Trainer",3,3,partial,"Aura and Equipment spells you cast cost {X} less to cast, where X is this creatu"
"Skyshroud Ambush",3,3,partial,"Target creature you control fights target creature you don't control. When the c"
"Kami of Mourning",3,3,partial,"Whenever this creature enters, target creature you control or creature card in y"
"Stinging Cave Crawler",3,3,partial,"Deathtouch Descend 4 — Whenever this creature attacks, if there are four or more"
"Ochran Assassin",3,3,partial,"Deathtouch All creatures able to block this creature do so."
"Forgefire Automaton",3,3,partial,"Prototype {2}{B} — 3/2 At the beginning of your upkeep, return target creature c"
"Ral, Izzet Viceroy",3,3,partial,"+1: Look at the top two cards of your library. Put one of them into your hand an"
"Candela, Aegis of Adagia",3,3,partial,"Flash When Candela enters, return up to one target creature you control to its o"
"Phantasmal Extraction",3,3,partial,"If you weren't the starting player, this spell costs {1} less to cast. Target op"
"March Toward Perfection",3,3,partial,"You get a one-time boon with ""When you cast a Phyrexian creature spell, that cre"
"Warriors of Tiamat",3,3,partial,"Haste, double team (When this creature attacks, conjure a duplicate into your ha"
"High Fae Prankster",3,3,partial,"Flying, deathtouch When High Fae Prankster enters, choose up to one — • Perpetua"
"Hexgold Halberd",3,3,partial,"For Mirrodin! (When this Equipment enters, create a 2/2 red Rebel creature token"
"Dalkovan Outrider",3,3,partial,"Mobilize 2 Whenever you sacrifice a permanent, the topmost creature card in your"
"Gornog, the Red Reaper",3,3,partial,"Haste Cowards can't block Warriors. Whenever one or more Warriors you control at"
"Summitfest Closing Ceremony",3,3,partial,"Starting intensity 3 Covercast — Whenever you cast another instant or sorcery sp"
"Snarlfang Vermin",3,3,partial,"Whenever Snarlfang Vermin deals combat damage to a creature, if that creature is"
"Crude Abattoir // Unsavory Kitchen",3,3,partial,"When you unlock this door, this Room deals 2 damage to target creature. // Whene"
"Scalesoul Gnome",3,3,partial,"Trample, Haste Whenever Scalesoul Gnome deals combat damage to a player, discove"
"Tectonic Rift",3,3,partial,"Destroy target land. Creatures without flying can't block this turn."
"Mischievous Lookout",3,3,partial,"Once during each of your turns, you may cast a noncreature, non-Aura permanent s"
"Bill the Pony",3,3,partial,"When Bill the Pony enters, create two Food tokens. (They're artifacts with ""{2},"
"Davriel's Withering",3,3,partial,"Target creature an opponent controls perpetually gets -1/-2."
"Exdeath, Void Warlock // Neo Exdeath, Dimension's End",3,3,partial,"When Exdeath enters, you gain 3 life. At the beginning of your end step, if ther"
"Gutmorn, Pactbound Servant",3,3,partial,"Flying, deathtouch When Gutmorn, Pactbound Servant enters the battlefield, each "
"The Grand Goatnapper",3,3,partial,"Spells you cast have affinity for Goats. {T}: Another target non-Goat creature p"
"Goblin Trapfinder",3,3,partial,"When this creature dies, seek a creature card with mana value 3 or less. That ca"
"Valiant Emberkin",3,3,partial,"Haste Whenever this creature enters or attacks, target creature you control perp"
"Begin Anew",3,3,partial,"Destroy all creatures. Creature cards in your hand perpetually get +1/+1."
"Metalhead",3,3,partial,"When Metalhead enters, return up to one other target artifact or creature to its"
"Return to the Sewers",3,3,partial,"Target creature's owner puts it on their choice of the top or bottom of their li"
"Arming Gala",3,3,partial,"At the beginning of your end step, creatures you control and creature cards in y"
"Concealing Curtains // Revealing Eye",3,3,partial,"Defender {2}{B}: Transform this creature. Activate only as a sorcery. // Menace "
"Awestruck Cygnet",3,3,partial,"Starting intensity 0 Whenever another creature you control with flying enters, i"
"A-Elven Bow",3,3,partial,"When Elven Bow enters, you may pay {1}. If you do, create a 1/1 green Elf Warrio"
"Boareskyr Tollkeeper",3,3,partial,"When this creature enters, target opponent reveals all creature and land cards i"
"Heightened Reflexes",3,3,partial,"Target creature gets +1/+0 until end of turn. Put a first strike counter on it."
"Klement, Novice Acolyte",3,3,partial,"Specialize {2} When Klement, Novice Acolyte enters, creature cards in your hand "
"Dregs of Sorrow",2,2,partial,"Destroy X target nonblack creatures. Draw X cards."
"Mind Roots",2,2,partial,"Target player discards two cards. Put up to one land card discarded this way ont"
"Biorhythm",2,2,partial,"Each player's life total becomes the number of creatures they control."
"Silence the Believers",2,2,partial,"Strive — This spell costs {2}{B} more to cast for each target beyond the first. "
"Sylvia Brightspear",2,2,partial,"Partner with Khorvath Brightflame (When this creature enters, target player may "
"Cosmic Spider-Man",2,2,partial,"Flying, first strike, trample, lifelink, haste At the beginning of combat on you"
"Darigaaz Reincarnated",2,2,partial,"Flying, trample, haste If Darigaaz would die, instead exile it with three egg co"
"Kilnmouth Dragon",2,2,partial,"Amplify 3 (As this creature enters, put three +1/+1 counters on it for each Drag"
"Kalitas, Bloodchief of Ghet",2,2,partial,"{B}{B}{B}, {T}: Destroy target creature. If that creature dies this way, create "
"Mephidross Vampire",2,2,partial,"Flying Each creature you control is a Vampire in addition to its other creature "
"Voldaren Pariah // Abolisher of Bloodlines",2,2,partial,"Flying Sacrifice three other creatures: Transform this creature. Madness {B}{B}{"
"Feast of Blood",2,2,partial,"Cast this spell only if you control two or more Vampires. Destroy target creatur"
"Rod of Absorption",2,2,partial,"Whenever a player casts an instant or sorcery spell, exile it instead of putting"
"Expressive Firedancer",2,2,partial,"Opus — Whenever you cast an instant or sorcery spell, this creature gets +1/+1 u"
"Stop Cold",2,2,partial,"Flash Enchant artifact or creature When this Aura enters, tap enchanted permanen"
"Flame Discharge",2,2,partial,"Flame Discharge deals X damage to target creature or planeswalker. If you contro"
"Battle Plan",2,2,partial,"At the beginning of combat on your turn, target creature you control gets +2/+0 "
"Hobgoblin Captain",2,2,partial,"Pack tactics — Whenever this creature attacks, if you attacked with creatures wi"
"Goblin Guide",2,2,partial,"Haste Whenever this creature attacks, defending player reveals the top card of t"
"Warren Torchmaster",2,2,partial,"At the beginning of combat on your turn, you may blight 1. When you do, target c"
"Curse of the Nightly Hunt",2,2,partial,"Enchant player Creatures enchanted player controls attack each combat if able."
"Goblin Lookout",2,2,partial,"{T}, Sacrifice a Goblin: Goblin creatures get +2/+0 until end of turn."
"Hellraiser Goblin",2,2,partial,"Creatures you control have haste and attack each combat if able."
"Great Goblin, Foul-Hearted",2,2,partial,"Whenever Great Goblin enters or attacks, amass Goblins 3. (Put three +1/+1 count"
"Wake the Dragon",2,2,partial,"Create a 6/6 black and red Dragon creature token with flying, menace, and ""Whene"
"Riftsweeper",2,2,partial,"When this creature enters, choose target face-up exiled card. Its owner shuffles"
"Gilt-Leaf Archdruid",2,2,partial,"Whenever you cast a Druid spell, you may draw a card. Tap seven untapped Druids "
"Slogurk, the Overslime",2,2,partial,"Trample Whenever a land card is put into your graveyard from anywhere, put a +1/"
"Wail of the Forgotten",2,2,partial,"Descend 8 — Choose one. If there are eight or more permanent cards in your grave"
"Wretched Confluence",2,2,partial,"Choose three. You may choose the same mode more than once. • Target player draws"
"Chancellor of the Tangle",2,2,partial,"You may reveal this card from your opening hand. If you do, at the beginning of "
"Tax Collector",2,2,partial,"When this creature enters, choose one — • Tax — Until your next turn, spells you"
"Waking the Trolls",2,2,partial,"(As this Saga enters and after your draw step, add a lore counter. Sacrifice aft"
"Portal Manipulator",2,2,partial,"Flash When this creature enters during the declare attackers step, choose target"
"Reset",2,2,partial,"Cast this spell only during an opponent's turn after their upkeep step. Untap al"
"Barret Wallace",2,2,partial,"Reach Whenever Barret Wallace attacks, it deals damage equal to the number of eq"
"Stangg, Echo Warrior",2,2,partial,"Whenever Stangg attacks, create Stangg Twin, a legendary 3/4 red and green Human"
"Hill Gigas",2,2,partial,"Trample, haste Mountaincycling {2} ({2}, Discard this card: Search your library "
"Random Encounter",2,2,partial,"Shuffle your library, then mill four cards. Put each creature card milled this w"
"Disturbed Slumber",2,2,partial,"Until end of turn, target land you control becomes a 4/4 Dinosaur creature with "
"Tyranid Prime",2,2,partial,"Evolve (Whenever a creature you control enters, if that creature has greater pow"
"Ashiok, Nightmare Weaver",2,2,partial,"+2: Exile the top three cards of target opponent's library. −X: Put a creature c"
"Gideon, Champion of Justice",2,2,partial,"+1: Put a loyalty counter on Gideon for each creature target opponent controls. "
"Deluge Virtuoso",2,2,partial,"When this creature enters, tap target creature an opponent controls and put a st"
"Vraska the Unseen",2,2,partial,"+1: Until your next turn, whenever a creature deals combat damage to Vraska, des"
"Ancient Excavation",2,2,partial,"Draw cards equal to the number of cards in your hand, then discard a card for ea"
"Duneblast",2,2,partial,"Choose up to one creature. Destroy the rest."
"Migratory Route",2,2,partial,"Create four 1/1 white Bird creature tokens with flying. Basic landcycling {2} ({"
"Necroplasm",2,2,partial,"At the beginning of your upkeep, put a +1/+1 counter on this creature. At the be"
"Sublime Exhalation",2,2,partial,"Undaunted (This spell costs {1} less to cast for each opponent.) Destroy all cre"
"Sylvan Reclamation",2,2,partial,"Exile up to two target artifacts and/or enchantments. Basic landcycling {2} ({2}"
"Brine Elemental",2,2,partial,"Morph {5}{U}{U} (You may cast this card face down as a 2/2 creature for {3}. Tur"
"Basandra, Battle Seraph",2,2,partial,"Flying Players can't cast spells during combat. {R}: Target creature attacks thi"
"Bathe in Light",2,2,partial,"Radiance — Choose a color. Target creature and each other creature that shares a"
"Feather, the Redeemed",2,2,partial,"Flying Whenever you cast an instant or sorcery spell that targets a creature you"
"Liesa, Shroud of Dusk",2,2,partial,"Rather than pay {2} for each previous time you've cast this spell from the comma"
"Prison Term",2,2,partial,"Enchant creature Enchanted creature can't attack or block, and its activated abi"
"Pestilent Cauldron // Restorative Burst",2,2,partial,"{T}, Discard a card: Create a 1/1 black and green Pest creature token with ""When"
"Sproutback Trudge",2,2,partial,"This spell costs {X} less to cast, where X is the amount of life you gained this"
"Verrak, Warped Sengir",2,2,partial,"Flying, deathtouch, lifelink Whenever you activate an ability that isn't a mana "
"The Cyber-Controller",2,2,partial,"When The Cyber-Controller enters, each opponent mills X cards. Put all creature "
"Contagion",2,2,partial,"You may pay 1 life and exile a black card from your hand rather than pay this sp"
"Bond of Insight",2,2,partial,"Each player mills four cards. Return up to two instant and/or sorcery cards from"
"Duskmantle Guildmage",2,2,partial,"{1}{U}{B}: Whenever a card is put into an opponent's graveyard from anywhere thi"
"Mirror Strike",2,2,partial,"All combat damage that would be dealt to you this turn by target unblocked creat"
"Emancipation Angel",2,2,partial,"Flying When this creature enters, return a permanent you control to its owner's "
"Synthesis Pod",2,2,partial,"({U/P} can be paid with either {U} or 2 life.) {1}{U/P}, {T}, Exile a spell you "
"Memories Returning",2,2,partial,"Reveal the top five cards of your library. Put one of them into your hand. Then "
"Nekusar, the Mindrazer",2,2,partial,"At the beginning of each player's draw step, that player draws an additional car"
"Vow of Flight",2,2,partial,"Enchant creature Enchanted creature gets +2/+2, has flying, and can't attack you"
"Sakiko, Mother of Summer",2,2,partial,"Whenever a creature you control deals combat damage to a player, add that much {"
"Bontu the Glorified",2,2,partial,"Menace, indestructible Bontu can't attack or block unless a creature died under "
"Atrocious Experiment",2,2,partial,"Target player mills two cards, draws two cards, and loses 2 life. (To mill a car"
"Distorting Wake",2,2,partial,"Return X target nonland permanents to their owners' hands."
"Ride the Avalanche",2,2,partial,"The next spell you cast this turn can be cast as though it had flash. When you n"
"Tervigon",2,2,partial,"Ravenous (This creature enters with X +1/+1 counters on it. If X is 5 or more, d"
"Kurbis, Harvest Celebrant",2,2,partial,"Kurbis enters with a number of +1/+1 counters on it equal to the amount of mana "
"Well of Ideas",2,2,partial,"When this enchantment enters, draw two cards. At the beginning of each other pla"
"Dredge the Mire",2,2,partial,"Each opponent chooses a creature card in their graveyard. Put those cards onto t"
"Exile",2,2,partial,"Exile target nonwhite attacking creature. You gain life equal to its toughness."
"Bruce Banner // The Incredible Hulk",2,2,partial,"{X}{X}, {T}: Draw X cards. Activate only as a sorcery. {2}{R}{R}{G}{G}: Transfor"
"Oketra the True",2,2,partial,"Double strike, indestructible Oketra can't attack or block unless you control at"
"Abomination, Terrifying Titan",2,2,partial,"Trample Power-up — {5}{R/G}{R/G}: Put a +1/+1 counter on Abomination. He fights "
"Radioactive Man",2,2,partial,"Deathtouch Whenever Radioactive Man deals combat damage to a player, that player"
"Gallifrey Stands",2,2,partial,"When Gallifrey Stands enters, return all Doctor cards from your graveyard to you"
"The Fugitive Doctor",2,2,partial,"When The Fugitive Doctor enters, investigate. Whenever The Fugitive Doctor attac"
"The Twelfth Doctor",2,2,partial,"The first spell you cast from anywhere other than your hand each turn has demons"
"Curse of Fool's Wisdom",2,2,partial,"Enchant player Whenever enchanted player draws a card, they lose 2 life and you "
"Curse of Misfortunes",2,2,partial,"Enchant player At the beginning of your upkeep, you may search your library for "
"Curse of Unbinding",2,2,partial,"Enchant player At the beginning of enchanted player's upkeep, that player reveal"
"Tuvasa the Sunlit",2,2,partial,"Tuvasa gets +1/+1 for each enchantment you control. Whenever you cast your first"
"Nemata, Grove Guardian",2,2,partial,"{2}{G}: Create a 1/1 green Saproling creature token. Sacrifice a Saproling: Sapr"
"Alela, Cunning Conqueror",2,2,partial,"Flying Whenever you cast your first spell during each opponent's turn, create a "
"Galadriel, Elven-Queen",2,2,partial,"Will of the council — At the beginning of combat on your turn, if another Elf en"
"Song of Eärendil",2,2,partial,"(As this Saga enters and after your draw step, add a lore counter. Sacrifice aft"
"Repulsor Blast",2,2,partial,"Teamwork 2 (As an additional cost to cast this spell, you may tap any number of "
"Discontinuity",2,2,partial,"During your turn, this spell costs {2}{U}{U} less to cast. End the turn. (Exile "
"Brutalizer Exarch",2,2,partial,"When this creature enters, choose one — • Search your library for a creature car"
"Leech Bonder",2,2,partial,"This creature enters with two -1/-1 counters on it. {U}, {Q}: Move a counter fro"
"Contractual Safeguard",2,2,partial,"Addendum — If you cast this spell during your main phase, put a shield counter o"
"Brenard, Ginger Sculptor",2,2,partial,"Each creature you control that's a Food or a Golem gets +2/+2 and has trample. W"
"Michelangelo, On the Scene",2,2,partial,"Trample (This creature can deal excess combat damage to the player it's attackin"
"Plea for Power",2,2,partial,"Will of the council — Starting with you, each player votes for time or knowledge"
"Omenport Vigilante",2,2,partial,"This creature has double strike as long as you've committed a crime this turn. ("
"Storm Cauldron",2,2,partial,"Each player may play an additional land during each of their turns. Whenever a l"
"Kibo, Uktabi Prince",2,2,partial,"{T}: Each player creates a colorless artifact token named Banana with ""{T}, Sacr"
"Righteous Aura",2,2,partial,"{W}, Pay 2 life: The next time a source of your choice would deal damage to you "
"Axis of Mortality",2,2,partial,"At the beginning of your upkeep, you may have two target players exchange life t"
"Near-Death Experience",2,2,partial,"At the beginning of your upkeep, if you have exactly 1 life, you win the game."
"Soul Conduit",2,2,partial,"{6}, {T}: Two target players exchange life totals."
"Sifa Grent",2,2,partial,"Whenever a creature dies, target opponent loses 1 life and you gain 1 life. +1: "
"Tor Wauki the Younger",2,2,partial,"Reach, lifelink If another source you control would deal noncombat damage to a p"
"Dimir Keyrune",2,2,partial,"{T}: Add {U} or {B}. {U}{B}: This artifact becomes a 2/2 blue and black Horror a"
"Boss Uramon, Shadow's Reach",2,2,partial,"Shadow (This creature can block or be blocked by only creatures with shadow.) At"
"Coastal Breach",2,2,partial,"Undaunted (This spell costs {1} less to cast for each opponent.) Return all nonl"
"Aligned Hedron Network",2,2,partial,"When this artifact enters, exile all creatures with power 5 or greater until thi"
"Risky Move",2,2,partial,"At the beginning of each player's upkeep, that player gains control of this ench"
"Bushi Tenderfoot // Kenzo the Hardhearted",2,2,partial,"When a creature dealt damage by this creature this turn dies, flip this creature"
"Risona, Asari Commander",2,2,partial,"Haste Whenever Risona deals combat damage to a player, if it doesn't have an ind"
"Sensei Golden-Tail",2,2,partial,"Bushido 1 (Whenever this creature blocks or becomes blocked, it gets +1/+1 until"
"Unquenchable Fury",2,2,partial,"Enchant creature Enchanted creature has ""Whenever this creature attacks, it deal"
"Voidpouncer",2,2,partial,"Devoid (This card has no color.) Kicker {2}{C} (You may pay an additional {2}{C}"
"Quintorius, History Chaser",2,2,partial,"Whenever one or more cards leave your graveyard, create a 3/2 red and white Spir"
"Tempest Caller",2,2,partial,"When this creature enters, tap all creatures target opponent controls."
"Bygone Marvels",2,2,partial,"Descend 8 — When you cast this spell, if there are eight or more permanent cards"
"Namor, Scourge of the Seas",2,2,partial,"Flying Each other Merfolk you control with a +1/+1 counter on it has flying. At "
"Fiery Gambit",2,2,partial,"Flip a coin until you lose a flip or choose to stop flipping. If you lose a flip"
"Boiling Blood",2,2,partial,"Target creature attacks this turn if able. Draw a card."
"Riddle of Lightning",2,2,partial,"Choose any target. Scry 3, then reveal the top card of your library. Riddle of L"
"Worldfire",2,2,partial,"Exile all permanents. Exile all cards from all hands and graveyards. Each player"
"Aria of Flame",2,2,partial,"When this enchantment enters, each opponent gains 10 life. Whenever you cast an "
"Fortress Kin-Guard",2,2,partial,"When this creature enters, it endures 1. (Put a +1/+1 counter on it or create a "
"Leonin Surveyor",2,2,partial,"Start your engines! (If you have no speed, it starts at 1. It increases once on "
"Nacatl War-Pride",2,2,partial,"This creature must be blocked by exactly one creature if able. Whenever this cre"
"Batroc the Leaper",2,2,partial,"Multikicker {2} (You may pay an additional {2} any number of times as you cast t"
"Vulture, Scheming Scavenger",2,2,partial,"Flying Whenever Vulture attacks, other Villains you control gain flying until en"
"Damocles Base, Sword of Kang",2,2,partial,"Flying, deathtouch Whenever Damocles Base deals combat damage to a player, that "
"Dragonshift",2,2,partial,"Until end of turn, target creature you control becomes a blue and red Dragon wit"
"Zinnia, Valley's Voice",2,2,partial,"Flying Zinnia gets +X/+0, where X is the number of other creatures you control w"
"Konda's Banner",2,2,partial,"Konda's Banner can be attached only to a legendary creature. Creatures that shar"
"Karolina Dean, Runaway",2,2,partial,"Flying At the beginning of your first main phase, add {W}{U}{B}{R}{G}. This mana"
"Lilah, Undefeated Slickshot",2,2,partial,"Prowess (Whenever you cast a noncreature spell, this creature gets +1/+1 until e"
"Panoptic Mirror",2,2,partial,"Imprint — {X}, {T}: You may exile an instant or sorcery card with mana value X f"
"Chandra, the Firebrand",2,2,partial,"+1: Chandra deals 1 damage to any target. −2: When you next cast an instant or s"
"Panic",2,2,partial,"Cast this spell only during combat before blockers are declared. Target creature"
"Phyrexian Purge",2,2,partial,"This spell costs 3 life more to cast for each target. Destroy any number of targ"
"Spoils of Victory",2,2,partial,"Search your library for a Plains, Island, Swamp, Mountain, or Forest card and pu"
"Yggdrasil, Rebirth Engine",2,2,partial,"When Yggdrasil enters, exile all creature cards from your graveyard. {T}: Exile "
"Progenitus",2,2,partial,"Protection from everything If Progenitus would be put into a graveyard from anyw"
"Plargg, Dean of Chaos // Augusta, Dean of Order",2,2,partial,"{T}, Discard a card: Draw a card. {4}{R}, {T}: Reveal cards from the top of your"
"Vantress Transmuter // Croaking Curse",2,2,partial,"Tap target creature. Create a Cursed Role token attached to it. (Enchanted creat"
"Earth Kingdom Protectors",2,2,partial,"Vigilance Sacrifice this creature: Another target Ally you control gains indestr"
"Fancy Footwork",2,2,partial,"Untap one or two target creatures. They each get +2/+2 until end of turn."
"Gilt-Leaf Winnower",2,2,partial,"Menace (This creature can't be blocked except by two or more creatures.) When th"
"Hunting Triad",2,2,partial,"Create three 1/1 green Elf Warrior creature tokens. Reinforce 3—{3}{G} ({3}{G}, "
"Gather the Pack",2,2,partial,"Reveal the top five cards of your library. You may put a creature card from amon"
"Leyline of Lifeforce",2,2,partial,"If this card is in your opening hand, you may begin the game with it on the batt"
"Disinformation Campaign",2,2,partial,"When this enchantment enters, you draw a card and each opponent discards a card."
"Textbook Tabulator",2,2,partial,"Increment (Whenever you cast a spell, if the amount of mana you spent is greater"
"Dense Foliage",2,2,partial,"Creatures can't be the targets of spells."
"Emerald Collector",2,2,partial,"Whenever Emerald Collector deals combat damage to a player, draw a card. When yo"
"The Mimeoplasm",2,2,partial,"As The Mimeoplasm enters, you may exile two creature cards from graveyards. If y"
"Aberrant",2,2,partial,"Ravenous (This creature enters with X +1/+1 counters on it. If X is 5 or more, d"
"Kill Switch",2,2,partial,"{2}, {T}: Tap all other artifacts. They don't untap during their controllers' un"
"Lich's Tomb",2,2,partial,"You don't lose the game for having 0 or less life. Whenever you lose life, sacri"
"Oathkeeper, Takeno's Daisho",2,2,partial,"Equipped creature gets +3/+1. Whenever equipped creature dies, return that card "
"Opal-Eye, Konda's Yojimbo",2,2,partial,"Defender (This creature can't attack.) Bushido 1 (Whenever this creature blocks "
"Yuriko, Blade of the Mighty",2,2,partial,"During combat, players can't cast spells or activate abilities that aren't mana "
"Overencumbered",2,2,partial,"Enchant opponent When this Aura enters, enchanted opponent creates a Clue token,"
"Enlightened Confidant",2,2,partial,"Lifelink At the beginning of your end step, if you gained life this turn, survei"
"Azor, the Lawbringer",2,2,partial,"Flying When Azor enters, each opponent can't cast instant or sorcery spells duri"
"Dust of Moments",2,2,partial,"Choose one — • Remove two time counters from each permanent and each suspended c"
"Timebender",2,2,partial,"Morph {U} When this creature is turned face up, choose one — • Remove two time c"
"Space Marine Devastator",2,2,partial,"Squad {2} (As an additional cost to cast this spell, you may pay {2} any number "
"Butch DeLoria, Tunnel Snake",2,2,partial,"Menace (This creature can't be blocked except by two or more creatures.) Tunnel "
"Prossh, Skyraider of Kher",2,2,partial,"When you cast this spell, create X 0/1 red Kobold creature tokens named Kobolds "
"Rowan's Grim Search",2,2,partial,"Bargain (You may sacrifice an artifact, enchantment, or token as you cast this s"
"Loot, the Nexus",2,2,partial,"{T}: Choose a color. Add one mana of that color for each different power among c"
"Mythos of Brokkos",2,2,partial,"If {U}{B} was spent to cast this spell, search your library for a card, put that"
"Taigam, Sidisi's Hand",2,2,partial,"Skip your draw step. At the beginning of your upkeep, look at the top three card"
"Reality Ripple",2,2,partial,"Target artifact, creature, or land phases out. (While it's phased out, it's trea"
"Spectral Shift",2,2,partial,"Choose one — • Change the text of target spell or permanent by replacing all ins"
"Deadbeat Attendant",2,2,partial,"When this creature enters, open an Attraction. (Put the top card of your Attract"
"Quick Fixer",2,2,partial,"Menace Whenever this creature deals combat damage to a player, open an Attractio"
"Step Right Up",2,2,partial,"Open two Attractions. (Put the top two cards of your Attraction deck onto the ba"
"Expert-Level Safe",2,2,partial,"When this artifact enters, exile the top two cards of your library face down. {1"
"Discourtesy Clerk",2,2,partial,"When this creature enters, open an Attraction. (Put the top card of your Attract"
"Marut",2,2,partial,"Trample When this creature enters, if mana from a Treasure was spent to cast it,"
"Xenosquirrels",2,2,partial,"This creature enters with two +1/+1 counters on it. After you roll a die, you ma"
"Arden Angel",2,2,partial,"Flying At the beginning of your upkeep, if Arden Angel is in your graveyard, rol"
"Bag of Devouring",2,2,partial,"Whenever you sacrifice another nontoken artifact or creature, exile it. {2}, {T}"
"Night Shift of the Living Dead",2,2,partial,"After you roll a die, you may pay 1 life. If you do, increase or decrease the re"
"Pain's Reward",2,2,partial,"Each player may bid life. You start the bidding with a bid of any number. In tur"
"The Toymaker's Trap",2,2,partial,"At the beginning of your upkeep, secretly choose a number between 1 and 5 that h"
"Ashnod the Uncaring",2,2,partial,"Deathtouch Whenever you activate an ability of an artifact or creature that isn'"
"Audacious Reshapers",2,2,partial,"{T}, Sacrifice an artifact: Reveal cards from the top of your library until you "
"Smelting Vat",2,2,partial,"{1}, {T}, Sacrifice another artifact: Reveal the top eight cards of your library"
"Terisiare's Devastation",2,2,partial,"You lose X life and create X tapped Powerstone tokens. Then all creatures get -1"
"Indomitable Creativity",2,2,partial,"Destroy X target artifacts and/or creatures. For each permanent destroyed this w"
"Saheeli, Jewel of Avishkar",2,2,partial,"Thopters you control have haste. Whenever you cast a noncreature spell, create a"
"Dyfed, the Guiding Hand",2,2,partial,"+1: Create two tapped Powerstone tokens. (They're artifacts with ""{T}: Add {C}. "
"Mu Yanling",2,2,partial,"+2: Target creature can't be blocked this turn. −3: Draw two cards. −10: Tap all"
"Overabundance",2,2,partial,"Whenever a player taps a land for mana, that player adds one mana of any type th"
"Magitek Scythe",2,2,partial,"A Test of Your Reflexes! — When this Equipment enters, you may attach it to targ"
"Timber Protector",2,2,partial,"Other Treefolk creatures you control get +1/+1. Other Treefolk and Forests you c"
"Wakestone Gargoyle",2,2,partial,"Defender, flying {1}{W}: Creatures you control with defender can attack this tur"
"Balthor the Defiled",2,2,partial,"Minion creatures get +1/+1. {B}{B}{B}, Exile Balthor: Each player returns all bl"
"Fleshwrither",2,2,partial,"Transfigure {1}{B}{B} ({1}{B}{B}, Sacrifice this creature: Search your library f"
"Eternity Vessel",2,2,partial,"This artifact enters with X charge counters on it, where X is your life total. L"
"Leshrac's Rite",2,2,partial,"Enchant creature Enchanted creature has swampwalk. (It can't be blocked as long "
"Dream Stalker",2,2,partial,"When this creature enters, return a permanent you control to its owner's hand."
"Phyrexian Furnace",2,2,partial,"{T}: Exile the bottom card of target player's graveyard. {1}, Sacrifice this art"
"Tidebinder Mage",2,2,partial,"When this creature enters, tap target red or green creature an opponent controls"
"Fortune Thief",2,2,partial,"Damage that would reduce your life total to less than 1 reduces it to 1 instead."
"Muraganda Petroglyphs",2,2,partial,"Creatures with no abilities get +2/+2."
"Primordial Mist",2,2,partial,"At the beginning of your end step, you may manifest the top card of your library"
"Simic Keyrune",2,2,partial,"{T}: Add {G} or {U}. {G}{U}: This artifact becomes a 2/3 green and blue Crab art"
"Mawloc",2,2,partial,"Ravenous (This creature enters with X +1/+1 counters on it. If X is 5 or more, d"
"Cloak and Dagger, Entwined",2,2,partial,"Deathtouch, lifelink When Cloak and Dagger enter, choose target opponent and up "
"Tilonalli's Crown",2,2,partial,"Enchant creature When this Aura enters, it deals 1 damage to enchanted creature."
"Cherished Hatchling",2,2,partial,"When this creature dies, you may cast Dinosaur spells this turn as though they h"
"Samut, the Tested",2,2,partial,"+1: Up to one target creature gains double strike until end of turn. −2: Samut d"
"Gravespawn Sovereign",2,2,partial,"Tap five untapped Zombies you control: Put target creature card from a graveyard"
"Ghouls' Night Out",2,2,partial,"For each player, choose a creature card in that player's graveyard. Put those ca"
"Locket of Yesterdays",2,2,partial,"Spells you cast cost {1} less to cast for each card with the same name as that s"
"Mercurial Pretender",2,2,partial,"You may have this creature enter as a copy of a creature you control, except it "
"Blinking Spirit",2,2,partial,"{0}: Return this creature to its owner's hand."
"Stratosoarer",2,2,partial,"Flying When this creature enters, target creature gains flying until end of turn"
"Twilight's Call",2,2,partial,"You may cast this spell as though it had flash if you pay {2} more to cast it. ("
"Champion of Rhonas",2,2,partial,"You may exert this creature as it attacks. When you do, you may put a creature c"
"Sinister Waltz",2,2,partial,"Choose three target creature cards in your graveyard. Return two of them at rand"
"Summoner's Egg",2,2,partial,"Imprint — When this creature enters, you may exile a card from your hand face do"
"First Sliver's Chosen",2,2,partial,"Sliver creatures you control have exalted. (Whenever a creature you control atta"
"Groundshaker Sliver",2,2,partial,"Sliver creatures you control have trample. (A creature with trample can deal exc"
"Lymph Sliver",2,2,partial,"All Sliver creatures have absorb 1. (If a source would deal damage to a Sliver, "
"Poultice Sliver",2,2,partial,"All Slivers have ""{2}, {T}: Regenerate target Sliver."" (The next time that Slive"
"Oath of Ghouls",2,2,partial,"At the beginning of each player's upkeep, that player chooses target player whos"
"Valentina Allegra de Fontaine",2,2,partial,"Other Villains you control are Heroes in addition to their other types. {T}: Tar"
"Enclave Cryptologist",2,2,partial,"Level up {1}{U} ({1}{U}: Put a level counter on this. Level up only as a sorcery"
"Kruphix's Insight",2,2,partial,"Reveal the top six cards of your library. Put up to three enchantment cards from"
"Unravel the Aether",2,2,partial,"Choose target artifact or enchantment. Its owner shuffles it into their library."
"The Super Hero Civil War",2,2,partial,"(As this Saga enters and after your draw step, add a lore counter. Sacrifice aft"
"Cacophony Unleashed",2,2,partial,"When this enchantment enters, if you cast it, destroy all nonenchantment creatur"
"Roar of Endless Song",2,2,partial,"(As this Saga enters and after your draw step, add a lore counter. Sacrifice aft"
"Dáin Ironfoot",2,2,partial,"When Dáin enters, create a colorless Equipment artifact token named Axe with ""Eq"
"Debris Field Crusher",2,2,partial,"When this Spacecraft enters, it deals 3 damage to any target. Station (Tap anoth"
"Uba Mask",2,2,partial,"If a player would draw a card, that player exiles that card face up instead. Eac"
"Cut of the Profits",2,2,partial,"Casualty 3 (As you cast this spell, you may sacrifice a creature with power 3 or"
"Hydra Trainer",2,2,partial,"You may exert this creature as it attacks. When you do, target creature gets +X/"
"Stream of Life",2,2,partial,"Target player gains X life."
"Dune Chanter",2,2,partial,"Reach Lands you control and land cards you own that aren't on the battlefield ar"
"Fogwalker",2,2,partial,"Skulk (This creature can't be blocked by creatures with greater power.) When thi"
"Guardians of Oboro",2,2,partial,"Defender Modified creatures you control can attack as though they didn't have de"
"Infiltrator's Magemark",2,2,partial,"Enchant creature Creatures you control that are enchanted get +1/+1 and can't be"
"Wall of Tears",2,2,partial,"Defender (This creature can't attack.) Whenever this creature blocks a creature,"
"Interface Ace",2,2,partial,"This creature saddles Mounts and crews Vehicles using its toughness rather than "
"Fear of Abduction",2,2,partial,"As an additional cost to cast this spell, exile a creature you control. Flying W"
"Starke of Rath",2,2,partial,"{T}: Destroy target artifact or creature. That permanent's controller gains cont"
"Karvanista, Loyal Lupari // Lupari Shield",2,2,partial,"Vigilance, trample, haste Whenever Karvanista attacks, put a +1/+1 counter on ea"
"Kraven, Proud Predator",2,2,partial,"Vigilance Top of the Food Chain — Kraven's power is equal to the greatest mana v"
"Shocker, Unshakable",2,2,partial,"During your turn, Shocker has first strike. Vibro-Shock Gauntlets — When Shocker"
"Stegron the Dinosaur Man",2,2,partial,"Menace (This creature can't be blocked except by two or more creatures.) Dinosau"
"Harness by Force",2,2,partial,"Strive — This spell costs {2}{R} more to cast for each target beyond the first. "
"Mastermind Plum",2,2,partial,"Whenever Mastermind Plum attacks, exile up to one target card from a graveyard. "
"Charred Graverobber",2,2,partial,"When this creature enters, return target outlaw card from your graveyard to your"
"Prized Unicorn",2,2,partial,"All creatures able to block this creature do so."
"Curator Beastie",2,2,partial,"Reach Colorless creatures you control enter with two additional +1/+1 counters o"
"Sphinx Mindbreaker",2,2,partial,"Flying When this creature enters, each opponent mills ten cards."
"Donnie & April, Adorkable Duo",2,2,partial,"When Donnie & April enter, choose one or both. Each mode must target a different"
"Vanish into Eternity",2,2,partial,"This spell costs {3} more to cast if it targets a creature. Exile target nonland"
"Veiled Ascension",2,2,partial,"When this enchantment enters, put a flying counter on each face-down creature yo"
"Thrilling Encore",2,2,partial,"Put onto the battlefield under your control all creature cards in all graveyards"
"Myojin of Grim Betrayal",2,2,partial,"Myojin of Grim Betrayal enters with an indestructible counter on it if you cast "
"Roxxon Brutes",2,2,partial,"Menace (This creature can't be blocked except by two or more creatures.) Wheneve"
"Heartwarming Redemption",2,2,partial,"Discard all the cards in your hand, then draw that many cards plus one. You gain"
"Drain Power",2,2,partial,"Target player activates a mana ability of each land they control. Then that play"
"Mana Short",2,2,partial,"Tap all lands target player controls and that player loses all unspent mana."
"Screamer-Killer",2,2,partial,"Trample Bio-Plasmic Scream — Whenever you cast a creature spell with mana value "
"Active Volcano",2,2,partial,"Choose one — • Destroy target blue permanent. • Return target Island to its owne"
"Falter",2,2,partial,"Creatures without flying can't block this turn."
"Induced Amnesia",2,2,partial,"When this enchantment enters, target player exiles all cards from their hand fac"
"False Cure",2,2,partial,"Until end of turn, whenever a player gains life, that player loses 2 life for ea"
"Thought Reflection",2,2,partial,"If you would draw a card, draw two cards instead."
"Fortitude",2,2,partial,"Enchant creature Sacrifice a Forest: Regenerate enchanted creature. When this Au"
"Arcades, the Strategist",2,2,partial,"Flying, vigilance Whenever a creature you control with defender enters, draw a c"
"Conflux",2,2,partial,"Search your library for a white card, a blue card, a black card, a red card, and"
"Evra, Halcyon Witness",2,2,partial,"Lifelink {4}: Exchange your life total with Evra's power."
"The Animus",2,2,partial,"At the beginning of your end step, exile up to one target legendary creature car"
"Doorman",2,2,partial,"{T}: Until end of turn, target creature can't be blocked by creatures with power"
"Dryad's Favor",2,2,partial,"Enchant creature Enchanted creature has forestwalk. (It can't be blocked as long"
"Stony Silence",2,2,partial,"Activated abilities of artifacts can't be activated."
"Bishop of Binding",2,2,partial,"When this creature enters, exile target creature an opponent controls until this"
"Murasa Rootgrazer",2,2,partial,"Vigilance {T}: You may put a basic land card from your hand onto the battlefield"
"Crime // Punishment",2,2,partial,"Put target creature or enchantment card from an opponent's graveyard onto the ba"
"Phyrexian Atlas",2,2,partial,"{T}: Add one mana of any color. Corrupted — Whenever this artifact becomes tappe"
"Nether Void",2,2,partial,"Whenever a player casts a spell, counter it unless that player pays {3}."
"Needle Specter",2,2,partial,"Flying Wither (This deals damage to creatures in the form of -1/-1 counters.) Wh"
"Kemba's Banner",2,2,partial,"For Mirrodin! (When this Equipment enters, create a 2/2 red Rebel creature token"
"Obscura Confluence",2,2,partial,"Choose three. You may choose the same mode more than once. • Until end of turn, "
"Venser, Corpse Puppet",2,2,partial,"Lifelink, toxic 1 Whenever you proliferate, choose one — • If you don't control "
"Sway of the Stars",2,2,partial,"Each player shuffles their hand, graveyard, and all permanents they own into the"
"Mirror-Mad Phantasm",2,2,partial,"Flying {1}{U}: This creature's owner shuffles it into their library. If that pla"
"Hollowborn Barghest",2,2,partial,"At the beginning of your upkeep, if you have no cards in hand, each opponent los"
"Minister of Inquiries",2,2,partial,"When this creature enters, you get {E}{E} (two energy counters). {T}, Pay {E}: T"
"Spontaneous Artist",2,2,partial,"When this creature enters, you get {E} (an energy counter). Pay {E}: Target crea"
"Tempest Harvester",2,2,partial,"When this creature enters, you get {E}{E} (two energy counters). {T}, Pay {E}: D"
"Magus of the Will",2,2,partial,"{2}{B}, {T}, Exile this creature: Until end of turn, you may play lands and cast"
"Fateful Handoff",2,2,partial,"Draw cards equal to the mana value of target artifact or creature you control. A"
"Taniwha",2,2,partial,"Trample Phasing (This phases in or out before you untap during each of your unta"
"Shameless Charlatan",2,2,partial,"Commander creatures you own have ""{2}{U}: This creature becomes a copy of anothe"
"Ironscale Hydra",2,2,partial,"If a creature would deal combat damage to this creature, prevent that damage and"
"Rofellos's Gift",2,2,partial,"Reveal any number of green cards in your hand. Return an enchantment card from y"
"Genju of the Cedars",2,2,partial,"Enchant Forest {2}: Enchanted Forest becomes a 4/4 green Spirit creature until e"
"Predatory Rampage",2,2,partial,"Creatures you control get +3/+3 until end of turn. Each creature your opponents "
"Panoptic Projektor",2,2,partial,"{T}: The next face-down creature spell you cast this turn costs {3} less to cast"
"Temur War Shaman",2,2,partial,"When this creature enters, manifest the top card of your library. (Put that card"
"Hide in Plain Sight",2,2,partial,"Look at the top five cards of your library, cloak two of them, and put the rest "
"Liege of the Tangle",2,2,partial,"Trample Whenever this creature deals combat damage to a player, you may choose a"
"Vow of Wildness",2,2,partial,"Enchant creature Enchanted creature gets +3/+3, has trample, and can't attack yo"
"Experimental Lab // Staff Room",2,2,partial,"When you unlock this door, manifest dread, then put two +1/+1 counters and a tra"
"Sudden Salvation",2,2,partial,"Choose up to three target permanent cards in graveyards that were put there from"
"Hollowhenge Spirit",2,2,partial,"Flash (You may cast this spell any time you could cast an instant.) Flying When "
"Rhoda, Geist Avenger",2,2,partial,"Partner with Timin, Youthful Geist (When this creature enters, target player may"
"Barbed Wire",2,2,partial,"At the beginning of each player's upkeep, this artifact deals 1 damage to that p"
"Dorothea, Vengeful Victim // Dorothea's Retribution",2,2,partial,"Flying When Dorothea attacks or blocks, sacrifice it at end of combat. Disturb {"
"Invocation of Saint Traft",2,2,partial,"Enchant creature Enchanted creature has ""Whenever this creature attacks, create "
"Corrupted Grafstone",2,2,partial,"This artifact enters tapped. {T}: Choose a color of a card in your graveyard. Ad"
"Niblis of Frost",2,2,partial,"Flying Prowess (Whenever you cast a noncreature spell, this creature gets +1/+1 "
"Bog Rats",2,2,partial,"This creature can't be blocked by Walls."
"Minions' Murmurs",2,2,partial,"You draw X cards and you lose X life, where X is the number of creatures you con"
"Rakshasa Debaser",2,2,partial,"Whenever this creature attacks, put target creature card from defending player's"
"Duggan, Private Detective",2,2,partial,"Duggan's power and toughness are each equal to the number of cards in your hand."
"Sophia, Dogged Detective",2,2,partial,"When Sophia enters, create Tiny, a legendary 2/2 green Dog Detective creature to"
"Grasping Current",2,2,partial,"Return up to two target creatures to their owner's hand. Search your library and"
"Case of the Pilfered Proof",2,2,partial,"Whenever a Detective you control enters or is turned face up, put a +1/+1 counte"
"Madame Vastra",2,2,partial,"Partner with Jenny Flint (When this creature enters, target player may put Jenny"
"Mistway Spy",2,2,partial,"Flying Disguise {1}{U} (You may cast this card face down for {3} as a 2/2 creatu"
"Press for Answers",2,2,partial,"Tap target creature. It doesn't untap during its controller's next untap step. I"
"Gauntlet of Might",2,2,partial,"Red creatures get +1/+1. Whenever a Mountain is tapped for mana, its controller "
"Scrambleverse",2,2,partial,"For each nonland permanent, choose a player at random. Then each player gains co"
"Glimpse of Tomorrow",2,2,partial,"Suspend 3—{R}{R} Shuffle all permanents you own into your library, then reveal t"
"Invasion of Regatha // Disciples of the Inferno",2,2,partial,"(As a Siege enters, choose an opponent to protect it. You and others can attack "
"Ox Drover",2,2,partial,"Vigilance This creature can't be blocked by Oxen. Whenever this creature enters "
"Reverence",2,2,partial,"Creatures with power 2 or less can't attack you."
"Closing Statement",2,2,partial,"This spell costs {2} less to cast during your end step. Destroy target creature "
"Detainment Spell",2,2,partial,"Enchant creature Enchanted creature's activated abilities can't be activated. {1"
"Life's Finale",2,2,partial,"Destroy all creatures, then search target opponent's library for up to three cre"
"Codecracker Hound",2,2,partial,"When this creature enters, look at the top two cards of your library. Put one in"
"Jiang Yanggu, Never Alone",2,2,partial,"When Jiang Yanggu enters, create Mowu, a legendary 3/3 green Dog creature token."
"Drizzt Do'Urden",2,2,partial,"Double strike When Drizzt enters, create Guenhwyvar, a legendary 4/1 green Cat c"
"Tolsimir, Midnight's Light",2,2,partial,"Lifelink When Tolsimir enters, create Voja Fenstalker, a legendary 5/5 green and"
"Relic Amulet",2,2,partial,"Whenever you cast an instant, sorcery, or Wizard spell, put a charge counter on "
"Ignite Memories",2,2,partial,"Target player reveals a card at random from their hand. Ignite Memories deals da"
"Radiant Performer",2,2,partial,"Flash When this creature enters, if you cast it from your hand, choose target sp"
"Duskmourn's Domination",2,2,partial,"Enchant creature You control enchanted creature. Enchanted creature gets -3/-0 a"
"Midnight Mayhem",2,2,partial,"Create three 1/1 red Gremlin creature tokens. Gremlins you control gain menace, "
"Blessing of Frost",2,2,partial,"Distribute X +1/+1 counters among any number of creatures you control, where X i"
"Beckoning Will-o'-Wisp",2,2,partial,"Flying Lure the Unwary — At the beginning of combat on your turn, choose an oppo"
"Goblin Racketeer",2,2,partial,"Whenever this creature attacks, you may goad target creature defending player co"
"Queen Mother Ramonda",2,2,partial,"When Queen Mother Ramonda enters, you become the monarch. As long as you're the "
"Taunting Kobold",2,2,partial,"Haste Whenever this creature attacks, goad target creature an opponent controls."
"Feather, Radiant Arbiter",2,2,partial,"Flying, lifelink Whenever you cast a noncreature spell that targets only Feather"
"Balefang the Unslayable",2,2,partial,"Flying, trample, protection from Angels and from Archons Players can't gain life"
"Caught Red-Handed",2,2,partial,"This spell can't be countered. (This includes by the ward ability.) Gain control"
"Frantic Scapegoat",2,2,partial,"Haste When this creature enters, suspect it. (It has menace and can't block.) Wh"
"Sidequest: Play Blitzball // World Champion, Celestial Weapon",2,2,partial,"At the beginning of combat on your turn, target creature you control gets +2/+0 "
"Boldwyr Aggressor",2,2,partial,"Double strike Other Giants you control have double strike."
"Iron Hills Blacksmith",2,2,partial,"Double strike When this creature enters, create a colorless Equipment artifact t"
"Dazzling Reflection",2,2,partial,"You gain life equal to target creature's power. The next time that creature woul"
"Hallowed Burial",2,2,partial,"Put all creatures on the bottom of their owners' libraries."
"In the Trenches",2,2,partial,"Creatures you control get +1/+1. {5}{W}: Exile target nonland permanent you don'"
"From Under the Floorboards",2,2,partial,"Madness {X}{B}{B} (If you discard this card, discard it into exile. When you do,"
"Whip Silk",2,2,partial,"Enchant creature Enchanted creature has reach. (It can block creatures with flyi"
"Iona's Blessing",2,2,partial,"Enchant creature Enchanted creature gets +2/+2, has vigilance, and can block an "
"Nyxborn Unicorn",2,2,partial,"Bestow {3}{W} (If you cast this card for its bestow cost, it's an Aura spell wit"
"Timber Paladin",2,2,partial,"As long as this creature is enchanted by exactly one Aura, it has base power and"
"Giant Inheritance",2,2,partial,"Enchant creature Enchanted creature gets +5/+5 and has ""Whenever this creature a"
"Wheel of Sun and Moon",2,2,partial,"Enchant player If a card would be put into enchanted player's graveyard from any"
"Twilight Shepherd",2,2,partial,"Flying, vigilance When this creature enters, return to your hand all cards in yo"
"Black Panther, Wakandan King",2,2,partial,"First strike Survey the Realm — Whenever Black Panther or another creature you c"
"Shared Triumph",2,2,partial,"As this enchantment enters, choose a creature type. Creatures of the chosen type"
"Launch the Fleet",2,2,partial,"Strive — This spell costs {1} more to cast for each target beyond the first. Unt"
"Road of Return",2,2,partial,"Choose one — • Return target permanent card from your graveyard to your hand. • "
"Hercules, Prince of Power",2,2,partial,"Power-up — {4}{G}: Put a +1/+1 counter on Hercules. He gains vigilance, indestru"
"Origin of Iron Man",2,2,partial,"(As this Saga enters and after your draw step, add a lore counter. Sacrifice aft"
"Aethertide Whale",2,2,partial,"Flying When this creature enters, you get six {E} (energy counters). Pay {E}{E}{"
"Filigree Racer",2,2,partial,"When this Vehicle enters, you get {E}{E}{E}{E} (four energy counters). Whenever "
"Gruul Charm",2,2,partial,"Choose one — • Creatures without flying can't block this turn. • Gain control of"
"Targ Nar, Demon-Fang Gnoll",2,2,partial,"Pack tactics — Whenever Targ Nar attacks, if you attacked with creatures with to"
"Glint Weaver",2,2,partial,"Reach When this creature enters, distribute three +1/+1 counters among one, two,"
"Slavering Branchsnapper",2,2,partial,"Trample Forestcycling {2} ({2}, Discard this card: Search your library for a For"
"Provoke",2,2,partial,"Untap target creature you don't control. That creature blocks this turn if able."
"Shakedown Heavy",2,2,partial,"Menace Whenever this creature attacks, defending player may have you draw a card"
"Kusari-Gama",2,2,partial,"Equipped creature has ""{2}: This creature gets +1/+0 until end of turn."" Wheneve"
"Champion of Dusan",2,2,partial,"Trample Renew — {1}{G}, Exile this card from your graveyard: Put a +1/+1 counter"
"Greater Gargadon",2,2,partial,"Suspend 10—{R} Sacrifice an artifact, creature, or land: Remove a time counter f"
"Amarant Coral",2,2,partial,"Trample Amarant Coral attacks each combat if able. No Mercy — Whenever Amarant C"
"Cait, Cage Brawler",2,2,partial,"During your turn, Cait has indestructible. Whenever Cait attacks, you and defend"
"Coram, the Undertaker",2,2,partial,"Coram gets +X/+0, where X is the greatest power among creature cards in all grav"
"Talon Sliver",2,2,partial,"All Sliver creatures have first strike."
"Vampiric Sliver",2,2,partial,"All Sliver creatures have ""Whenever a creature dealt damage by this creature thi"
"Eye of Ojer Taq // Apex Observatory",2,2,partial,"{T}: Add one mana of any color. Craft with two that share a card type {6} ({6}, "
"Ian Chesterton",2,2,partial,"Science Teacher — Each Saga spell you cast has replicate. The replicate cost is "
"Disorienting Choice",2,2,partial,"For each opponent, choose up to one target artifact or enchantment that player c"
"Metamorphic Blast",2,2,partial,"Spree (Choose one or more additional costs.) + {1} — Until end of turn, target c"
"Run Ashore",2,2,partial,"Choose one or both — • The owner of target nonland permanent puts it on their ch"
"Treetop Bracers",2,2,partial,"Enchant creature (Target a creature as you cast this. This card enters attached "
"Shilgengar, Sire of Famine",2,2,partial,"Flying Sacrifice another creature: Create a Blood token. If you sacrificed an An"
"Nikara, Lair Scavenger",2,2,partial,"Partner with Yannik, Scavenging Sentinel (When this creature enters, target play"
"Wernog, Rider's Chaplain",2,2,partial,"When Wernog, Rider's Chaplain enters or leaves the battlefield, each opponent ma"
"Marit Lage's Slumber",2,2,partial,"Whenever Marit Lage's Slumber or another snow permanent you control enters, scry"
"Feral Encounter",2,2,partial,"Look at the top five cards of your library. You may exile a creature card from a"
"Satyr's Cunning",2,2,partial,"Create a 1/1 red Satyr creature token with ""This token can't block."" Escape—{2}{"
"Fire Servant",2,2,partial,"If a red instant or sorcery spell you control would deal damage, it deals double"
"Charging Cinderhorn",2,2,partial,"Haste At the beginning of each player's end step, if no creatures attacked this "
"Release the Gremlins",2,2,partial,"Destroy X target artifacts. Create X 2/2 red Gremlin creature tokens."
"Viashino Heretic",2,2,partial,"{1}{R}, {T}: Destroy target artifact. This creature deals damage to that artifac"
"Vicious Shadows",2,2,partial,"Whenever a creature dies, you may have this enchantment deal damage to target pl"
"Deluge",2,2,partial,"Tap all creatures without flying."
"Boros Fury-Shield",2,2,partial,"Prevent all combat damage that would be dealt by target attacking or blocking cr"
"Nissa, Genesis Mage",2,2,partial,"+2: Untap up to two target creatures and up to two target lands. −3: Target crea"
"Polukranos, World Eater",2,2,partial,"{X}{X}{G}: Monstrosity X. (If this creature isn't monstrous, put X +1/+1 counter"
"Gustcloak Runner",2,2,partial,"Whenever this creature becomes blocked, you may untap it and remove it from comb"
"Cenn's Tactician",2,2,partial,"{W}, {T}: Put a +1/+1 counter on target Soldier creature. Each creature you cont"
"Worzel, the Protector",2,2,partial,"0: Create a 1/1 white Cat creature token with ""{T}: Put a loyalty counter on eac"
"Jace's Ruse",2,2,partial,"Return up to two target creatures to their owner's hand. You may search your lib"
"Send to Sleep",2,2,partial,"Tap up to two target creatures. Spell mastery — If there are two or more instant"
"Way of the Cryomancer",2,2,partial,"When Way of the Cryomancer enters, empower Jace 5. (Put five loyalty counters on"
"Exocrine",2,2,partial,"Ravenous (This creature enters with X +1/+1 counters on it. If X is 5 or more, d"
"Ulamog's Despoiler",2,2,partial,"As this creature enters, you may put two cards your opponents own from exile int"
"Demonfire",2,2,partial,"Demonfire deals X damage to any target. If a creature dealt damage this way woul"
"Alaundo the Seer",2,2,partial,"{T}: Draw a card, then exile a card from your hand and put a number of time coun"
"The Foretold Soldier",2,2,partial,"This creature must be blocked if able. This creature can't be blocked by more th"
"Rude Awakening",2,2,partial,"Choose one — • Untap all lands you control. • Until end of turn, lands you contr"
"Seasons Past",2,2,partial,"Return any number of cards with different mana values from your graveyard to you"
"Ghastly Conscription",2,2,partial,"Exile all creature cards from target player's graveyard in a face-down pile, shu"
"Keeper of the Light",2,2,partial,"{W}, {T}: Choose target opponent who has more life than you do as you activate t"
"Gloomshrieker",2,2,partial,"Menace (This creature can't be blocked except by two or more creatures.) When th"
"Localized Destruction",2,2,partial,"You get {E} (an energy counter), then you may pay one or more {E}. If you do, ea"
"Solstice Zealot",2,2,partial,"When this creature enters, you get {E}{E} (two energy counters). {T}, Pay {E}: T"
"Mortal Combat",2,2,partial,"At the beginning of your upkeep, if twenty or more creature cards are in your gr"
"Neera, Wild Mage",2,2,partial,"Whenever you cast a spell, you may put it on the bottom of its owner's library. "
"Herald of Hoofbeats",2,2,partial,"Horsemanship (This creature can't be blocked except by creatures with horsemansh"
"Long List of the Ents",2,2,partial,"(As this Saga enters and after your draw step, add a lore counter. Sacrifice aft"
"Sharktocrab",2,2,partial,"{2}{G}{U}: Adapt 1. (If this creature has no +1/+1 counters on it, put a +1/+1 c"
"Dwarven Shortsword",2,2,partial,"When this Equipment enters, create a 2/2 red Dwarf creature token, then attach t"
"Splitting the Powerstone",2,2,partial,"As an additional cost to cast this spell, sacrifice an artifact. Create two tapp"
"Niveous Wisps",2,2,partial,"Target creature becomes white until end of turn. Tap that creature. Draw a card."
"Soul-Strike Technique",2,2,partial,"Enchant creature Enchanted creature gets +1/+1 and has vigilance. When enchanted"
"Jump Scare",2,2,partial,"Until end of turn, target creature gets +2/+2, gains flying, and becomes a Horro"
"Mesa Lynx",2,2,partial,"During turns other than yours, this creature gets +0/+2."
"An-Zerrin Ruins",2,2,partial,"As this enchantment enters, choose a creature type. Creatures of the chosen type"
"Kargan Dragonlord",2,2,partial,"Level up {R} ({R}: Put a level counter on this. Level up only as a sorcery.) LEV"
"Ahn-Crop Crasher",2,2,partial,"Haste (This creature can attack and {T} as soon as it comes under your control.)"
"Blood Tribute",2,2,partial,"Kicker—Tap an untapped Vampire you control. (You may tap a Vampire you control i"
"Hungry Graffalon",2,2,partial,"Reach Increment (Whenever you cast a spell, if the amount of mana you spent is g"
"Animating Faerie // Bring to Life",2,2,partial,"Flying // Target noncreature artifact you control becomes a 0/0 artifact creatur"
"Candlekeep Inspiration",2,2,partial,"Until end of turn, creatures you control have base power and toughness X/X, wher"
"Majestic Metamorphosis",2,2,partial,"Until end of turn, target artifact or creature becomes a 4/4 Angel artifact crea"
"Arcane Endeavor",2,2,partial,"Roll two d8 and choose one result. Draw cards equal to that result. Then you may"
"Boing!",2,2,partial,"Return target creature to its owner's hand, then roll a six-sided die. If the re"
"Lightning Crafter",2,2,partial,"Champion a Goblin or Shaman (When this enters, sacrifice it unless you exile ano"
"Patron of the Akki",2,2,partial,"Goblin offering (You may cast this spell any time you could cast an instant by s"
"Flameshot",2,2,partial,"You may discard a Mountain card rather than pay this spell's mana cost. Flamesho"
"Alliance of Arms",2,2,partial,"Join forces — Starting with you, each player may pay any amount of mana. Each pl"
"Varchild's War-Riders",2,2,partial,"Cumulative upkeep—Have an opponent create a 1/1 red Survivor creature token. (At"
"Stolen Goods",2,2,partial,"Target opponent exiles cards from the top of their library until they exile a no"
"Become the Pilot",2,2,partial,"Enchant noncommander creature You control enchanted creature. Enchanted creature"
"Jinxed Ring",2,2,partial,"Whenever a nontoken permanent is put into your graveyard from the battlefield, t"
"Psychic Impetus",2,2,partial,"Enchant creature Enchanted creature gets +2/+2 and is goaded. (It attacks each c"
"Mechan Shieldmate",2,2,partial,"Defender As long as an artifact entered the battlefield under your control this "
"Gideon Jura",2,2,partial,"+2: During target opponent's next turn, creatures that player controls attack Gi"
"Princess Yue",2,2,partial,"When Princess Yue dies, if she was a nonland creature, return this card to the b"
"Sisters of Stone Death",2,2,partial,"{G}: Target creature blocks Sisters of Stone Death this turn if able. {B}{G}: Ex"
"Juggernaut",2,2,partial,"This creature attacks each combat if able. This creature can't be blocked by Wal"
"Steal Artifact",2,2,partial,"Enchant artifact You control enchanted artifact."
"Aura Thief",2,2,partial,"Flying When this creature dies, you gain control of all enchantments. (You don't"
"Monastery Siege",2,2,partial,"As this enchantment enters, choose Khans or Dragons. • Khans — At the beginning "
"Persuasive Interrogators",2,2,partial,"When this creature enters, investigate. (Create a Clue token. It's an artifact w"
"Vraska, Scheming Gorgon",2,2,partial,"+2: Creatures you control get +1/+0 until end of turn. −3: Destroy target creatu"
"Budoka Gardener // Dokai, Weaver of Life",2,2,partial,"{T}: You may put a land card from your hand onto the battlefield. If you control"
"Reito Lantern",2,2,partial,"{3}: Put target card from a graveyard on the bottom of its owner's library."
"Flotsam // Jetsam",2,2,partial,"Mill three cards. Investigate. (Create a Clue token. It's an artifact with ""{2},"
"Ondu Knotmaster // Throw a Line",2,2,partial,"Lifelink Whenever another modified creature you control dies, put two +1/+1 coun"
"Underworld Cerberus",2,2,partial,"This creature can't be blocked except by three or more creatures. Cards in grave"
"Grand Melee",2,2,partial,"All creatures attack each combat if able. All creatures block each combat if abl"
"Circle of Protection: White",2,2,partial,"{1}: The next time a white source of your choice would deal damage to you this t"
"Ensnare",2,2,partial,"You may return two Islands you control to their owner's hand rather than pay thi"
"Puca's Eye",2,2,partial,"When this artifact enters, draw a card, then choose a color. This artifact becom"
"Repulsor Bots",2,2,partial,"Flying (This creature can't be blocked except by creatures with flying or reach."
"Kree Sentinel",2,2,partial,"Reach Basic landcycling {2} ({2}, Discard this card: Search your library for a b"
"Widow's Bite",2,2,partial,"Teamwork 3 (As an additional cost to cast this spell, you may tap any number of "
"Ancestral Communion",2,2,partial,"When you cast this spell while you control your commander, copy this spell. You "
"Absorbing Man",2,2,partial,"Vigilance At the beginning of your first main phase, until your next turn, Absor"
"Human Torch",2,2,partial,"At the beginning of combat on your turn, if you've cast a noncreature spell this"
"Cautery Sliver",2,2,partial,"All Slivers have ""{1}, Sacrifice this permanent: This permanent deals 1 damage t"
"Coalition Victory",2,2,partial,"You win the game if you control a land of each basic land type and a creature of"
"Winter, Cursed Rider",2,2,partial,"Ward—Pay 2 life. Artifacts you control have ""Ward—Pay 2 life."" Exhaust — {2}{U}{"
"Disintegrate",2,2,partial,"Disintegrate deals X damage to any target. If it's a creature, it can't be regen"
"Alpine Guide",2,2,partial,"When this creature enters, you may search your library for a Mountain card, put "
"Themberchaud",2,2,partial,"Trample When Themberchaud enters, he deals X damage to each other creature witho"
"Magma Pummeler",2,2,partial,"This creature enters with X +1/+1 counters on it. If damage would be dealt to th"
"Enduring Bondwarden",2,2,partial,"Backup 1 (When this creature enters, put a +1/+1 counter on target creature. If "
"Parish-Blade Trainee",2,2,partial,"Training (Whenever this creature attacks with another creature with greater powe"
"Urza Assembles the Titans",2,2,partial,"Read ahead (Choose a chapter and start with that many lore counters. Add one aft"
"Secret Salvage",2,2,partial,"Exile target nonland card from your graveyard. Search your library for any numbe"
"All Hallow's Eve",2,2,partial,"Exile All Hallow's Eve with two scream counters on it. At the beginning of your "
"Fae Offering",2,2,partial,"At the beginning of each end step, if you've cast both a creature spell and a no"
"Tormentor's Helm",2,2,partial,"Equipped creature gets +1/+1. Whenever equipped creature becomes blocked, it dea"
"Sapphire Charm",2,2,partial,"Choose one — • Target player draws a card at the beginning of the next turn's up"
"Egon, God of Death // Throne of Death",2,2,partial,"Deathtouch At the beginning of your upkeep, exile two cards from your graveyard."
"Hands of Binding",2,2,partial,"Tap target creature an opponent controls. That creature doesn't untap during its"
"Veteran Ice Climber",2,2,partial,"Vigilance This creature can't be blocked. Whenever this creature attacks, up to "
"Gorm the Great",2,2,partial,"Partner with Virtus the Veiled (When this creature enters, target player may put"
"Umori, the Collector",2,2,partial,"Companion — Each nonland card in your starting deck shares a card type. (If this"
"Legacy's Allure",2,2,partial,"At the beginning of your upkeep, you may put a treasure counter on this enchantm"
"Nathan Drake, Treasure Hunter",2,2,partial,"First strike You may spend mana as though it were mana of any color to cast spel"
"Pirate's Cutlass",2,2,partial,"When this Equipment enters, attach it to target Pirate you control. Equipped cre"
"Dream Tides",2,2,partial,"Creatures don't untap during their controllers' untap steps. At the beginning of"
"Startled Awake // Persistent Nightmare",2,2,partial,"Target opponent mills thirteen cards. {3}{U}{U}: Put this card from your graveya"
"Space Beleren",2,2,partial,"Space sculptor (Space Beleren divides the battlefield into alpha, beta, and gamm"
"Planar Collapse",2,2,partial,"At the beginning of your upkeep, if there are four or more creatures on the batt"
"Mirror Match",2,2,partial,"Cast this spell only during the declare blockers step. For each creature attacki"
"Boltbender",2,2,partial,"Disguise {1}{R} (You may cast this card face down for {3} as a 2/2 creature with"
"Flamekin Herald",2,2,partial,"Commander spells you cast have cascade. (Whenever you cast a commander, exile ca"
"Mongoose Lizard",2,2,partial,"Menace (This creature can't be blocked except by two or more creatures.) When th"
"Conductive Machete",2,2,partial,"When this Equipment enters, manifest dread, then attach this Equipment to that c"
"Killer's Mask",2,2,partial,"When this Equipment enters, manifest dread, then attach this Equipment to that c"
"Bedhead Beastie",2,2,partial,"Menace (This creature can't be blocked except by two or more creatures.) Mountai"
"Phyrexian Revoker",2,2,partial,"As this creature enters, choose a nonland card name. Activated abilities of sour"
"Razorgrass Screen",2,2,partial,"Defender (This creature can't attack.) This creature blocks each combat if able."
"Sage of the Maze",2,2,partial,"{T}: Add two mana in any combination of colors. {T}: Until end of turn, target l"
"Crab Umbra",2,2,partial,"Enchant creature {2}{U}: Untap enchanted creature. Umbra armor (If enchanted cre"
"Ondu Cleric",2,2,partial,"Whenever this creature or another Ally you control enters, you may gain life equ"
"Phyrexian Ingester",2,2,partial,"Imprint — When this creature enters, you may exile target nontoken creature. Thi"
"Psychic Battle",2,2,partial,"Whenever a player chooses one or more targets, each player reveals the top card "
"Hexhaven Invigorator",2,2,partial,"Vigilance Whenever this creature is dealt damage, you may search your library fo"
"Wakanda Forever!",2,2,partial,"Reveal the top six cards of your library. You may put a permanent card from amon"
"Abeyance",2,2,partial,"Until end of turn, target player can't cast instant or sorcery spells, and that "
"Blinding Light",2,2,partial,"Tap all nonwhite creatures."
"Debt of Loyalty",2,2,partial,"Regenerate target creature. You gain control of that creature if it regenerates "
"Dust to Dust",2,2,partial,"Exile two target artifacts."
"Mesa Pegasus",2,2,partial,"Flying; banding (Any creatures with banding, and up to one without, can attack i"
"Circle of Protection: Blue",2,2,partial,"{1}: The next time a blue source of your choice would deal damage to you this tu"
"Divine Sacrament",2,2,partial,"White creatures get +1/+1. Threshold — White creatures get an additional +1/+1 a"
"Stonecloaker",2,2,partial,"Flash Flying When this creature enters, return a creature you control to its own"
"Humble",2,2,partial,"Until end of turn, target creature loses all abilities and has base power and to"
"Decimator Web",2,2,partial,"{4}, {T}: Target opponent loses 2 life, gets a poison counter, then mills six ca"
"Abyssal Nightstalker",2,2,partial,"Whenever this creature attacks and isn't blocked, defending player discards a ca"
"Boneknitter",2,2,partial,"{1}{B}: Regenerate target Zombie. Morph {2}{B} (You may cast this card face down"
"Hulkling, Young Avenger",2,2,partial,"Flying Whenever you cast a noncreature spell, Hulkling becomes a copy of up to o"
"Ant-Man, Elusive Avenger",2,2,partial,"Ant-Man can't be blocked by creatures with greater power. Whenever Ant-Man deals"
"Sanar, Innovative First-Year",2,2,partial,"Vivid — At the beginning of your first main phase, reveal cards from the top of "
"True Polymorph",2,2,partial,"Target artifact or creature becomes a copy of another target artifact or creatur"
"Breeches, the Blastmaker",2,2,partial,"Menace Whenever you cast your second spell each turn, you may sacrifice an artif"
"Jurin, Leading the Charge",2,2,partial,"Haste Jurin must be blocked if able. Whenever Jurin attacks, each creature you c"
"Time of Ice",2,2,partial,"(As this Saga enters and after your draw step, add a lore counter. Sacrifice aft"
"Midnight Mangler",2,2,partial,"During turns other than yours, this Vehicle is an artifact creature. Crew 2 (Tap"
"Opposition",2,2,partial,"Tap an untapped creature you control: Tap target artifact, creature, or land."
"Thought Sponge",2,2,partial,"Flash This creature enters with a number of +1/+1 counters on it equal to the gr"
"Glistening Dawn",2,2,partial,"Incubate X twice, where X is the number of lands you control. (To incubate X, cr"
"Soul Seizer // Ghastly Haunting",2,2,partial,"Flying When this creature deals combat damage to a player, you may transform it."
"Lavinia of the Tenth",2,2,partial,"Protection from red When Lavinia enters, detain each nonland permanent your oppo"
"Niko, Light of Hope",2,2,partial,"When Niko enters, create two Shard tokens. (They're enchantments with ""{2}, Sacr"
"Mishra, Tamer of Mak Fawa",2,2,partial,"Permanents you control have ""Ward—Sacrifice a permanent."" Each artifact card in "
"Nomad Decoy",2,2,partial,"{W}, {T}: Tap target creature. Threshold — {W}{W}, {T}: Tap two target creatures"
"Appa, Aang's Companion",2,2,partial,"Flying (This creature can't be blocked except by creatures with flying or reach."
"Injector Crocodile",2,2,partial,"When this creature dies, incubate 3. (Create an Incubator token with three +1/+1"
"Invasion of Ulgrotha // Grandmother Ravi Sengir",2,2,partial,"(As a Siege enters, choose an opponent to protect it. You and others can attack "
"Dire Mimic",2,2,partial,"Flash {T}, Sacrifice this artifact: Add one mana of any color. {3}: This artifac"
"Eye of Malcator",2,2,partial,"When this artifact enters, scry 2. (Look at the top two cards of your library, t"
"Keeper of Progenitus",2,2,partial,"Whenever a player taps a Mountain, Forest, or Plains for mana, that player adds "
"Mages' Contest",2,2,partial,"You and target spell's controller bid life. You start the bidding with a bid of "
"Seeker of Slaanesh",2,2,partial,"Haste Allure of Slaanesh — Each opponent must attack with at least one creature "
"Hoverstone Pilgrim",2,2,partial,"Flying Ward {2} (Whenever this creature becomes the target of a spell or ability"
"Jaws of Stone",2,2,partial,"Jaws of Stone deals X damage divided as you choose among any number of targets, "
"Pardic Miner",2,2,partial,"Sacrifice this creature: Target player can't play lands this turn."
"Pharagax Giant",2,2,partial,"Tribute 2 (As this creature enters, an opponent of your choice may put two +1/+1"
"Stone Calendar",2,2,partial,"Spells you cast cost {1} less to cast."
"Zog, Triceraton Castaway",2,2,partial,"Reach, trample When Zog enters, target creature can't block this turn. Mountainc"
"Undercity Upheaval",2,2,partial,"Undergrowth — Distribute X +1/+1 counters among any number of target creatures y"
"Sheoldred's Restoration",2,2,partial,"Kicker {2}{W} (You may pay an additional {2}{W} as you cast this spell.) Return "
"Culling Mark",2,2,partial,"Target creature blocks this turn if able."
"Reaper of Night // Harvest Fear",2,2,partial,"Whenever this creature attacks, if defending player has two or fewer cards in ha"
"Scarab Feast",2,2,partial,"Exile up to three target cards from a single graveyard. Cycling {B} ({B}, Discar"
"Sleeper Dart",2,2,partial,"When this artifact enters, draw a card. {T}, Sacrifice this artifact: Target cre"
"Totentanz, Swarm Piper",2,2,partial,"Whenever Totentanz or another nontoken creature you control dies, create a 1/1 b"
"Subira, Tulzidi Caravanner",2,2,partial,"Haste {1}: Another target creature with power 2 or less can't be blocked this tu"
"Total War",2,2,partial,"Whenever a player attacks with one or more creatures, destroy all untapped non-W"
"Faith's Reward",2,2,partial,"Return to the battlefield all permanent cards in your graveyard that were put th"
"Repentance",2,2,partial,"Target creature deals damage to itself equal to its power."
"Dragon Hunter",2,2,partial,"Protection from Dragons This creature can block Dragons as though it had reach."
"Infernal Rebirth",2,2,partial,"Return one or two target creature cards from your graveyard to your hand. Basic "
"Mark of Asylum",2,2,partial,"Prevent all noncombat damage that would be dealt to creatures you control."
"Purity",2,2,partial,"Flying If noncombat damage would be dealt to you, prevent that damage. You gain "
"Vow to Erebor",2,2,partial,"Untap target creature you control. It gets +2/+2 until end of turn. If it's a Dw"
"Celestial Dawn",2,2,partial,"Lands you control are Plains. Nonland permanents you control are white. The same"
"Darkest Hour",2,2,partial,"All creatures are black."
"Duskfang Mentor",2,2,partial,"When this creature enters, put a lifelink counter on target non-Human creature y"
"Thunderstaff",2,2,partial,"As long as this artifact is untapped, if a creature would deal combat damage to "
"Festergloom",2,2,partial,"Nonblack creatures get -1/-1 until end of turn."
"Mephitic Ooze",2,2,partial,"This creature gets +1/+0 for each artifact you control. Whenever this creature d"
"Phylactery Lich",2,2,partial,"Indestructible As this creature enters, put a phylactery counter on an artifact "
"Ajani's Presence",2,2,partial,"Strive — This spell costs {2}{W} more to cast for each target beyond the first. "
"Guardian of Tazeem",2,2,partial,"Flying Landfall — Whenever a land you control enters, tap target creature an opp"
"Command the Dreadhorde",2,2,partial,"Choose any number of target creature and/or planeswalker cards in graveyards. Co"
"Abuelo's Awakening",2,2,partial,"Return target artifact or non-Aura enchantment card from your graveyard to the b"
"Eiganjo Uprising",2,2,partial,"Create X 2/2 white Samurai creature tokens with vigilance. They gain menace and "
"Academy Loremaster",2,2,partial,"At the beginning of each player's draw step, that player may draw an additional "
"Gwafa Hazid, Profiteer",2,2,partial,"{W}{U}, {T}: Put a bribery counter on target creature you don't control. Its con"
"Auspicious Starrix",2,2,partial,"Mutate {5}{G} (If you cast this spell for its mutate cost, put it over or under "
"Mindleecher",2,2,partial,"Mutate {4}{B} (If you cast this spell for its mutate cost, put it over or under "
"Mythos of Illuna",2,2,partial,"Create a token that's a copy of target permanent. If {R}{G} was spent to cast th"
"Garth One-Eye",2,2,partial,"{T}: Choose a card name that hasn't been chosen from among Disenchant, Braingeys"
"Genju of the Realm",2,2,partial,"Enchant land {2}: Enchanted land becomes a legendary 8/12 Spirit creature with t"
"Invasion of Alara // Awaken the Maelstrom",2,2,partial,"When this Siege enters, exile cards from the top of your library until you exile"
"Primeval Spawn",2,2,partial,"If this creature would enter and it wasn't cast or no mana was spent to cast it,"
"Simian Sling",2,2,partial,"Equipped creature gets +1/+1. Whenever this creature or equipped creature become"
"Magebane Armor",2,2,partial,"Equipped creature gets +2/+4 and loses flying. Prevent all noncombat damage that"
"Daring Fiendbonder",2,2,partial,"Haste This creature attacks each combat if able. {1}{B}, Exile this card from yo"
"Bob, Reluctant HYDRA Agent",2,2,partial,"Whenever Bob attacks alone, return him to his owner's hand. If you do, each oppo"
"Drillworks Mole",2,2,partial,"{2}, {T}: Put a +1/+1 counter on this creature and a +1/+1 counter on up to one "
"Legerdemain",2,2,partial,"Exchange control of target artifact or creature and another target permanent tha"
"Shifting Loyalties",2,2,partial,"Exchange control of two target permanents that share a card type. (Artifact, cre"
"Spawnbroker",2,2,partial,"When this creature enters, you may exchange control of target creature you contr"
"Switcheroo",2,2,partial,"Exchange control of two target creatures."
"Floodgate",2,2,partial,"Defender When this creature has flying, sacrifice it. When this creature leaves "
"Invisibility",2,2,partial,"Enchant creature Enchanted creature can't be blocked except by Walls."
"Berg Strider",2,2,partial,"When this creature enters, tap target artifact or creature an opponent controls."
"Boarded Window",2,2,partial,"Creatures attacking you get -1/-0. At the beginning of each end step, if you wer"
"Somberwald Beastmaster",2,2,partial,"When this creature enters, create a 2/2 green Wolf creature token, a 3/3 green B"
"Predator's Gambit",2,2,partial,"Enchant creature Enchanted creature gets +2/+1. Enchanted creature has intimidat"
"Blessing of Leeches",2,2,partial,"Flash Enchant creature At the beginning of your upkeep, you lose 1 life. {0}: Re"
"Soul Channeling",2,2,partial,"Enchant creature Pay 2 life: Regenerate enchanted creature."
"Reckless Spite",2,2,partial,"Destroy two target nonblack creatures. You lose 5 life."
"High Ground",2,2,partial,"Each creature you control can block an additional creature each combat."
"Beacon of Destiny",2,2,partial,"{T}: The next time a source of your choice would deal damage to you this turn, t"
"Eternal Dragon",2,2,partial,"Flying {3}{W}{W}: Return this card from your graveyard to your hand. Activate on"
"Rashel, Fist of Torm",2,2,partial,"Double strike Auras you control have exalted. (Whenever a creature you control a"
"Swallow Whole",2,2,partial,"As an additional cost to cast this spell, tap an untapped creature you control. "
"Scytheclaw",2,2,partial,"Living weapon (When this Equipment enters, create a 0/0 black Phyrexian Germ cre"
"Phelddagrif",2,2,partial,"{G}: Phelddagrif gains trample until end of turn. Target opponent creates a 1/1 "
"Tempting Wurm",2,2,partial,"When this creature enters, each opponent may put any number of artifact, creatur"
"Divine Gambit",2,2,partial,"Exile target artifact, creature, or enchantment an opponent controls. That playe"
"Hunted Wumpus",2,2,partial,"When this creature enters, each other player may put a creature card from their "
"Island Sanctuary",2,2,partial,"If you would draw a card during your draw step, instead you may skip that draw. "
"Chira, All In",2,2,partial,"Whenever you discard one or more cards at random, select one or more targets at "
"Bitter Ordeal",2,2,partial,"Search target player's library for a card and exile it. Then that player shuffle"
"Hostile Negotiations",2,2,partial,"Exile the top three cards of your library in a face-down pile, then exile the to"
"Kormus Bell",2,2,partial,"All Swamps are 1/1 black creatures that are still lands."
"It Doesn't Add Up",2,2,partial,"Return target creature card from your graveyard to the battlefield. Suspect it. "
"Akron Legionnaire",2,2,partial,"Except for creatures named Akron Legionnaire and artifact creatures, creatures y"
"Jinxed Idol",2,2,partial,"At the beginning of your upkeep, this artifact deals 2 damage to you. Sacrifice "
"As Luck Would Have It",2,2,partial,"Hexproof Whenever you roll a die, put a number of luck counters on this enchantm"
"Immovable Rod",2,2,partial,"You may choose not to untap this artifact during your untap step. Whenever this "
"The Day of the Doctor",2,2,partial,"(As this Saga enters and after your draw step, add a lore counter. Sacrifice aft"
"The Face of Boe",2,2,partial,"{T}: You may cast a spell with suspend from your hand. If you do, pay its suspen"
"Stasis",2,2,partial,"Players skip their untap steps. At the beginning of your upkeep, sacrifice this "
"Delif's Cone",2,2,partial,"{T}, Sacrifice this artifact: This turn, when target creature you control attack"
"Sigil of Distinction",2,2,partial,"This Equipment enters with X charge counters on it. Equipped creature gets +1/+1"
"Sizzling Soloist",2,2,partial,"Alliance — Whenever another creature you control enters, target creature an oppo"
"Cabaretti Confluence",2,2,partial,"Choose three. You may choose the same mode more than once. • Create a token that"
"M'Baku, Jabari Chieftain",2,2,partial,"At the beginning of your end step, if there is no monarch, target opponent becom"
"Crown of Flames",2,2,partial,"Enchant creature {R}: Enchanted creature gets +1/+0 until end of turn. {R}: Retu"
"Path of the Schemer",2,2,partial,"Each player mills two cards. Then you put a creature card from a graveyard onto "
"Chalice of Life // Chalice of Death",2,2,partial,"{T}: You gain 1 life. Then if you have at least 10 life more than your starting "
"The War in Heaven",2,2,partial,"(As this Saga enters and after your draw step, add a lore counter. Sacrifice aft"
"Twice Upon a Time // Unlikely Meeting",2,2,partial,"Cast this spell only if you control two or more Doctors. Take an extra turn afte"
"Pact of the Titan",2,2,partial,"Create a 4/4 red Giant creature token. At the beginning of your next upkeep, pay"
"Lighthouse Chronologist",2,2,partial,"Level up {U} ({U}: Put a level counter on this. Level up only as a sorcery.) LEV"
"Do or Die",2,2,partial,"Separate all creatures target player controls into two piles. Destroy all creatu"
"Kiku, Night's Flower",2,2,partial,"{2}{B}{B}, {T}: Target creature deals damage to itself equal to its power."
"Invasion of Muraganda // Primordial Plasm",2,2,partial,"(As a Siege enters, choose an opponent to protect it. You and others can attack "
"Sycorax Commander",2,2,partial,"First strike, haste Sanctified Rules of Combat — When this creature enters, each"
"The Master, Gallifrey's End",2,2,partial,"Make Them Pay — Whenever a nontoken artifact creature you control dies, you may "
"Changeling Berserker",2,2,partial,"Changeling (This card is every creature type.) Haste Champion a creature (When t"
"Interceptor Mechan",2,2,partial,"Flying When this creature enters, return target artifact or creature card from y"
"Vanguard's Shield",2,2,partial,"Equipped creature gets +0/+3 and can block an additional creature each combat. E"
"Blight Sickle",2,2,partial,"Equipped creature gets +1/+0 and has wither. (It deals damage to creatures in th"
"Rigging Runner",2,2,partial,"First strike Raid — This creature enters with a +1/+1 counter on it if you attac"
"Carapace",2,2,partial,"Enchant creature Enchanted creature gets +0/+2. Sacrifice this Aura: Regenerate "
"Hog-Monkey Rampage",2,2,partial,"Choose target creature you control and target creature an opponent controls. Put"
"Arashin Foremost",2,2,partial,"Double strike Whenever this creature enters or attacks, another target Warrior c"
"Black Panther, Most Dangerous",2,2,partial,"Whenever Black Panther is dealt damage, he deals that much damage to any other t"
"Borough Backup",2,2,partial,"Create two 3/2 white Hero creature tokens with vigilance. Basic landcycling {2} "
"Grand Master of Flowers",2,2,partial,"As long as Grand Master of Flowers has seven or more loyalty counters on him, he"
"Gather the Townsfolk",2,2,partial,"Create two 1/1 white Human creature tokens. Fateful hour — If you have 5 or less"
